round,mode,implementation,state,perf_profile,footprint_bytes,seed
0,prefetch_chain,scalar,warm,branch,65536,24301
0,prefetch_chain,scalar,warm,basic,5242880,24301
0,prefetch_chain,scalar,cache_evicted,branch,6291456,28397
0,prefetch_chain,scalar,warm,branch,536870912,24301
0,prefetch_chain,scalar,warm,branch,12582912,24301
0,prefetch_chain,scalar,warm,basic,131072,24301
0,prefetch_chain,scalar,warm,basic,4194304,24301
0,prefetch_chain,scalar,warm,basic,32768,24301
0,prefetch_chain,scalar,warm,branch,33554432,24301
0,prefetch_chain,scalar,warm,branch,16384,24301
0,prefetch_chain,scalar,warm,basic,1048576,24301
0,prefetch_chain,scalar,warm,basic,36864,24301
0,prefetch_chain,scalar,cache_evicted,branch,262144,28397
0,prefetch_chain,scalar,warm,branch,5242880,24301
0,prefetch_chain,scalar,warm,branch,262144,24301
0,prefetch_chain,scalar,cache_evicted,branch,536870912,28397
0,prefetch_chain,scalar,cache_evicted,branch,32768,28397
0,prefetch_chain,scalar,cache_evicted,basic,33554432,28397
0,prefetch_chain,scalar,warm,basic,262144,24301
0,prefetch_chain,scalar,warm,basic,12582912,24301
0,prefetch_chain,scalar,warm,branch,524288,24301
0,prefetch_chain,scalar,warm,branch,196608,24301
0,prefetch_chain,scalar,warm,branch,49152,24301
0,prefetch_chain,scalar,warm,basic,524288,24301
0,prefetch_chain,scalar,warm,basic,33554432,24301
0,prefetch_chain,scalar,warm,branch,4194304,24301
0,prefetch_chain,scalar,warm,basic,28672,24301
0,prefetch_chain,scalar,cache_evicted,branch,33554432,28397
0,prefetch_chain,scalar,warm,branch,24576,24301
0,prefetch_chain,scalar,warm,basic,196608,24301
0,prefetch_chain,scalar,warm,branch,1048576,24301
0,prefetch_chain,scalar,cache_evicted,basic,6291456,28397
0,prefetch_chain,scalar,warm,basic,393216,24301
0,prefetch_chain,scalar,warm,basic,98304,24301
0,prefetch_chain,scalar,cache_evicted,branch,1048576,28397
0,prefetch_chain,scalar,warm,branch,6291456,24301
0,prefetch_chain,scalar,cache_evicted,basic,262144,28397
0,prefetch_chain,scalar,warm,branch,28672,24301
0,prefetch_chain,scalar,warm,branch,8192,24301
0,prefetch_chain,scalar,cache_evicted,basic,32768,28397
0,prefetch_chain,scalar,warm,basic,65536,24301
0,prefetch_chain,scalar,warm,branch,32768,24301
0,prefetch_chain,scalar,warm,branch,294912,24301
0,prefetch_chain,scalar,warm,basic,8388608,24301
0,prefetch_chain,scalar,warm,basic,49152,24301
0,prefetch_chain,scalar,warm,basic,134217728,24301
0,prefetch_chain,scalar,warm,branch,98304,24301
0,prefetch_chain,scalar,warm,basic,536870912,24301
0,prefetch_chain,scalar,cache_evicted,branch,8388608,28397
0,prefetch_chain,scalar,warm,basic,7340032,24301
0,prefetch_chain,scalar,warm,branch,393216,24301
0,prefetch_chain,scalar,warm,basic,6291456,24301
0,prefetch_chain,scalar,cache_evicted,basic,8388608,28397
0,prefetch_chain,scalar,warm,basic,24576,24301
0,prefetch_chain,scalar,warm,branch,131072,24301
0,prefetch_chain,scalar,warm,branch,229376,24301
0,prefetch_chain,scalar,warm,basic,2097152,24301
0,prefetch_chain,scalar,warm,branch,36864,24301
0,prefetch_chain,scalar,cache_evicted,basic,1048576,28397
0,prefetch_chain,scalar,warm,branch,7340032,24301
0,prefetch_chain,scalar,warm,basic,294912,24301
0,prefetch_chain,scalar,warm,branch,2097152,24301
0,prefetch_chain,scalar,warm,basic,8192,24301
0,prefetch_chain,scalar,warm,basic,16384,24301
0,prefetch_chain,scalar,cache_evicted,basic,536870912,28397
0,prefetch_chain,scalar,warm,basic,229376,24301
0,prefetch_chain,scalar,warm,branch,134217728,24301
0,prefetch_chain,scalar,warm,branch,8388608,24301
1,prefetch_chain,scalar,warm,branch,393216,24302
1,prefetch_chain,scalar,warm,basic,294912,24302
1,prefetch_chain,scalar,warm,branch,262144,24302
1,prefetch_chain,scalar,cache_evicted,basic,6291456,28398
1,prefetch_chain,scalar,warm,branch,49152,24302
1,prefetch_chain,scalar,warm,branch,2097152,24302
1,prefetch_chain,scalar,cache_evicted,branch,536870912,28398
1,prefetch_chain,scalar,warm,branch,131072,24302
1,prefetch_chain,scalar,warm,basic,12582912,24302
1,prefetch_chain,scalar,warm,branch,1048576,24302
1,prefetch_chain,scalar,warm,basic,536870912,24302
1,prefetch_chain,scalar,warm,branch,65536,24302
1,prefetch_chain,scalar,warm,basic,32768,24302
1,prefetch_chain,scalar,warm,branch,28672,24302
1,prefetch_chain,scalar,warm,branch,536870912,24302
1,prefetch_chain,scalar,cache_evicted,basic,8388608,28398
1,prefetch_chain,scalar,warm,branch,7340032,24302
1,prefetch_chain,scalar,warm,basic,24576,24302
1,prefetch_chain,scalar,cache_evicted,branch,1048576,28398
1,prefetch_chain,scalar,warm,basic,98304,24302
1,prefetch_chain,scalar,warm,branch,524288,24302
1,prefetch_chain,scalar,warm,branch,16384,24302
1,prefetch_chain,scalar,warm,basic,262144,24302
1,prefetch_chain,scalar,warm,basic,8388608,24302
1,prefetch_chain,scalar,warm,basic,2097152,24302
1,prefetch_chain,scalar,cache_evicted,basic,262144,28398
1,prefetch_chain,scalar,cache_evicted,basic,33554432,28398
1,prefetch_chain,scalar,warm,basic,131072,24302
1,prefetch_chain,scalar,warm,basic,229376,24302
1,prefetch_chain,scalar,warm,basic,33554432,24302
1,prefetch_chain,scalar,warm,basic,5242880,24302
1,prefetch_chain,scalar,warm,basic,393216,24302
1,prefetch_chain,scalar,warm,basic,524288,24302
1,prefetch_chain,scalar,cache_evicted,branch,33554432,28398
1,prefetch_chain,scalar,warm,branch,229376,24302
1,prefetch_chain,scalar,warm,branch,196608,24302
1,prefetch_chain,scalar,warm,basic,8192,24302
1,prefetch_chain,scalar,warm,branch,36864,24302
1,prefetch_chain,scalar,cache_evicted,branch,262144,28398
1,prefetch_chain,scalar,warm,branch,6291456,24302
1,prefetch_chain,scalar,cache_evicted,basic,32768,28398
1,prefetch_chain,scalar,warm,basic,1048576,24302
1,prefetch_chain,scalar,warm,basic,16384,24302
1,prefetch_chain,scalar,warm,basic,134217728,24302
1,prefetch_chain,scalar,cache_evicted,branch,8388608,28398
1,prefetch_chain,scalar,warm,branch,32768,24302
1,prefetch_chain,scalar,warm,branch,8388608,24302
1,prefetch_chain,scalar,warm,branch,33554432,24302
1,prefetch_chain,scalar,warm,branch,98304,24302
1,prefetch_chain,scalar,warm,branch,5242880,24302
1,prefetch_chain,scalar,warm,branch,24576,24302
1,prefetch_chain,scalar,warm,basic,4194304,24302
1,prefetch_chain,scalar,cache_evicted,branch,32768,28398
1,prefetch_chain,scalar,warm,basic,6291456,24302
1,prefetch_chain,scalar,warm,basic,36864,24302
1,prefetch_chain,scalar,cache_evicted,basic,536870912,28398
1,prefetch_chain,scalar,warm,branch,8192,24302
1,prefetch_chain,scalar,warm,basic,49152,24302
1,prefetch_chain,scalar,warm,basic,196608,24302
1,prefetch_chain,scalar,warm,branch,4194304,24302
1,prefetch_chain,scalar,cache_evicted,basic,1048576,28398
1,prefetch_chain,scalar,warm,basic,7340032,24302
1,prefetch_chain,scalar,warm,branch,12582912,24302
1,prefetch_chain,scalar,warm,basic,65536,24302
1,prefetch_chain,scalar,warm,basic,28672,24302
1,prefetch_chain,scalar,warm,branch,294912,24302
1,prefetch_chain,scalar,warm,branch,134217728,24302
1,prefetch_chain,scalar,cache_evicted,branch,6291456,28398
2,prefetch_chain,scalar,warm,basic,2097152,24303
2,prefetch_chain,scalar,warm,basic,36864,24303
2,prefetch_chain,scalar,warm,branch,32768,24303
2,prefetch_chain,scalar,warm,basic,65536,24303
2,prefetch_chain,scalar,warm,branch,229376,24303
2,prefetch_chain,scalar,warm,basic,262144,24303
2,prefetch_chain,scalar,warm,basic,32768,24303
2,prefetch_chain,scalar,warm,branch,5242880,24303
2,prefetch_chain,scalar,warm,basic,1048576,24303
2,prefetch_chain,scalar,cache_evicted,basic,6291456,28399
2,prefetch_chain,scalar,warm,basic,6291456,24303
2,prefetch_chain,scalar,cache_evicted,basic,1048576,28399
2,prefetch_chain,scalar,warm,basic,49152,24303
2,prefetch_chain,scalar,warm,basic,229376,24303
2,prefetch_chain,scalar,warm,branch,134217728,24303
2,prefetch_chain,scalar,cache_evicted,basic,8388608,28399
2,prefetch_chain,scalar,warm,branch,4194304,24303
2,prefetch_chain,scalar,cache_evicted,branch,8388608,28399
2,prefetch_chain,scalar,warm,basic,196608,24303
2,prefetch_chain,scalar,warm,basic,4194304,24303
2,prefetch_chain,scalar,warm,branch,536870912,24303
2,prefetch_chain,scalar,warm,basic,134217728,24303
2,prefetch_chain,scalar,warm,branch,28672,24303
2,prefetch_chain,scalar,warm,basic,8388608,24303
2,prefetch_chain,scalar,warm,branch,16384,24303
2,prefetch_chain,scalar,warm,branch,8388608,24303
2,prefetch_chain,scalar,warm,branch,7340032,24303
2,prefetch_chain,scalar,warm,branch,6291456,24303
2,prefetch_chain,scalar,warm,branch,33554432,24303
2,prefetch_chain,scalar,cache_evicted,branch,32768,28399
2,prefetch_chain,scalar,cache_evicted,basic,33554432,28399
2,prefetch_chain,scalar,warm,basic,98304,24303
2,prefetch_chain,scalar,warm,branch,8192,24303
2,prefetch_chain,scalar,warm,branch,524288,24303
2,prefetch_chain,scalar,warm,branch,98304,24303
2,prefetch_chain,scalar,warm,branch,24576,24303
2,prefetch_chain,scalar,warm,basic,294912,24303
2,prefetch_chain,scalar,cache_evicted,basic,536870912,28399
2,prefetch_chain,scalar,cache_evicted,branch,536870912,28399
2,prefetch_chain,scalar,warm,branch,2097152,24303
2,prefetch_chain,scalar,warm,branch,196608,24303
2,prefetch_chain,scalar,warm,branch,393216,24303
2,prefetch_chain,scalar,warm,branch,1048576,24303
2,prefetch_chain,scalar,warm,branch,294912,24303
2,prefetch_chain,scalar,cache_evicted,basic,32768,28399
2,prefetch_chain,scalar,warm,basic,33554432,24303
2,prefetch_chain,scalar,warm,basic,5242880,24303
2,prefetch_chain,scalar,warm,basic,12582912,24303
2,prefetch_chain,scalar,warm,basic,524288,24303
2,prefetch_chain,scalar,warm,branch,262144,24303
2,prefetch_chain,scalar,warm,basic,28672,24303
2,prefetch_chain,scalar,warm,basic,7340032,24303
2,prefetch_chain,scalar,cache_evicted,branch,6291456,28399
2,prefetch_chain,scalar,warm,basic,16384,24303
2,prefetch_chain,scalar,warm,basic,131072,24303
2,prefetch_chain,scalar,warm,branch,65536,24303
2,prefetch_chain,scalar,cache_evicted,branch,1048576,28399
2,prefetch_chain,scalar,cache_evicted,branch,33554432,28399
2,prefetch_chain,scalar,cache_evicted,basic,262144,28399
2,prefetch_chain,scalar,warm,basic,536870912,24303
2,prefetch_chain,scalar,warm,basic,24576,24303
2,prefetch_chain,scalar,warm,branch,131072,24303
2,prefetch_chain,scalar,warm,branch,36864,24303
2,prefetch_chain,scalar,cache_evicted,branch,262144,28399
2,prefetch_chain,scalar,warm,branch,49152,24303
2,prefetch_chain,scalar,warm,basic,8192,24303
2,prefetch_chain,scalar,warm,branch,12582912,24303
2,prefetch_chain,scalar,warm,basic,393216,24303
3,prefetch_chain,scalar,warm,branch,6291456,24304
3,prefetch_chain,scalar,warm,branch,294912,24304
3,prefetch_chain,scalar,warm,basic,8388608,24304
3,prefetch_chain,scalar,cache_evicted,basic,262144,28400
3,prefetch_chain,scalar,cache_evicted,branch,1048576,28400
3,prefetch_chain,scalar,warm,basic,196608,24304
3,prefetch_chain,scalar,cache_evicted,basic,536870912,28400
3,prefetch_chain,scalar,warm,branch,16384,24304
3,prefetch_chain,scalar,warm,basic,7340032,24304
3,prefetch_chain,scalar,warm,branch,98304,24304
3,prefetch_chain,scalar,warm,branch,49152,24304
3,prefetch_chain,scalar,warm,basic,2097152,24304
3,prefetch_chain,scalar,warm,basic,536870912,24304
3,prefetch_chain,scalar,warm,branch,33554432,24304
3,prefetch_chain,scalar,cache_evicted,basic,8388608,28400
3,prefetch_chain,scalar,warm,basic,32768,24304
3,prefetch_chain,scalar,warm,basic,98304,24304
3,prefetch_chain,scalar,cache_evicted,branch,536870912,28400
3,prefetch_chain,scalar,warm,basic,393216,24304
3,prefetch_chain,scalar,warm,basic,131072,24304
3,prefetch_chain,scalar,warm,branch,229376,24304
3,prefetch_chain,scalar,cache_evicted,basic,32768,28400
3,prefetch_chain,scalar,cache_evicted,branch,8388608,28400
3,prefetch_chain,scalar,warm,basic,36864,24304
3,prefetch_chain,scalar,cache_evicted,basic,1048576,28400
3,prefetch_chain,scalar,warm,basic,262144,24304
3,prefetch_chain,scalar,warm,branch,28672,24304
3,prefetch_chain,scalar,warm,basic,6291456,24304
3,prefetch_chain,scalar,warm,basic,524288,24304
3,prefetch_chain,scalar,cache_evicted,branch,262144,28400
3,prefetch_chain,scalar,warm,basic,49152,24304
3,prefetch_chain,scalar,warm,branch,8388608,24304
3,prefetch_chain,scalar,warm,basic,5242880,24304
3,prefetch_chain,scalar,warm,branch,4194304,24304
3,prefetch_chain,scalar,warm,basic,294912,24304
3,prefetch_chain,scalar,cache_evicted,branch,33554432,28400
3,prefetch_chain,scalar,warm,basic,229376,24304
3,prefetch_chain,scalar,warm,branch,12582912,24304
3,prefetch_chain,scalar,warm,branch,24576,24304
3,prefetch_chain,scalar,warm,basic,33554432,24304
3,prefetch_chain,scalar,warm,branch,536870912,24304
3,prefetch_chain,scalar,warm,basic,65536,24304
3,prefetch_chain,scalar,warm,branch,393216,24304
3,prefetch_chain,scalar,warm,branch,8192,24304
3,prefetch_chain,scalar,cache_evicted,branch,6291456,28400
3,prefetch_chain,scalar,warm,branch,131072,24304
3,prefetch_chain,scalar,warm,branch,134217728,24304
3,prefetch_chain,scalar,warm,basic,1048576,24304
3,prefetch_chain,scalar,cache_evicted,basic,6291456,28400
3,prefetch_chain,scalar,cache_evicted,branch,32768,28400
3,prefetch_chain,scalar,warm,branch,32768,24304
3,prefetch_chain,scalar,warm,branch,524288,24304
3,prefetch_chain,scalar,warm,basic,8192,24304
3,prefetch_chain,scalar,warm,branch,2097152,24304
3,prefetch_chain,scalar,warm,basic,134217728,24304
3,prefetch_chain,scalar,warm,basic,16384,24304
3,prefetch_chain,scalar,warm,branch,1048576,24304
3,prefetch_chain,scalar,warm,branch,36864,24304
3,prefetch_chain,scalar,warm,basic,4194304,24304
3,prefetch_chain,scalar,warm,branch,262144,24304
3,prefetch_chain,scalar,warm,branch,5242880,24304
3,prefetch_chain,scalar,warm,branch,65536,24304
3,prefetch_chain,scalar,warm,branch,196608,24304
3,prefetch_chain,scalar,warm,basic,12582912,24304
3,prefetch_chain,scalar,cache_evicted,basic,33554432,28400
3,prefetch_chain,scalar,warm,branch,7340032,24304
3,prefetch_chain,scalar,warm,basic,28672,24304
3,prefetch_chain,scalar,warm,basic,24576,24304
4,prefetch_chain,scalar,warm,branch,229376,24305
4,prefetch_chain,scalar,warm,branch,24576,24305
4,prefetch_chain,scalar,warm,branch,536870912,24305
4,prefetch_chain,scalar,warm,basic,36864,24305
4,prefetch_chain,scalar,warm,basic,294912,24305
4,prefetch_chain,scalar,warm,basic,4194304,24305
4,prefetch_chain,scalar,warm,branch,7340032,24305
4,prefetch_chain,scalar,warm,branch,134217728,24305
4,prefetch_chain,scalar,cache_evicted,branch,536870912,28401
4,prefetch_chain,scalar,warm,branch,4194304,24305
4,prefetch_chain,scalar,warm,basic,131072,24305
4,prefetch_chain,scalar,cache_evicted,branch,8388608,28401
4,prefetch_chain,scalar,warm,branch,12582912,24305
4,prefetch_chain,scalar,warm,basic,7340032,24305
4,prefetch_chain,scalar,warm,basic,134217728,24305
4,prefetch_chain,scalar,warm,branch,33554432,24305
4,prefetch_chain,scalar,cache_evicted,basic,536870912,28401
4,prefetch_chain,scalar,warm,basic,524288,24305
4,prefetch_chain,scalar,warm,branch,32768,24305
4,prefetch_chain,scalar,warm,branch,5242880,24305
4,prefetch_chain,scalar,warm,basic,65536,24305
4,prefetch_chain,scalar,warm,basic,16384,24305
4,prefetch_chain,scalar,warm,branch,294912,24305
4,prefetch_chain,scalar,warm,branch,524288,24305
4,prefetch_chain,scalar,cache_evicted,branch,32768,28401
4,prefetch_chain,scalar,warm,basic,98304,24305
4,prefetch_chain,scalar,warm,basic,28672,24305
4,prefetch_chain,scalar,cache_evicted,branch,1048576,28401
4,prefetch_chain,scalar,warm,basic,536870912,24305
4,prefetch_chain,scalar,warm,branch,2097152,24305
4,prefetch_chain,scalar,warm,basic,49152,24305
4,prefetch_chain,scalar,cache_evicted,branch,6291456,28401
4,prefetch_chain,scalar,warm,branch,6291456,24305
4,prefetch_chain,scalar,cache_evicted,branch,262144,28401
4,prefetch_chain,scalar,warm,branch,36864,24305
4,prefetch_chain,scalar,cache_evicted,basic,8388608,28401
4,prefetch_chain,scalar,warm,branch,49152,24305
4,prefetch_chain,scalar,warm,basic,262144,24305
4,prefetch_chain,scalar,warm,basic,229376,24305
4,prefetch_chain,scalar,warm,branch,131072,24305
4,prefetch_chain,scalar,warm,branch,16384,24305
4,prefetch_chain,scalar,warm,basic,33554432,24305
4,prefetch_chain,scalar,warm,basic,24576,24305
4,prefetch_chain,scalar,warm,branch,8192,24305
4,prefetch_chain,scalar,cache_evicted,basic,32768,28401
4,prefetch_chain,scalar,warm,basic,196608,24305
4,prefetch_chain,scalar,cache_evicted,basic,33554432,28401
4,prefetch_chain,scalar,warm,basic,8192,24305
4,prefetch_chain,scalar,warm,basic,6291456,24305
4,prefetch_chain,scalar,warm,branch,1048576,24305
4,prefetch_chain,scalar,cache_evicted,basic,262144,28401
4,prefetch_chain,scalar,warm,branch,8388608,24305
4,prefetch_chain,scalar,warm,branch,262144,24305
4,prefetch_chain,scalar,cache_evicted,branch,33554432,28401
4,prefetch_chain,scalar,warm,basic,2097152,24305
4,prefetch_chain,scalar,warm,basic,393216,24305
4,prefetch_chain,scalar,warm,branch,65536,24305
4,prefetch_chain,scalar,warm,basic,12582912,24305
4,prefetch_chain,scalar,warm,basic,5242880,24305
4,prefetch_chain,scalar,warm,basic,32768,24305
4,prefetch_chain,scalar,cache_evicted,basic,1048576,28401
4,prefetch_chain,scalar,cache_evicted,basic,6291456,28401
4,prefetch_chain,scalar,warm,branch,393216,24305
4,prefetch_chain,scalar,warm,branch,196608,24305
4,prefetch_chain,scalar,warm,branch,28672,24305
4,prefetch_chain,scalar,warm,basic,8388608,24305
4,prefetch_chain,scalar,warm,basic,1048576,24305
4,prefetch_chain,scalar,warm,branch,98304,24305
5,prefetch_chain,scalar,warm,basic,393216,24306
5,prefetch_chain,scalar,warm,basic,131072,24306
5,prefetch_chain,scalar,warm,branch,2097152,24306
5,prefetch_chain,scalar,warm,basic,229376,24306
5,prefetch_chain,scalar,warm,basic,4194304,24306
5,prefetch_chain,scalar,warm,basic,134217728,24306
5,prefetch_chain,scalar,warm,basic,16384,24306
5,prefetch_chain,scalar,warm,branch,12582912,24306
5,prefetch_chain,scalar,warm,basic,536870912,24306
5,prefetch_chain,scalar,cache_evicted,basic,1048576,28402
5,prefetch_chain,scalar,warm,basic,98304,24306
5,prefetch_chain,scalar,warm,basic,32768,24306
5,prefetch_chain,scalar,cache_evicted,branch,8388608,28402
5,prefetch_chain,scalar,warm,branch,32768,24306
5,prefetch_chain,scalar,cache_evicted,branch,262144,28402
5,prefetch_chain,scalar,warm,basic,262144,24306
5,prefetch_chain,scalar,warm,branch,36864,24306
5,prefetch_chain,scalar,warm,basic,196608,24306
5,prefetch_chain,scalar,warm,basic,8388608,24306
5,prefetch_chain,scalar,warm,branch,131072,24306
5,prefetch_chain,scalar,cache_evicted,basic,8388608,28402
5,prefetch_chain,scalar,warm,branch,294912,24306
5,prefetch_chain,scalar,cache_evicted,basic,262144,28402
5,prefetch_chain,scalar,warm,branch,262144,24306
5,prefetch_chain,scalar,warm,basic,8192,24306
5,prefetch_chain,scalar,warm,branch,196608,24306
5,prefetch_chain,scalar,cache_evicted,basic,536870912,28402
5,prefetch_chain,scalar,warm,basic,28672,24306
5,prefetch_chain,scalar,warm,basic,524288,24306
5,prefetch_chain,scalar,warm,basic,5242880,24306
5,prefetch_chain,scalar,warm,branch,65536,24306
5,prefetch_chain,scalar,warm,branch,536870912,24306
5,prefetch_chain,scalar,cache_evicted,branch,32768,28402
5,prefetch_chain,scalar,cache_evicted,branch,33554432,28402
5,prefetch_chain,scalar,warm,branch,49152,24306
5,prefetch_chain,scalar,cache_evicted,branch,536870912,28402
5,prefetch_chain,scalar,warm,branch,98304,24306
5,prefetch_chain,scalar,warm,basic,36864,24306
5,prefetch_chain,scalar,warm,branch,6291456,24306
5,prefetch_chain,scalar,warm,branch,4194304,24306
5,prefetch_chain,scalar,warm,branch,33554432,24306
5,prefetch_chain,scalar,warm,branch,7340032,24306
5,prefetch_chain,scalar,warm,branch,8388608,24306
5,prefetch_chain,scalar,warm,basic,49152,24306
5,prefetch_chain,scalar,warm,branch,229376,24306
5,prefetch_chain,scalar,warm,branch,28672,24306
5,prefetch_chain,scalar,cache_evicted,branch,1048576,28402
5,prefetch_chain,scalar,warm,branch,393216,24306
5,prefetch_chain,scalar,warm,basic,294912,24306
5,prefetch_chain,scalar,cache_evicted,branch,6291456,28402
5,prefetch_chain,scalar,warm,basic,2097152,24306
5,prefetch_chain,scalar,warm,branch,16384,24306
5,prefetch_chain,scalar,warm,basic,65536,24306
5,prefetch_chain,scalar,cache_evicted,basic,6291456,28402
5,prefetch_chain,scalar,warm,basic,33554432,24306
5,prefetch_chain,scalar,warm,basic,7340032,24306
5,prefetch_chain,scalar,warm,branch,5242880,24306
5,prefetch_chain,scalar,cache_evicted,basic,33554432,28402
5,prefetch_chain,scalar,warm,basic,12582912,24306
5,prefetch_chain,scalar,warm,branch,134217728,24306
5,prefetch_chain,scalar,cache_evicted,basic,32768,28402
5,prefetch_chain,scalar,warm,branch,1048576,24306
5,prefetch_chain,scalar,warm,branch,524288,24306
5,prefetch_chain,scalar,warm,basic,6291456,24306
5,prefetch_chain,scalar,warm,basic,1048576,24306
5,prefetch_chain,scalar,warm,basic,24576,24306
5,prefetch_chain,scalar,warm,branch,24576,24306
5,prefetch_chain,scalar,warm,branch,8192,24306
6,prefetch_chain,scalar,cache_evicted,basic,6291456,28403
6,prefetch_chain,scalar,warm,branch,24576,24307
6,prefetch_chain,scalar,warm,basic,131072,24307
6,prefetch_chain,scalar,warm,basic,6291456,24307
6,prefetch_chain,scalar,warm,branch,32768,24307
6,prefetch_chain,scalar,cache_evicted,basic,8388608,28403
6,prefetch_chain,scalar,warm,branch,49152,24307
6,prefetch_chain,scalar,cache_evicted,branch,33554432,28403
6,prefetch_chain,scalar,warm,basic,134217728,24307
6,prefetch_chain,scalar,warm,basic,7340032,24307
6,prefetch_chain,scalar,cache_evicted,branch,6291456,28403
6,prefetch_chain,scalar,warm,branch,8388608,24307
6,prefetch_chain,scalar,warm,branch,28672,24307
6,prefetch_chain,scalar,warm,branch,12582912,24307
6,prefetch_chain,scalar,warm,basic,2097152,24307
6,prefetch_chain,scalar,cache_evicted,branch,536870912,28403
6,prefetch_chain,scalar,warm,branch,196608,24307
6,prefetch_chain,scalar,warm,branch,536870912,24307
6,prefetch_chain,scalar,warm,basic,524288,24307
6,prefetch_chain,scalar,warm,basic,24576,24307
6,prefetch_chain,scalar,cache_evicted,branch,32768,28403
6,prefetch_chain,scalar,warm,basic,65536,24307
6,prefetch_chain,scalar,warm,branch,36864,24307
6,prefetch_chain,scalar,warm,basic,8192,24307
6,prefetch_chain,scalar,warm,basic,32768,24307
6,prefetch_chain,scalar,warm,basic,16384,24307
6,prefetch_chain,scalar,warm,basic,294912,24307
6,prefetch_chain,scalar,warm,basic,12582912,24307
6,prefetch_chain,scalar,warm,basic,33554432,24307
6,prefetch_chain,scalar,warm,basic,8388608,24307
6,prefetch_chain,scalar,warm,branch,6291456,24307
6,prefetch_chain,scalar,cache_evicted,basic,1048576,28403
6,prefetch_chain,scalar,warm,basic,28672,24307
6,prefetch_chain,scalar,warm,branch,294912,24307
6,prefetch_chain,scalar,warm,branch,393216,24307
6,prefetch_chain,scalar,warm,branch,5242880,24307
6,prefetch_chain,scalar,warm,branch,98304,24307
6,prefetch_chain,scalar,warm,basic,196608,24307
6,prefetch_chain,scalar,warm,basic,4194304,24307
6,prefetch_chain,scalar,warm,branch,229376,24307
6,prefetch_chain,scalar,warm,branch,1048576,24307
6,prefetch_chain,scalar,warm,branch,131072,24307
6,prefetch_chain,scalar,cache_evicted,branch,262144,28403
6,prefetch_chain,scalar,warm,basic,393216,24307
6,prefetch_chain,scalar,warm,branch,4194304,24307
6,prefetch_chain,scalar,warm,basic,49152,24307
6,prefetch_chain,scalar,warm,basic,5242880,24307
6,prefetch_chain,scalar,cache_evicted,basic,262144,28403
6,prefetch_chain,scalar,warm,branch,262144,24307
6,prefetch_chain,scalar,warm,branch,524288,24307
6,prefetch_chain,scalar,warm,branch,7340032,24307
6,prefetch_chain,scalar,cache_evicted,basic,536870912,28403
6,prefetch_chain,scalar,warm,branch,134217728,24307
6,prefetch_chain,scalar,warm,basic,536870912,24307
6,prefetch_chain,scalar,cache_evicted,branch,8388608,28403
6,prefetch_chain,scalar,warm,branch,2097152,24307
6,prefetch_chain,scalar,warm,branch,33554432,24307
6,prefetch_chain,scalar,warm,branch,65536,24307
6,prefetch_chain,scalar,warm,basic,229376,24307
6,prefetch_chain,scalar,cache_evicted,basic,33554432,28403
6,prefetch_chain,scalar,warm,basic,98304,24307
6,prefetch_chain,scalar,warm,basic,262144,24307
6,prefetch_chain,scalar,warm,basic,36864,24307
6,prefetch_chain,scalar,cache_evicted,basic,32768,28403
6,prefetch_chain,scalar,warm,basic,1048576,24307
6,prefetch_chain,scalar,cache_evicted,branch,1048576,28403
6,prefetch_chain,scalar,warm,branch,8192,24307
6,prefetch_chain,scalar,warm,branch,16384,24307
7,prefetch_chain,scalar,warm,basic,8192,24308
7,prefetch_chain,scalar,warm,branch,536870912,24308
7,prefetch_chain,scalar,warm,branch,7340032,24308
7,prefetch_chain,scalar,warm,basic,6291456,24308
7,prefetch_chain,scalar,warm,basic,393216,24308
7,prefetch_chain,scalar,cache_evicted,branch,6291456,28404
7,prefetch_chain,scalar,cache_evicted,branch,8388608,28404
7,prefetch_chain,scalar,cache_evicted,basic,33554432,28404
7,prefetch_chain,scalar,warm,basic,16384,24308
7,prefetch_chain,scalar,cache_evicted,branch,1048576,28404
7,prefetch_chain,scalar,cache_evicted,basic,32768,28404
7,prefetch_chain,scalar,warm,basic,196608,24308
7,prefetch_chain,scalar,warm,branch,134217728,24308
7,prefetch_chain,scalar,warm,basic,98304,24308
7,prefetch_chain,scalar,warm,basic,294912,24308
7,prefetch_chain,scalar,cache_evicted,basic,1048576,28404
7,prefetch_chain,scalar,warm,branch,8192,24308
7,prefetch_chain,scalar,warm,branch,2097152,24308
7,prefetch_chain,scalar,warm,branch,98304,24308
7,prefetch_chain,scalar,cache_evicted,branch,262144,28404
7,prefetch_chain,scalar,cache_evicted,basic,6291456,28404
7,prefetch_chain,scalar,warm,basic,24576,24308
7,prefetch_chain,scalar,cache_evicted,basic,536870912,28404
7,prefetch_chain,scalar,warm,branch,32768,24308
7,prefetch_chain,scalar,cache_evicted,branch,536870912,28404
7,prefetch_chain,scalar,warm,basic,12582912,24308
7,prefetch_chain,scalar,warm,branch,229376,24308
7,prefetch_chain,scalar,warm,branch,196608,24308
7,prefetch_chain,scalar,warm,basic,262144,24308
7,prefetch_chain,scalar,warm,basic,131072,24308
7,prefetch_chain,scalar,warm,basic,1048576,24308
7,prefetch_chain,scalar,warm,branch,4194304,24308
7,prefetch_chain,scalar,warm,basic,536870912,24308
7,prefetch_chain,scalar,warm,basic,32768,24308
7,prefetch_chain,scalar,warm,basic,33554432,24308
7,prefetch_chain,scalar,cache_evicted,basic,262144,28404
7,prefetch_chain,scalar,warm,basic,7340032,24308
7,prefetch_chain,scalar,warm,basic,65536,24308
7,prefetch_chain,scalar,warm,branch,8388608,24308
7,prefetch_chain,scalar,warm,basic,524288,24308
7,prefetch_chain,scalar,warm,branch,294912,24308
7,prefetch_chain,scalar,warm,branch,524288,24308
7,prefetch_chain,scalar,warm,branch,36864,24308
7,prefetch_chain,scalar,warm,basic,4194304,24308
7,prefetch_chain,scalar,warm,branch,33554432,24308
7,prefetch_chain,scalar,warm,basic,8388608,24308
7,prefetch_chain,scalar,warm,branch,12582912,24308
7,prefetch_chain,scalar,warm,basic,28672,24308
7,prefetch_chain,scalar,cache_evicted,branch,33554432,28404
7,prefetch_chain,scalar,warm,branch,5242880,24308
7,prefetch_chain,scalar,warm,branch,1048576,24308
7,prefetch_chain,scalar,warm,branch,262144,24308
7,prefetch_chain,scalar,warm,branch,65536,24308
7,prefetch_chain,scalar,warm,branch,49152,24308
7,prefetch_chain,scalar,warm,basic,134217728,24308
7,prefetch_chain,scalar,warm,branch,393216,24308
7,prefetch_chain,scalar,warm,basic,2097152,24308
7,prefetch_chain,scalar,warm,basic,229376,24308
7,prefetch_chain,scalar,warm,branch,28672,24308
7,prefetch_chain,scalar,cache_evicted,branch,32768,28404
7,prefetch_chain,scalar,warm,branch,131072,24308
7,prefetch_chain,scalar,cache_evicted,basic,8388608,28404
7,prefetch_chain,scalar,warm,basic,36864,24308
7,prefetch_chain,scalar,warm,branch,24576,24308
7,prefetch_chain,scalar,warm,branch,16384,24308
7,prefetch_chain,scalar,warm,basic,5242880,24308
7,prefetch_chain,scalar,warm,basic,49152,24308
7,prefetch_chain,scalar,warm,branch,6291456,24308
8,prefetch_chain,scalar,warm,basic,393216,24309
8,prefetch_chain,scalar,cache_evicted,basic,1048576,28405
8,prefetch_chain,scalar,warm,branch,2097152,24309
8,prefetch_chain,scalar,cache_evicted,branch,6291456,28405
8,prefetch_chain,scalar,cache_evicted,basic,536870912,28405
8,prefetch_chain,scalar,warm,basic,33554432,24309
8,prefetch_chain,scalar,warm,basic,36864,24309
8,prefetch_chain,scalar,warm,basic,4194304,24309
8,prefetch_chain,scalar,warm,basic,24576,24309
8,prefetch_chain,scalar,warm,branch,131072,24309
8,prefetch_chain,scalar,warm,branch,294912,24309
8,prefetch_chain,scalar,warm,branch,16384,24309
8,prefetch_chain,scalar,cache_evicted,branch,33554432,28405
8,prefetch_chain,scalar,warm,branch,5242880,24309
8,prefetch_chain,scalar,warm,branch,36864,24309
8,prefetch_chain,scalar,cache_evicted,basic,32768,28405
8,prefetch_chain,scalar,warm,branch,393216,24309
8,prefetch_chain,scalar,warm,basic,12582912,24309
8,prefetch_chain,scalar,warm,basic,536870912,24309
8,prefetch_chain,scalar,warm,basic,2097152,24309
8,prefetch_chain,scalar,warm,branch,6291456,24309
8,prefetch_chain,scalar,cache_evicted,basic,6291456,28405
8,prefetch_chain,scalar,cache_evicted,basic,8388608,28405
8,prefetch_chain,scalar,warm,basic,8192,24309
8,prefetch_chain,scalar,warm,basic,6291456,24309
8,prefetch_chain,scalar,warm,branch,524288,24309
8,prefetch_chain,scalar,warm,branch,8388608,24309
8,prefetch_chain,scalar,warm,branch,65536,24309
8,prefetch_chain,scalar,warm,basic,134217728,24309
8,prefetch_chain,scalar,warm,basic,65536,24309
8,prefetch_chain,scalar,cache_evicted,branch,536870912,28405
8,prefetch_chain,scalar,cache_evicted,basic,33554432,28405
8,prefetch_chain,scalar,warm,branch,32768,24309
8,prefetch_chain,scalar,warm,basic,5242880,24309
8,prefetch_chain,scalar,warm,branch,229376,24309
8,prefetch_chain,scalar,warm,basic,49152,24309
8,prefetch_chain,scalar,warm,branch,8192,24309
8,prefetch_chain,scalar,warm,basic,262144,24309
8,prefetch_chain,scalar,cache_evicted,branch,1048576,28405
8,prefetch_chain,scalar,warm,branch,1048576,24309
8,prefetch_chain,scalar,warm,basic,32768,24309
8,prefetch_chain,scalar,warm,branch,28672,24309
8,prefetch_chain,scalar,warm,basic,131072,24309
8,prefetch_chain,scalar,cache_evicted,basic,262144,28405
8,prefetch_chain,scalar,warm,basic,196608,24309
8,prefetch_chain,scalar,warm,branch,4194304,24309
8,prefetch_chain,scalar,warm,branch,134217728,24309
8,prefetch_chain,scalar,warm,branch,196608,24309
8,prefetch_chain,scalar,warm,branch,7340032,24309
8,prefetch_chain,scalar,warm,branch,98304,24309
8,prefetch_chain,scalar,cache_evicted,branch,8388608,28405
8,prefetch_chain,scalar,warm,basic,524288,24309
8,prefetch_chain,scalar,warm,basic,8388608,24309
8,prefetch_chain,scalar,warm,basic,229376,24309
8,prefetch_chain,scalar,warm,basic,7340032,24309
8,prefetch_chain,scalar,cache_evicted,branch,262144,28405
8,prefetch_chain,scalar,warm,branch,536870912,24309
8,prefetch_chain,scalar,warm,basic,16384,24309
8,prefetch_chain,scalar,warm,basic,28672,24309
8,prefetch_chain,scalar,cache_evicted,branch,32768,28405
8,prefetch_chain,scalar,warm,branch,24576,24309
8,prefetch_chain,scalar,warm,branch,262144,24309
8,prefetch_chain,scalar,warm,basic,1048576,24309
8,prefetch_chain,scalar,warm,basic,98304,24309
8,prefetch_chain,scalar,warm,branch,12582912,24309
8,prefetch_chain,scalar,warm,basic,294912,24309
8,prefetch_chain,scalar,warm,branch,49152,24309
8,prefetch_chain,scalar,warm,branch,33554432,24309
9,prefetch_chain,scalar,cache_evicted,basic,262144,28406
9,prefetch_chain,scalar,warm,branch,1048576,24310
9,prefetch_chain,scalar,warm,basic,8388608,24310
9,prefetch_chain,scalar,warm,branch,4194304,24310
9,prefetch_chain,scalar,warm,basic,65536,24310
9,prefetch_chain,scalar,warm,basic,8192,24310
9,prefetch_chain,scalar,warm,basic,134217728,24310
9,prefetch_chain,scalar,warm,branch,65536,24310
9,prefetch_chain,scalar,warm,branch,262144,24310
9,prefetch_chain,scalar,warm,basic,524288,24310
9,prefetch_chain,scalar,warm,branch,8388608,24310
9,prefetch_chain,scalar,cache_evicted,branch,1048576,28406
9,prefetch_chain,scalar,warm,branch,536870912,24310
9,prefetch_chain,scalar,cache_evicted,branch,32768,28406
9,prefetch_chain,scalar,warm,basic,16384,24310
9,prefetch_chain,scalar,warm,branch,32768,24310
9,prefetch_chain,scalar,warm,basic,4194304,24310
9,prefetch_chain,scalar,cache_evicted,basic,33554432,28406
9,prefetch_chain,scalar,warm,basic,294912,24310
9,prefetch_chain,scalar,warm,basic,6291456,24310
9,prefetch_chain,scalar,cache_evicted,basic,8388608,28406
9,prefetch_chain,scalar,warm,branch,36864,24310
9,prefetch_chain,scalar,cache_evicted,branch,33554432,28406
9,prefetch_chain,scalar,warm,basic,5242880,24310
9,prefetch_chain,scalar,warm,basic,262144,24310
9,prefetch_chain,scalar,warm,basic,7340032,24310
9,prefetch_chain,scalar,warm,branch,16384,24310
9,prefetch_chain,scalar,warm,branch,7340032,24310
9,prefetch_chain,scalar,warm,branch,2097152,24310
9,prefetch_chain,scalar,warm,basic,36864,24310
9,prefetch_chain,scalar,warm,branch,294912,24310
9,prefetch_chain,scalar,warm,basic,98304,24310
9,prefetch_chain,scalar,warm,basic,1048576,24310
9,prefetch_chain,scalar,warm,branch,5242880,24310
9,prefetch_chain,scalar,warm,basic,536870912,24310
9,prefetch_chain,scalar,cache_evicted,basic,6291456,28406
9,prefetch_chain,scalar,warm,branch,28672,24310
9,prefetch_chain,scalar,warm,branch,8192,24310
9,prefetch_chain,scalar,warm,basic,196608,24310
9,prefetch_chain,scalar,cache_evicted,branch,536870912,28406
9,prefetch_chain,scalar,cache_evicted,branch,6291456,28406
9,prefetch_chain,scalar,warm,branch,134217728,24310
9,prefetch_chain,scalar,cache_evicted,basic,32768,28406
9,prefetch_chain,scalar,warm,basic,131072,24310
9,prefetch_chain,scalar,warm,basic,393216,24310
9,prefetch_chain,scalar,warm,basic,28672,24310
9,prefetch_chain,scalar,warm,basic,2097152,24310
9,prefetch_chain,scalar,warm,branch,49152,24310
9,prefetch_chain,scalar,warm,branch,196608,24310
9,prefetch_chain,scalar,warm,branch,131072,24310
9,prefetch_chain,scalar,cache_evicted,basic,1048576,28406
9,prefetch_chain,scalar,warm,branch,393216,24310
9,prefetch_chain,scalar,cache_evicted,basic,536870912,28406
9,prefetch_chain,scalar,warm,branch,98304,24310
9,prefetch_chain,scalar,warm,branch,33554432,24310
9,prefetch_chain,scalar,cache_evicted,branch,262144,28406
9,prefetch_chain,scalar,warm,basic,229376,24310
9,prefetch_chain,scalar,warm,branch,229376,24310
9,prefetch_chain,scalar,warm,branch,24576,24310
9,prefetch_chain,scalar,warm,basic,33554432,24310
9,prefetch_chain,scalar,cache_evicted,branch,8388608,28406
9,prefetch_chain,scalar,warm,basic,12582912,24310
9,prefetch_chain,scalar,warm,basic,24576,24310
9,prefetch_chain,scalar,warm,branch,524288,24310
9,prefetch_chain,scalar,warm,branch,12582912,24310
9,prefetch_chain,scalar,warm,basic,32768,24310
9,prefetch_chain,scalar,warm,basic,49152,24310
9,prefetch_chain,scalar,warm,branch,6291456,24310
10,prefetch_chain,scalar,warm,basic,49152,24311
10,prefetch_chain,scalar,cache_evicted,branch,6291456,28407
10,prefetch_chain,scalar,warm,basic,33554432,24311
10,prefetch_chain,scalar,warm,branch,8192,24311
10,prefetch_chain,scalar,cache_evicted,branch,536870912,28407
10,prefetch_chain,scalar,cache_evicted,basic,1048576,28407
10,prefetch_chain,scalar,warm,branch,12582912,24311
10,prefetch_chain,scalar,warm,branch,33554432,24311
10,prefetch_chain,scalar,cache_evicted,branch,1048576,28407
10,prefetch_chain,scalar,warm,branch,98304,24311
10,prefetch_chain,scalar,warm,basic,12582912,24311
10,prefetch_chain,scalar,warm,basic,524288,24311
10,prefetch_chain,scalar,warm,basic,4194304,24311
10,prefetch_chain,scalar,warm,branch,24576,24311
10,prefetch_chain,scalar,warm,basic,2097152,24311
10,prefetch_chain,scalar,warm,basic,6291456,24311
10,prefetch_chain,scalar,warm,branch,262144,24311
10,prefetch_chain,scalar,warm,basic,16384,24311
10,prefetch_chain,scalar,warm,branch,28672,24311
10,prefetch_chain,scalar,cache_evicted,branch,33554432,28407
10,prefetch_chain,scalar,warm,basic,24576,24311
10,prefetch_chain,scalar,warm,branch,49152,24311
10,prefetch_chain,scalar,warm,basic,98304,24311
10,prefetch_chain,scalar,warm,branch,4194304,24311
10,prefetch_chain,scalar,warm,basic,294912,24311
10,prefetch_chain,scalar,warm,branch,6291456,24311
10,prefetch_chain,scalar,cache_evicted,basic,262144,28407
10,prefetch_chain,scalar,warm,basic,65536,24311
10,prefetch_chain,scalar,warm,basic,196608,24311
10,prefetch_chain,scalar,warm,basic,131072,24311
10,prefetch_chain,scalar,warm,basic,229376,24311
10,prefetch_chain,scalar,warm,basic,7340032,24311
10,prefetch_chain,scalar,warm,basic,5242880,24311
10,prefetch_chain,scalar,warm,branch,229376,24311
10,prefetch_chain,scalar,cache_evicted,basic,536870912,28407
10,prefetch_chain,scalar,cache_evicted,basic,8388608,28407
10,prefetch_chain,scalar,warm,basic,262144,24311
10,prefetch_chain,scalar,warm,branch,16384,24311
10,prefetch_chain,scalar,warm,basic,8192,24311
10,prefetch_chain,scalar,warm,branch,36864,24311
10,prefetch_chain,scalar,warm,branch,8388608,24311
10,prefetch_chain,scalar,warm,basic,536870912,24311
10,prefetch_chain,scalar,warm,branch,7340032,24311
10,prefetch_chain,scalar,warm,basic,8388608,24311
10,prefetch_chain,scalar,warm,branch,393216,24311
10,prefetch_chain,scalar,warm,basic,36864,24311
10,prefetch_chain,scalar,warm,basic,28672,24311
10,prefetch_chain,scalar,warm,basic,393216,24311
10,prefetch_chain,scalar,warm,branch,5242880,24311
10,prefetch_chain,scalar,cache_evicted,basic,6291456,28407
10,prefetch_chain,scalar,cache_evicted,branch,262144,28407
10,prefetch_chain,scalar,warm,branch,524288,24311
10,prefetch_chain,scalar,cache_evicted,basic,32768,28407
10,prefetch_chain,scalar,warm,branch,196608,24311
10,prefetch_chain,scalar,warm,branch,134217728,24311
10,prefetch_chain,scalar,warm,branch,1048576,24311
10,prefetch_chain,scalar,warm,branch,294912,24311
10,prefetch_chain,scalar,warm,basic,1048576,24311
10,prefetch_chain,scalar,warm,basic,134217728,24311
10,prefetch_chain,scalar,warm,branch,536870912,24311
10,prefetch_chain,scalar,warm,branch,65536,24311
10,prefetch_chain,scalar,cache_evicted,branch,32768,28407
10,prefetch_chain,scalar,warm,basic,32768,24311
10,prefetch_chain,scalar,cache_evicted,branch,8388608,28407
10,prefetch_chain,scalar,cache_evicted,basic,33554432,28407
10,prefetch_chain,scalar,warm,branch,2097152,24311
10,prefetch_chain,scalar,warm,branch,131072,24311
10,prefetch_chain,scalar,warm,branch,32768,24311
11,prefetch_chain,scalar,warm,branch,8388608,24312
11,prefetch_chain,scalar,warm,basic,16384,24312
11,prefetch_chain,scalar,cache_evicted,branch,33554432,28408
11,prefetch_chain,scalar,warm,basic,36864,24312
11,prefetch_chain,scalar,cache_evicted,basic,33554432,28408
11,prefetch_chain,scalar,warm,basic,65536,24312
11,prefetch_chain,scalar,cache_evicted,basic,8388608,28408
11,prefetch_chain,scalar,cache_evicted,branch,262144,28408
11,prefetch_chain,scalar,cache_evicted,basic,262144,28408
11,prefetch_chain,scalar,warm,basic,536870912,24312
11,prefetch_chain,scalar,cache_evicted,branch,32768,28408
11,prefetch_chain,scalar,warm,branch,36864,24312
11,prefetch_chain,scalar,warm,branch,6291456,24312
11,prefetch_chain,scalar,warm,basic,131072,24312
11,prefetch_chain,scalar,warm,basic,32768,24312
11,prefetch_chain,scalar,warm,basic,8388608,24312
11,prefetch_chain,scalar,cache_evicted,basic,536870912,28408
11,prefetch_chain,scalar,cache_evicted,basic,6291456,28408
11,prefetch_chain,scalar,warm,basic,229376,24312
11,prefetch_chain,scalar,warm,basic,28672,24312
11,prefetch_chain,scalar,warm,branch,32768,24312
11,prefetch_chain,scalar,warm,basic,524288,24312
11,prefetch_chain,scalar,warm,branch,24576,24312
11,prefetch_chain,scalar,cache_evicted,branch,536870912,28408
11,prefetch_chain,scalar,warm,basic,49152,24312
11,prefetch_chain,scalar,warm,branch,393216,24312
11,prefetch_chain,scalar,warm,branch,16384,24312
11,prefetch_chain,scalar,warm,basic,1048576,24312
11,prefetch_chain,scalar,warm,branch,134217728,24312
11,prefetch_chain,scalar,warm,branch,4194304,24312
11,prefetch_chain,scalar,warm,basic,33554432,24312
11,prefetch_chain,scalar,warm,basic,7340032,24312
11,prefetch_chain,scalar,warm,basic,294912,24312
11,prefetch_chain,scalar,warm,branch,196608,24312
11,prefetch_chain,scalar,warm,basic,6291456,24312
11,prefetch_chain,scalar,cache_evicted,basic,32768,28408
11,prefetch_chain,scalar,warm,basic,12582912,24312
11,prefetch_chain,scalar,warm,basic,393216,24312
11,prefetch_chain,scalar,warm,branch,2097152,24312
11,prefetch_chain,scalar,warm,basic,262144,24312
11,prefetch_chain,scalar,cache_evicted,basic,1048576,28408
11,prefetch_chain,scalar,warm,branch,33554432,24312
11,prefetch_chain,scalar,warm,branch,229376,24312
11,prefetch_chain,scalar,warm,basic,4194304,24312
11,prefetch_chain,scalar,warm,branch,98304,24312
11,prefetch_chain,scalar,cache_evicted,branch,1048576,28408
11,prefetch_chain,scalar,warm,branch,131072,24312
11,prefetch_chain,scalar,warm,basic,24576,24312
11,prefetch_chain,scalar,warm,basic,98304,24312
11,prefetch_chain,scalar,cache_evicted,branch,8388608,28408
11,prefetch_chain,scalar,warm,basic,2097152,24312
11,prefetch_chain,scalar,warm,branch,5242880,24312
11,prefetch_chain,scalar,warm,branch,8192,24312
11,prefetch_chain,scalar,warm,basic,8192,24312
11,prefetch_chain,scalar,warm,branch,28672,24312
11,prefetch_chain,scalar,warm,branch,536870912,24312
11,prefetch_chain,scalar,warm,branch,294912,24312
11,prefetch_chain,scalar,warm,basic,196608,24312
11,prefetch_chain,scalar,warm,branch,1048576,24312
11,prefetch_chain,scalar,warm,branch,12582912,24312
11,prefetch_chain,scalar,warm,branch,262144,24312
11,prefetch_chain,scalar,warm,basic,5242880,24312
11,prefetch_chain,scalar,cache_evicted,branch,6291456,28408
11,prefetch_chain,scalar,warm,branch,524288,24312
11,prefetch_chain,scalar,warm,branch,49152,24312
11,prefetch_chain,scalar,warm,branch,65536,24312
11,prefetch_chain,scalar,warm,branch,7340032,24312
11,prefetch_chain,scalar,warm,basic,134217728,24312
12,prefetch_chain,scalar,cache_evicted,branch,536870912,28409
12,prefetch_chain,scalar,warm,branch,5242880,24313
12,prefetch_chain,scalar,warm,basic,28672,24313
12,prefetch_chain,scalar,warm,branch,65536,24313
12,prefetch_chain,scalar,warm,basic,393216,24313
12,prefetch_chain,scalar,warm,branch,36864,24313
12,prefetch_chain,scalar,cache_evicted,branch,262144,28409
12,prefetch_chain,scalar,warm,branch,28672,24313
12,prefetch_chain,scalar,warm,basic,5242880,24313
12,prefetch_chain,scalar,warm,branch,8192,24313
12,prefetch_chain,scalar,warm,branch,7340032,24313
12,prefetch_chain,scalar,warm,basic,134217728,24313
12,prefetch_chain,scalar,warm,basic,2097152,24313
12,prefetch_chain,scalar,cache_evicted,basic,536870912,28409
12,prefetch_chain,scalar,warm,branch,8388608,24313
12,prefetch_chain,scalar,warm,branch,33554432,24313
12,prefetch_chain,scalar,warm,basic,8192,24313
12,prefetch_chain,scalar,warm,branch,393216,24313
12,prefetch_chain,scalar,cache_evicted,branch,8388608,28409
12,prefetch_chain,scalar,warm,basic,229376,24313
12,prefetch_chain,scalar,warm,branch,196608,24313
12,prefetch_chain,scalar,warm,basic,294912,24313
12,prefetch_chain,scalar,cache_evicted,branch,1048576,28409
12,prefetch_chain,scalar,warm,branch,536870912,24313
12,prefetch_chain,scalar,warm,branch,294912,24313
12,prefetch_chain,scalar,warm,branch,6291456,24313
12,prefetch_chain,scalar,warm,branch,229376,24313
12,prefetch_chain,scalar,warm,basic,8388608,24313
12,prefetch_chain,scalar,warm,basic,1048576,24313
12,prefetch_chain,scalar,warm,branch,32768,24313
12,prefetch_chain,scalar,warm,basic,32768,24313
12,prefetch_chain,scalar,warm,branch,134217728,24313
12,prefetch_chain,scalar,warm,basic,7340032,24313
12,prefetch_chain,scalar,warm,branch,524288,24313
12,prefetch_chain,scalar,warm,branch,131072,24313
12,prefetch_chain,scalar,cache_evicted,basic,6291456,28409
12,prefetch_chain,scalar,warm,branch,4194304,24313
12,prefetch_chain,scalar,warm,basic,36864,24313
12,prefetch_chain,scalar,warm,branch,16384,24313
12,prefetch_chain,scalar,warm,basic,33554432,24313
12,prefetch_chain,scalar,warm,branch,262144,24313
12,prefetch_chain,scalar,cache_evicted,branch,33554432,28409
12,prefetch_chain,scalar,cache_evicted,basic,262144,28409
12,prefetch_chain,scalar,warm,basic,16384,24313
12,prefetch_chain,scalar,warm,basic,524288,24313
12,prefetch_chain,scalar,warm,branch,24576,24313
12,prefetch_chain,scalar,cache_evicted,branch,32768,28409
12,prefetch_chain,scalar,warm,basic,12582912,24313
12,prefetch_chain,scalar,warm,basic,24576,24313
12,prefetch_chain,scalar,warm,basic,4194304,24313
12,prefetch_chain,scalar,warm,basic,98304,24313
12,prefetch_chain,scalar,warm,basic,6291456,24313
12,prefetch_chain,scalar,warm,branch,12582912,24313
12,prefetch_chain,scalar,warm,branch,2097152,24313
12,prefetch_chain,scalar,warm,basic,536870912,24313
12,prefetch_chain,scalar,warm,basic,65536,24313
12,prefetch_chain,scalar,cache_evicted,basic,1048576,28409
12,prefetch_chain,scalar,warm,basic,131072,24313
12,prefetch_chain,scalar,cache_evicted,basic,33554432,28409
12,prefetch_chain,scalar,cache_evicted,branch,6291456,28409
12,prefetch_chain,scalar,warm,branch,1048576,24313
12,prefetch_chain,scalar,warm,branch,98304,24313
12,prefetch_chain,scalar,cache_evicted,basic,32768,28409
12,prefetch_chain,scalar,warm,branch,49152,24313
12,prefetch_chain,scalar,cache_evicted,basic,8388608,28409
12,prefetch_chain,scalar,warm,basic,196608,24313
12,prefetch_chain,scalar,warm,basic,49152,24313
12,prefetch_chain,scalar,warm,basic,262144,24313
13,prefetch_chain,scalar,cache_evicted,branch,32768,28410
13,prefetch_chain,scalar,warm,branch,4194304,24314
13,prefetch_chain,scalar,warm,basic,7340032,24314
13,prefetch_chain,scalar,cache_evicted,basic,6291456,28410
13,prefetch_chain,scalar,cache_evicted,branch,33554432,28410
13,prefetch_chain,scalar,cache_evicted,branch,6291456,28410
13,prefetch_chain,scalar,cache_evicted,branch,8388608,28410
13,prefetch_chain,scalar,warm,basic,65536,24314
13,prefetch_chain,scalar,warm,branch,12582912,24314
13,prefetch_chain,scalar,warm,basic,4194304,24314
13,prefetch_chain,scalar,cache_evicted,branch,262144,28410
13,prefetch_chain,scalar,warm,basic,24576,24314
13,prefetch_chain,scalar,cache_evicted,basic,8388608,28410
13,prefetch_chain,scalar,warm,branch,16384,24314
13,prefetch_chain,scalar,cache_evicted,basic,32768,28410
13,prefetch_chain,scalar,warm,basic,1048576,24314
13,prefetch_chain,scalar,warm,branch,294912,24314
13,prefetch_chain,scalar,cache_evicted,branch,536870912,28410
13,prefetch_chain,scalar,warm,branch,65536,24314
13,prefetch_chain,scalar,warm,branch,134217728,24314
13,prefetch_chain,scalar,cache_evicted,branch,1048576,28410
13,prefetch_chain,scalar,warm,branch,524288,24314
13,prefetch_chain,scalar,warm,basic,16384,24314
13,prefetch_chain,scalar,warm,basic,134217728,24314
13,prefetch_chain,scalar,warm,basic,36864,24314
13,prefetch_chain,scalar,warm,branch,32768,24314
13,prefetch_chain,scalar,warm,branch,229376,24314
13,prefetch_chain,scalar,warm,branch,2097152,24314
13,prefetch_chain,scalar,warm,branch,24576,24314
13,prefetch_chain,scalar,cache_evicted,basic,536870912,28410
13,prefetch_chain,scalar,warm,basic,8192,24314
13,prefetch_chain,scalar,warm,basic,393216,24314
13,prefetch_chain,scalar,cache_evicted,basic,1048576,28410
13,prefetch_chain,scalar,warm,basic,33554432,24314
13,prefetch_chain,scalar,warm,branch,131072,24314
13,prefetch_chain,scalar,warm,basic,196608,24314
13,prefetch_chain,scalar,warm,branch,7340032,24314
13,prefetch_chain,scalar,cache_evicted,basic,33554432,28410
13,prefetch_chain,scalar,warm,branch,8192,24314
13,prefetch_chain,scalar,warm,branch,28672,24314
13,prefetch_chain,scalar,warm,branch,98304,24314
13,prefetch_chain,scalar,warm,basic,229376,24314
13,prefetch_chain,scalar,warm,basic,6291456,24314
13,prefetch_chain,scalar,warm,basic,536870912,24314
13,prefetch_chain,scalar,warm,basic,12582912,24314
13,prefetch_chain,scalar,warm,branch,1048576,24314
13,prefetch_chain,scalar,warm,basic,98304,24314
13,prefetch_chain,scalar,warm,branch,33554432,24314
13,prefetch_chain,scalar,cache_evicted,basic,262144,28410
13,prefetch_chain,scalar,warm,basic,524288,24314
13,prefetch_chain,scalar,warm,branch,196608,24314
13,prefetch_chain,scalar,warm,basic,32768,24314
13,prefetch_chain,scalar,warm,basic,131072,24314
13,prefetch_chain,scalar,warm,branch,5242880,24314
13,prefetch_chain,scalar,warm,basic,262144,24314
13,prefetch_chain,scalar,warm,basic,8388608,24314
13,prefetch_chain,scalar,warm,basic,2097152,24314
13,prefetch_chain,scalar,warm,basic,294912,24314
13,prefetch_chain,scalar,warm,branch,8388608,24314
13,prefetch_chain,scalar,warm,branch,6291456,24314
13,prefetch_chain,scalar,warm,basic,5242880,24314
13,prefetch_chain,scalar,warm,branch,393216,24314
13,prefetch_chain,scalar,warm,branch,262144,24314
13,prefetch_chain,scalar,warm,basic,49152,24314
13,prefetch_chain,scalar,warm,branch,536870912,24314
13,prefetch_chain,scalar,warm,branch,49152,24314
13,prefetch_chain,scalar,warm,basic,28672,24314
13,prefetch_chain,scalar,warm,branch,36864,24314
14,prefetch_chain,scalar,warm,branch,524288,24315
14,prefetch_chain,scalar,warm,basic,24576,24315
14,prefetch_chain,scalar,warm,branch,12582912,24315
14,prefetch_chain,scalar,warm,branch,7340032,24315
14,prefetch_chain,scalar,cache_evicted,basic,32768,28411
14,prefetch_chain,scalar,cache_evicted,branch,262144,28411
14,prefetch_chain,scalar,cache_evicted,basic,6291456,28411
14,prefetch_chain,scalar,warm,basic,28672,24315
14,prefetch_chain,scalar,warm,branch,65536,24315
14,prefetch_chain,scalar,warm,basic,49152,24315
14,prefetch_chain,scalar,cache_evicted,basic,33554432,28411
14,prefetch_chain,scalar,warm,basic,536870912,24315
14,prefetch_chain,scalar,warm,branch,36864,24315
14,prefetch_chain,scalar,cache_evicted,branch,6291456,28411
14,prefetch_chain,scalar,cache_evicted,basic,8388608,28411
14,prefetch_chain,scalar,warm,basic,5242880,24315
14,prefetch_chain,scalar,cache_evicted,branch,33554432,28411
14,prefetch_chain,scalar,warm,branch,294912,24315
14,prefetch_chain,scalar,warm,basic,131072,24315
14,prefetch_chain,scalar,warm,branch,98304,24315
14,prefetch_chain,scalar,cache_evicted,branch,1048576,28411
14,prefetch_chain,scalar,warm,basic,33554432,24315
14,prefetch_chain,scalar,warm,branch,134217728,24315
14,prefetch_chain,scalar,warm,branch,2097152,24315
14,prefetch_chain,scalar,warm,branch,16384,24315
14,prefetch_chain,scalar,warm,basic,1048576,24315
14,prefetch_chain,scalar,warm,basic,12582912,24315
14,prefetch_chain,scalar,warm,branch,196608,24315
14,prefetch_chain,scalar,cache_evicted,branch,536870912,28411
14,prefetch_chain,scalar,warm,basic,98304,24315
14,prefetch_chain,scalar,warm,branch,33554432,24315
14,prefetch_chain,scalar,warm,branch,4194304,24315
14,prefetch_chain,scalar,warm,basic,4194304,24315
14,prefetch_chain,scalar,warm,basic,65536,24315
14,prefetch_chain,scalar,warm,branch,8388608,24315
14,prefetch_chain,scalar,warm,branch,28672,24315
14,prefetch_chain,scalar,warm,basic,134217728,24315
14,prefetch_chain,scalar,cache_evicted,branch,32768,28411
14,prefetch_chain,scalar,warm,branch,536870912,24315
14,prefetch_chain,scalar,warm,branch,49152,24315
14,prefetch_chain,scalar,cache_evicted,basic,262144,28411
14,prefetch_chain,scalar,warm,basic,6291456,24315
14,prefetch_chain,scalar,cache_evicted,basic,1048576,28411
14,prefetch_chain,scalar,warm,basic,7340032,24315
14,prefetch_chain,scalar,warm,branch,131072,24315
14,prefetch_chain,scalar,warm,basic,2097152,24315
14,prefetch_chain,scalar,cache_evicted,basic,536870912,28411
14,prefetch_chain,scalar,warm,branch,5242880,24315
14,prefetch_chain,scalar,warm,basic,393216,24315
14,prefetch_chain,scalar,warm,basic,196608,24315
14,prefetch_chain,scalar,warm,basic,16384,24315
14,prefetch_chain,scalar,warm,branch,262144,24315
14,prefetch_chain,scalar,warm,branch,8192,24315
14,prefetch_chain,scalar,warm,branch,229376,24315
14,prefetch_chain,scalar,warm,branch,393216,24315
14,prefetch_chain,scalar,cache_evicted,branch,8388608,28411
14,prefetch_chain,scalar,warm,basic,8192,24315
14,prefetch_chain,scalar,warm,basic,262144,24315
14,prefetch_chain,scalar,warm,branch,1048576,24315
14,prefetch_chain,scalar,warm,branch,6291456,24315
14,prefetch_chain,scalar,warm,basic,32768,24315
14,prefetch_chain,scalar,warm,basic,524288,24315
14,prefetch_chain,scalar,warm,basic,229376,24315
14,prefetch_chain,scalar,warm,basic,8388608,24315
14,prefetch_chain,scalar,warm,basic,36864,24315
14,prefetch_chain,scalar,warm,basic,294912,24315
14,prefetch_chain,scalar,warm,branch,32768,24315
14,prefetch_chain,scalar,warm,branch,24576,24315
