language,implementation,value_type,footprint_bytes,repetitions,median_ns_per_element,min_ns_per_element,max_ns_per_element
c,avx2,double,32768,15,0.330981000,0.330926000,0.331472000
c,avx2,double,262144,15,0.341984000,0.341312000,0.342647000
c,avx2,double,1048576,15,0.343280000,0.343230000,0.344138000
c,avx2,double,8388608,15,0.510441000,0.445603000,0.655580000
c,avx2,double,67108864,15,0.598397000,0.593551000,0.657135000
c,avx2,float,32768,15,0.166226000,0.166216000,0.166306000
c,avx2,float,262144,15,0.171074000,0.170881000,0.171514000
c,avx2,float,1048576,15,0.171674000,0.171648000,0.171963000
c,avx2,float,8388608,15,0.257689000,0.222998000,0.318522000
c,avx2,float,67108864,15,0.299479000,0.298059000,0.326897000
c,avx2,int,32768,15,0.067694600,0.067435300,0.068575100
c,avx2,int,262144,15,0.111328000,0.095368600,0.127674000
c,avx2,int,1048576,15,0.142968000,0.142910000,0.143218000
c,avx2,int,8388608,15,0.255249000,0.220989000,0.280433000
c,avx2,int,67108864,15,0.299241000,0.298229000,0.305158000
c,avx2,short,32768,15,0.034083300,0.033178700,0.034696300
c,avx2,short,262144,15,0.054128100,0.048832400,0.068787100
c,avx2,short,1048576,15,0.071507700,0.071482700,0.071755600
c,avx2,short,8388608,15,0.128262000,0.108282000,0.159834000
c,avx2,short,67108864,15,0.149572000,0.149224000,0.163014000
c,avx2,string16,32768,15,0.358756000,0.358392000,0.362964000
c,avx2,string16,262144,15,0.526989000,0.477648000,0.542171000
c,avx2,string16,1048576,15,0.625683000,0.625435000,0.627429000
c,avx2,string16,8388608,15,0.989291000,0.930825000,1.176660000
c,avx2,string16,67108864,15,1.221900000,1.214900000,1.245880000
c,scalar,double,32768,15,1.366920000,1.366870000,1.367350000
c,scalar,double,262144,15,1.366880000,1.366850000,1.367030000
c,scalar,double,1048576,15,1.366930000,1.366820000,1.367580000
c,scalar,double,8388608,15,1.436310000,1.425830000,1.448620000
c,scalar,double,67108864,15,1.454490000,1.452440000,1.458770000
c,scalar,float,32768,15,1.367020000,1.366830000,1.369300000
c,scalar,float,262144,15,1.366840000,1.366830000,1.366930000
c,scalar,float,1048576,15,1.366920000,1.366820000,1.369010000
c,scalar,float,8388608,15,1.399830000,1.389020000,1.403930000
c,scalar,float,67108864,15,1.406330000,1.405560000,1.409000000
c,scalar,int,32768,15,0.580890000,0.579624000,0.583343000
c,scalar,int,262144,15,0.590071000,0.589543000,0.590868000
c,scalar,int,1048576,15,0.595212000,0.594731000,0.595490000
c,scalar,int,8388608,15,0.661394000,0.648433000,0.677764000
c,scalar,int,67108864,15,0.667160000,0.665708000,0.675932000
c,scalar,short,32768,15,0.591710000,0.581614000,0.621419000
c,scalar,short,262144,15,0.588943000,0.588446000,0.687459000
c,scalar,short,1048576,15,0.590981000,0.590690000,0.593238000
c,scalar,short,8388608,15,0.623704000,0.617352000,0.625126000
c,scalar,short,67108864,15,0.628164000,0.627554000,0.628879000
c,scalar,string16,32768,15,4.141970000,4.140510000,4.164310000
c,scalar,string16,262144,15,4.979720000,4.972110000,4.989790000
c,scalar,string16,1048576,15,5.025500000,5.023450000,5.028460000
c,scalar,string16,8388608,15,5.261850000,5.229070000,5.283310000
c,scalar,string16,67108864,15,5.295910000,5.277860000,5.364510000
cpp,avx2,double,32768,15,0.330985000,0.330941000,0.332251000
cpp,avx2,double,262144,15,0.342246000,0.341406000,0.343000000
cpp,avx2,double,1048576,15,0.343287000,0.343218000,0.344289000
cpp,avx2,double,8388608,15,0.514679000,0.451980000,0.603604000
cpp,avx2,double,67108864,15,0.598518000,0.595322000,0.648931000
cpp,avx2,float,32768,15,0.166221000,0.166213000,0.167521000
cpp,avx2,float,262144,15,0.171290000,0.170836000,0.171550000
cpp,avx2,float,1048576,15,0.171666000,0.171650000,0.172230000
cpp,avx2,float,8388608,15,0.257487000,0.223927000,0.317296000
cpp,avx2,float,67108864,15,0.299242000,0.297636000,0.313587000
cpp,avx2,int,32768,15,0.067783900,0.067360800,0.068552400
cpp,avx2,int,262144,15,0.105655000,0.095622200,0.128733000
cpp,avx2,int,1048576,15,0.142951000,0.142909000,0.143347000
cpp,avx2,int,8388608,15,0.222642000,0.216293000,0.278701000
cpp,avx2,int,67108864,15,0.299577000,0.297446000,0.315326000
cpp,avx2,short,32768,15,0.034282100,0.033164500,0.035175700
cpp,avx2,short,262144,15,0.053136900,0.047067200,0.063321400
cpp,avx2,short,1048576,15,0.071524600,0.071493300,0.071739400
cpp,avx2,short,8388608,15,0.127700000,0.107983000,0.158795000
cpp,avx2,short,67108864,15,0.149704000,0.149147000,0.163903000
cpp,avx2,string16,32768,15,0.542367000,0.542181000,0.543845000
cpp,avx2,string16,262144,15,0.617521000,0.590136000,0.652537000
cpp,avx2,string16,1048576,15,0.672907000,0.672227000,0.674977000
cpp,avx2,string16,8388608,15,1.109710000,0.997364000,1.174060000
cpp,avx2,string16,67108864,15,1.247760000,1.242120000,1.265220000
cpp,scalar,double,32768,15,1.367000000,1.366880000,1.375470000
cpp,scalar,double,262144,15,1.366910000,1.366860000,1.367150000
cpp,scalar,double,1048576,15,1.366970000,1.366840000,1.367980000
cpp,scalar,double,8388608,15,1.436410000,1.426100000,1.445640000
cpp,scalar,double,67108864,15,1.454190000,1.451180000,1.458030000
cpp,scalar,float,32768,15,1.366920000,1.366850000,1.373760000
cpp,scalar,float,262144,15,1.366850000,1.366830000,1.367140000
cpp,scalar,float,1048576,15,1.366980000,1.366820000,1.367870000
cpp,scalar,float,8388608,15,1.399850000,1.390050000,1.412990000
cpp,scalar,float,67108864,15,1.406530000,1.405730000,1.409470000
cpp,scalar,int,32768,15,0.580315000,0.579625000,0.581485000
cpp,scalar,int,262144,15,0.590552000,0.589486000,0.591725000
cpp,scalar,int,1048576,15,0.595082000,0.594735000,0.595713000
cpp,scalar,int,8388608,15,0.653479000,0.649183000,0.668440000
cpp,scalar,int,67108864,15,0.666929000,0.666081000,0.668942000
cpp,scalar,short,32768,15,0.591073000,0.581349000,0.613411000
cpp,scalar,short,262144,15,0.590234000,0.588643000,0.734300000
cpp,scalar,short,1048576,15,0.590972000,0.590735000,0.601245000
cpp,scalar,short,8388608,15,0.623782000,0.617778000,0.626406000
cpp,scalar,short,67108864,15,0.628015000,0.627552000,0.629197000
cpp,scalar,string16,32768,15,4.142870000,4.139800000,4.149850000
cpp,scalar,string16,262144,15,4.980400000,4.968840000,4.997180000
cpp,scalar,string16,1048576,15,5.025600000,5.023400000,5.032490000
cpp,scalar,string16,8388608,15,5.264640000,5.223210000,5.319360000
cpp,scalar,string16,67108864,15,5.295050000,5.291260000,5.333920000
go,scalar,double,32768,15,1.371210000,1.371050000,1.386350000
go,scalar,double,262144,15,1.372230000,1.372090000,1.374790000
go,scalar,double,1048576,15,1.374420000,1.374030000,1.377460000
go,scalar,double,8388608,15,1.479830000,1.474420000,1.496110000
go,scalar,double,67108864,15,1.639490000,1.636480000,1.642490000
go,scalar,float,32768,15,1.370460000,1.370060000,1.380600000
go,scalar,float,262144,15,1.370790000,1.370700000,1.372910000
go,scalar,float,1048576,15,1.372100000,1.371640000,1.376900000
go,scalar,float,8388608,15,1.431820000,1.420910000,1.443090000
go,scalar,float,67108864,15,1.513470000,1.510760000,1.517930000
go,scalar,int,32768,15,0.653015000,0.652482000,0.672249000
go,scalar,int,262144,15,0.692394000,0.691022000,0.693905000
go,scalar,int,1048576,15,0.699323000,0.699051000,0.700016000
go,scalar,int,8388608,15,0.786950000,0.776403000,0.795023000
go,scalar,int,67108864,15,0.878796000,0.874357000,0.880908000
go,scalar,short,32768,15,0.652052000,0.651751000,0.652445000
go,scalar,short,262144,15,0.683352000,0.682600000,0.683851000
go,scalar,short,1048576,15,0.687345000,0.687013000,0.690158000
go,scalar,short,8388608,15,0.734457000,0.724943000,0.742883000
go,scalar,short,67108864,15,0.782824000,0.776882000,0.788784000
go,scalar,string16,32768,15,10.430400000,10.425300000,10.495400000
go,scalar,string16,262144,15,10.734100000,10.726500000,10.753700000
go,scalar,string16,1048576,15,10.837300000,10.810400000,10.872800000
go,scalar,string16,8388608,15,11.168500000,11.075700000,11.325200000
go,scalar,string16,67108864,15,11.693800000,11.579700000,11.711200000
rust,scalar,double,32768,15,1.367030000,1.366940000,1.369280000
rust,scalar,double,262144,15,1.367670000,1.367570000,1.367970000
rust,scalar,double,1048576,15,1.370060000,1.369480000,1.371690000
rust,scalar,double,8388608,15,1.494490000,1.482840000,1.510400000
rust,scalar,double,67108864,15,1.658720000,1.654330000,1.662640000
rust,scalar,float,32768,15,1.367390000,1.366850000,1.386920000
rust,scalar,float,262144,15,1.367230000,1.367190000,1.367370000
rust,scalar,float,1048576,15,1.368420000,1.368110000,1.368570000
rust,scalar,float,8388608,15,1.429820000,1.416040000,1.432200000
rust,scalar,float,67108864,15,1.507740000,1.507130000,1.515230000
rust,scalar,int,32768,15,0.582169000,0.581627000,0.588371000
rust,scalar,int,262144,15,0.588771000,0.588212000,0.590668000
rust,scalar,int,1048576,15,0.594772000,0.594220000,0.595720000
rust,scalar,int,8388608,15,0.672284000,0.661617000,0.695996000
rust,scalar,int,67108864,15,0.756411000,0.755277000,0.766405000
rust,scalar,short,32768,15,0.580946000,0.580720000,0.586242000
rust,scalar,short,262144,15,0.589385000,0.588338000,0.589780000
rust,scalar,short,1048576,15,0.592273000,0.590900000,0.593988000
rust,scalar,short,8388608,15,0.629019000,0.620881000,0.635482000
rust,scalar,short,67108864,15,0.672590000,0.671861000,0.677325000
rust,scalar,string16,32768,15,4.127270000,4.126670000,4.135440000
rust,scalar,string16,262144,15,4.920140000,4.905950000,4.941300000
rust,scalar,string16,1048576,15,4.979430000,4.978180000,4.982690000
rust,scalar,string16,8388608,15,5.255260000,5.191900000,5.325520000
rust,scalar,string16,67108864,15,5.590320000,5.584190000,5.643540000
