language,footprint_bytes,repetitions,median_ns_per_operation,p10_ns_per_operation,p90_ns_per_operation,median_cycles_per_operation,p10_cycles_per_operation,p90_cycles_per_operation,median_instructions_per_operation,median_ref_cycles_per_operation
c,32768,15,3.320410000,3.319860000,3.329720000,7.288070000,7.286850000,7.308490000,12.000000000,7.288070000
c,36864,15,8.522590000,8.520540000,8.525550000,18.706400000,18.701100000,18.712900000,12.000000000,18.706400000
c,262144,15,12.494100000,10.074100000,15.277400000,27.423600000,22.112000000,33.532700000,12.000000000,27.423600000
c,1048576,15,21.041200000,20.824600000,21.131100000,46.183900000,45.708500000,46.381100000,12.000000000,46.183900000
c,6291456,15,49.969600000,42.666900000,65.623200000,109.680000000,93.650800000,144.038000000,12.000000000,109.680000000
c,8388608,15,63.378900000,57.458600000,82.499700000,139.112000000,126.117000000,181.080000000,12.000000000,139.112000000
c,536870912,15,107.995000000,107.011000000,109.118000000,237.040000000,234.881000000,239.505000000,12.000000000,237.040000000
cpp,32768,15,3.400200000,3.399090000,3.405690000,7.463180000,7.460740000,7.475250000,12.000000000,7.463180000
cpp,36864,15,8.752000000,8.751660000,8.753150000,19.209900000,19.209200000,19.212500000,12.000000000,19.209900000
cpp,262144,15,14.192300000,11.122100000,14.842300000,31.150900000,24.412200000,32.577600000,12.000000000,31.151000000
cpp,1048576,15,21.033700000,20.830000000,21.146900000,46.167400000,45.720300000,46.416000000,12.000000000,46.167400000
cpp,6291456,15,51.436900000,44.810500000,70.701800000,112.900000000,98.355800000,155.185000000,12.000000000,112.900000000
cpp,8388608,15,61.395200000,51.154200000,87.533100000,134.758000000,112.280000000,192.129000000,12.000000000,134.758000000
cpp,536870912,15,108.097000000,107.200000000,124.246000000,237.264000000,235.295000000,272.710000000,12.000000000,237.264000000
go,32768,15,9.978570000,9.972650000,9.986440000,21.843900000,21.832600000,21.865100000,47.000900000,21.843900000
go,36864,15,14.488400000,14.478900000,14.508000000,31.725600000,31.705700000,31.769600000,47.001300000,31.725700000
go,262144,15,17.109800000,16.183700000,21.445400000,37.433900000,35.386500000,46.940600000,47.001600000,37.433900000
go,1048576,15,26.674900000,26.520300000,26.858000000,58.376100000,58.000700000,58.755800000,47.002400000,58.376100000
go,6291456,15,54.324000000,46.413400000,63.827300000,118.880000000,101.555000000,139.673000000,47.006600000,118.880000000
go,8388608,15,63.472900000,60.127900000,86.031600000,138.921000000,131.602000000,188.145000000,47.007600000,138.921000000
go,536870912,15,105.720000000,105.425000000,107.246000000,231.356000000,230.614000000,234.461000000,47.008900000,231.356000000
rust,32768,15,2.973400000,2.972870000,2.982880000,6.526400000,6.525240000,6.546840000,12.000000000,6.526400000
rust,36864,15,8.684000000,8.681550000,8.685760000,19.060700000,19.054500000,19.064600000,12.000000000,19.060700000
rust,262144,15,11.769500000,11.236100000,14.975700000,25.833200000,24.662300000,32.870500000,12.000000000,25.833200000
rust,1048576,15,20.949700000,20.826300000,21.547400000,45.983100000,45.712100000,47.295100000,12.000000000,45.983100000
rust,6291456,15,52.058400000,42.851100000,84.980300000,114.264000000,94.055100000,186.525000000,12.000000000,114.264000000
rust,8388608,15,61.375500000,52.825600000,71.614800000,134.715000000,115.948000000,157.189000000,12.000000000,134.715000000
rust,536870912,15,107.696000000,107.313000000,109.251000000,236.384000000,235.545000000,239.798000000,12.000000000,236.384000000
