sample_id,round,compiler,footprint_bytes,passes,operations,elapsed_ns,checksum,expected_checksum,pmu_cycles,pmu_instructions,pmu_ref_cycles,pmu_time_enabled,pmu_time_running,pmu_available
r01-o01-gcc13_auto-32768,1,gcc13_auto,32768,40960,335544320,251905261,3633848320,3633848320,552915274,965304624,552915286,251933609,251933609,1
r01-o02-clang18_auto-6291456,1,clang18_auto,6291456,214,336592896,2439163443,196891892,196891892,5353767745,788895887,5353767738,2439199781,2439199781,1
r01-o03-gcc13_scalar-1048576,1,gcc13_scalar,1048576,1280,335544320,1031490004,2000108288,2000108288,2264038496,1677728284,2264038524,1031517814,1031517814,1
r01-o04-clang18_scalar-36864,1,clang18_scalar,36864,36409,335545344,258085921,3368420452,3368420452,566482100,797249029,566482136,258113106,258113106,1
r01-o05-gcc13_auto-36864,1,gcc13_auto,36864,36409,335545344,266097731,3368420452,3368420452,584066026,965239303,584066032,266123541,266123541,1
r01-o06-gcc13_auto-536870912,1,gcc13_auto,536870912,3,402653184,11460543184,1543198232,1543198232,25154945280,1157628253,25154945266,11460579505,11460579505,1
r01-o07-gcc13_scalar-8388608,1,gcc13_scalar,8388608,160,335544320,2792504416,2634976128,2634976128,6129320679,1677722684,6129320670,2792537977,2792537977,1
r01-o08-clang18_scalar-6291456,1,clang18_scalar,6291456,214,336592896,2317162549,196891892,196891892,5085986116,799411210,5085986136,2317197863,2317197863,1
r01-o09-clang18_scalar-8388608,1,clang18_scalar,8388608,160,335544320,2484486409,2634976128,2634976128,5453247782,796920356,5453247778,2484520996,2484520996,1
r01-o10-gcc13_auto-1048576,1,gcc13_auto,1048576,1280,335544320,718274456,2000108288,2000108288,1576556762,964709424,1576556762,718301810,718301810,1
r01-o11-clang18_auto-262144,1,clang18_auto,262144,5120,335544320,449737209,1812397056,1812397056,987141300,786556031,987141320,449765687,449765687,1
r01-o12-gcc13_scalar-36864,1,gcc13_scalar,36864,36409,335545344,287901199,3368420452,3368420452,631922743,1677909049,631922720,287928338,287928338,1
r01-o13-gcc13_auto-262144,1,gcc13_auto,262144,5120,335544320,455124394,1812397056,1812397056,998963986,964767024,998963966,455152034,455152034,1
r01-o14-clang18_scalar-262144,1,clang18_scalar,262144,5120,335544320,499916348,1812397056,1812397056,1097280538,796964996,1097280558,499944468,499944468,1
r01-o15-clang18_scalar-32768,1,clang18_scalar,32768,40960,335544320,250980603,3633848320,3633848320,550886860,797287556,550886842,251008259,251008259,1
r01-o16-clang18_auto-32768,1,clang18_auto,32768,40960,335544320,266573095,3633848320,3633848320,585111297,787416191,585111296,266600765,266600765,1
r01-o17-clang18_auto-536870912,1,clang18_auto,536870912,3,402653184,10494282886,1543198232,1543198232,23034063747,943719625,23034063756,10494318589,10494318589,1
r01-o18-clang18_auto-1048576,1,clang18_auto,1048576,1280,335544320,714254067,2000108288,2000108288,1567735043,786463871,1567735026,714285879,714285879,1
r01-o19-clang18_auto-8388608,1,clang18_auto,8388608,160,335544320,2321761598,2634976128,2634976128,5096080583,786436991,5096080594,2321797152,2321797152,1
r01-o20-gcc13_auto-6291456,1,gcc13_auto,6291456,214,336592896,1757657041,196891892,196891892,3857916113,967708090,3857916128,1757693538,1757693538,1
r01-o21-gcc13_scalar-6291456,1,gcc13_scalar,6291456,214,336592896,2105946521,196891892,196891892,4622382024,1682965834,4622382028,2105978921,2105978921,1
r01-o22-clang18_scalar-1048576,1,clang18_scalar,1048576,1280,335544320,733812562,2000108288,2000108288,1610663576,796930436,1610663604,733842745,733842745,1
r01-o23-clang18_auto-36864,1,clang18_auto,36864,36409,335545344,277810794,3368420452,3368420452,609776717,787309367,609776750,277837358,277837358,1
r01-o24-gcc13_scalar-32768,1,gcc13_scalar,32768,40960,335544320,279482828,3633848320,3633848320,613445009,1677926684,613445008,279509654,279509654,1
r01-o25-gcc13_scalar-262144,1,gcc13_scalar,262144,5120,335544320,491634553,1812397056,1812397056,1079100482,1677747484,1079100484,491661197,491661197,1
r01-o26-gcc13_scalar-536870912,1,gcc13_scalar,536870912,3,402653184,10527346005,1543198232,1543198232,23106654408,2013266219,23106654406,10527378884,10527378884,1
r01-o27-gcc13_auto-8388608,1,gcc13_auto,8388608,160,335544320,2326657424,2634976128,2634976128,5105510348,964692625,5105510344,2326130501,2326130501,1
r01-o28-clang18_scalar-536870912,1,clang18_scalar,536870912,3,402653184,10828255942,1543198232,1543198232,23767129296,956302495,23767129298,10828290007,10828290007,1
r02-o01-clang18_auto-32768,2,clang18_auto,32768,40960,335544320,266814414,3633848320,3633848320,585641401,787416191,585641386,266843098,266843098,1
r02-o02-clang18_scalar-36864,2,clang18_scalar,36864,36409,335545344,258076024,3368420452,3368420452,566461862,797249029,566461896,258105922,258105922,1
r02-o03-gcc13_scalar-32768,2,gcc13_scalar,32768,40960,335544320,279739235,3633848320,3633848320,614008082,1677926684,614008098,279768718,279768718,1
r02-o04-clang18_scalar-536870912,2,clang18_scalar,536870912,3,402653184,10570562395,1543198232,1543198232,23201514014,956302495,23201514028,10570598307,10570598307,1
r02-o05-gcc13_auto-36864,2,gcc13_auto,36864,36409,335545344,263571007,3368420452,3368420452,578520269,965239303,578520294,263597911,263597911,1
r02-o06-clang18_auto-6291456,2,clang18_auto,6291456,214,336592896,1738158561,196891892,196891892,3815063667,788895889,3815063670,1738195268,1738195268,1
r02-o07-gcc13_auto-32768,2,gcc13_auto,32768,40960,335544320,251952366,3633848320,3633848320,553018754,965304624,553018730,251980466,251980466,1
r02-o08-gcc13_scalar-36864,2,gcc13_scalar,36864,36409,335545344,287760359,3368420452,3368420452,631613391,1677909049,631613356,287786406,287786406,1
r02-o09-clang18_auto-262144,2,clang18_auto,262144,5120,335544320,450966866,1812397056,1812397056,989841100,786556031,989841116,450995056,450995056,1
r02-o10-gcc13_auto-1048576,2,gcc13_auto,1048576,1280,335544320,716822208,2000108288,2000108288,1573369539,964709424,1573369556,716850888,716850888,1
r02-o11-gcc13_scalar-8388608,2,gcc13_scalar,8388608,160,335544320,2503152163,2634976128,2634976128,5494215038,1677722684,5494215056,2503184411,2503184411,1
r02-o12-gcc13_scalar-1048576,2,gcc13_scalar,1048576,1280,335544320,769853273,2000108288,2000108288,1689767841,1677728284,1689767838,769881087,769881087,1
r02-o13-clang18_scalar-32768,2,clang18_scalar,32768,40960,335544320,251013287,3633848320,3633848320,550958987,797287556,550958980,251041835,251041835,1
r02-o14-clang18_auto-8388608,2,clang18_auto,8388608,160,335544320,2321753657,2634976128,2634976128,5096063683,786436991,5096063676,2321790979,2321790979,1
r02-o15-gcc13_auto-536870912,2,gcc13_auto,536870912,3,402653184,10633734344,1543198232,1543198232,23340168776,1157628253,23340168786,10633770184,10633770184,1
r02-o16-gcc13_scalar-262144,2,gcc13_scalar,262144,5120,335544320,485753085,1812397056,1812397056,1066191050,1677747484,1066191060,485780268,485780268,1
r02-o17-gcc13_scalar-6291456,2,gcc13_scalar,6291456,214,336592896,2084672996,196891892,196891892,4575688358,1682965834,4575688348,2084704947,2084704947,1
r02-o18-gcc13_scalar-536870912,2,gcc13_scalar,536870912,3,402653184,10534516088,1543198232,1543198232,23122391847,2013266219,23122391842,10534548980,10534548980,1
r02-o19-clang18_scalar-262144,2,clang18_scalar,262144,5120,335544320,471212274,1812397056,1812397056,1034276970,796964996,1034276958,471241198,471241198,1
r02-o20-clang18_auto-536870912,2,clang18_auto,536870912,3,402653184,11053366971,1543198232,1543198232,24261229457,943719623,24261229454,11053403291,11053403291,1
r02-o21-clang18_scalar-6291456,2,clang18_scalar,6291456,214,336592896,2087372632,196891892,196891892,4581616106,799411210,4581616116,2087406457,2087406457,1
r02-o22-gcc13_auto-262144,2,gcc13_auto,262144,5120,335544320,438691932,1812397056,1812397056,962896028,964767024,962896044,438719283,438719283,1
r02-o23-clang18_auto-1048576,2,clang18_auto,1048576,1280,335544320,721925793,2000108288,2000108288,1584572777,786463871,1584572770,721954122,721954122,1
r02-o24-clang18_auto-36864,2,clang18_auto,36864,36409,335545344,277836280,3368420452,3368420452,609833245,787309367,609833224,277864679,277864679,1
r02-o25-clang18_scalar-1048576,2,clang18_scalar,1048576,1280,335544320,730859138,2000108288,2000108288,1604180989,796930436,1604180974,730888669,730888669,1
r02-o26-gcc13_auto-8388608,2,gcc13_auto,8388608,160,335544320,2346612208,2634976128,2634976128,5150623948,964692624,5150623962,2346650142,2346650142,1
r02-o27-clang18_scalar-8388608,2,clang18_scalar,8388608,160,335544320,2378896326,2634976128,2634976128,5221485963,796920356,5221485962,2378929841,2378929841,1
r02-o28-gcc13_auto-6291456,2,gcc13_auto,6291456,214,336592896,1752789890,196891892,196891892,3847233065,967708090,3847233060,1752824904,1752824904,1
r03-o01-clang18_scalar-36864,3,clang18_scalar,36864,36409,335545344,258048688,3368420452,3368420452,566400370,797249029,566400340,258074812,258074812,1
r03-o02-gcc13_auto-536870912,3,gcc13_auto,536870912,3,402653184,10621852570,1543198232,1543198232,23314088406,1157628253,23314088402,10621888321,10621888321,1
r03-o03-gcc13_auto-262144,3,gcc13_auto,262144,5120,335544320,450068930,1812397056,1812397056,987868089,964767024,987868090,450096331,450096331,1
r03-o04-gcc13_auto-6291456,3,gcc13_auto,6291456,214,336592896,1765926559,196891892,196891892,3876067167,967708090,3876067140,1765961834,1765961834,1
r03-o05-clang18_scalar-6291456,3,clang18_scalar,6291456,214,336592896,1928894296,196891892,196891892,4233769319,799411210,4233769320,1928927521,1928927521,1
r03-o06-gcc13_auto-36864,3,gcc13_auto,36864,36409,335545344,263576435,3368420452,3368420452,578532048,965239303,578532064,263603830,263603830,1
r03-o07-clang18_scalar-8388608,3,clang18_scalar,8388608,160,335544320,2386007565,2634976128,2634976128,5237094450,796920356,5237094456,2386040107,2386040107,1
r03-o08-clang18_scalar-536870912,3,clang18_scalar,536870912,3,402653184,10574146209,1543198232,1543198232,23209379276,956302495,23209379270,10574180914,10574180914,1
r03-o09-gcc13_scalar-32768,3,gcc13_scalar,32768,40960,335544320,279570044,3633848320,3633848320,613636424,1677926684,613636408,279596871,279596871,1
r03-o10-gcc13_scalar-536870912,3,gcc13_scalar,536870912,3,402653184,10593087710,1543198232,1543198232,23250951864,2013266219,23250951856,10593120992,10593120992,1
r03-o11-clang18_auto-8388608,3,clang18_auto,8388608,160,335544320,2295875373,2634976128,2634976128,5038949848,786437009,5038949894,2295864947,2295864947,1
r03-o12-gcc13_scalar-36864,3,gcc13_scalar,36864,36409,335545344,287580201,3368420452,3368420452,631218243,1677909049,631218258,287607120,287607120,1
r03-o13-clang18_auto-262144,3,clang18_auto,262144,5120,335544320,441707181,1812397056,1812397056,969516766,786556031,969516768,441735502,441735502,1
r03-o14-clang18_scalar-32768,3,clang18_scalar,32768,40960,335544320,251079493,3633848320,3633848320,551104179,797287562,551104158,251105372,251105372,1
r03-o15-clang18_auto-6291456,3,clang18_auto,6291456,214,336592896,2046123078,196891892,196891892,4491077276,788895887,4491077294,2046159105,2046159105,1
r03-o16-gcc13_scalar-262144,3,gcc13_scalar,262144,5120,335544320,485136638,1812397056,1812397056,1064838559,1677747484,1064838522,485164895,485164895,1
r03-o17-gcc13_auto-1048576,3,gcc13_auto,1048576,1280,335544320,887579939,2000108288,2000108288,1948168646,964709424,1948168640,887609856,887609856,1
r03-o18-clang18_auto-32768,3,clang18_auto,32768,40960,335544320,266750375,3633848320,3633848320,585501400,787416191,585501400,266778667,266778667,1
r03-o19-gcc13_auto-8388608,3,gcc13_auto,8388608,160,335544320,2719791455,2634976128,2634976128,5969721220,964692624,5969721186,2719825520,2719825520,1
r03-o20-gcc13_scalar-6291456,3,gcc13_scalar,6291456,214,336592896,2297718568,196891892,196891892,5043305862,1682965834,5043305872,2297752853,2297752853,1
r03-o21-gcc13_scalar-8388608,3,gcc13_scalar,8388608,160,335544320,2522198731,2634976128,2634976128,5536021046,1677722684,5536021062,2522231645,2522231645,1
r03-o22-clang18_auto-36864,3,clang18_auto,36864,36409,335545344,277857655,3368420452,3368420452,609880054,787309367,609880062,277885582,277885582,1
r03-o23-gcc13_auto-32768,3,gcc13_auto,32768,40960,335544320,252007224,3633848320,3633848320,553138412,965304624,553138410,252034460,252034460,1
r03-o24-clang18_scalar-1048576,3,clang18_scalar,1048576,1280,335544320,734310748,2000108288,2000108288,1611757545,796930436,1611757554,734339425,734339425,1
r03-o25-gcc13_scalar-1048576,3,gcc13_scalar,1048576,1280,335544320,768569904,2000108288,2000108288,1686950717,1677728284,1686950738,768598378,768598378,1
r03-o26-clang18_auto-536870912,3,clang18_auto,536870912,3,402653184,10503273722,1543198232,1543198232,23053820218,943719623,23053820196,10503308793,10503308793,1
r03-o27-clang18_auto-1048576,3,clang18_auto,1048576,1280,335544320,711689252,2000108288,2000108288,1561549066,786463878,1561549066,711517376,711517376,1
r03-o28-clang18_scalar-262144,3,clang18_scalar,262144,5120,335544320,458467553,1812397056,1812397056,1006303689,796964996,1006303694,458495925,458495925,1
r04-o01-clang18_auto-536870912,4,clang18_auto,536870912,3,402653184,10515641873,1543198232,1543198232,23080967405,943719623,23080967404,10515678767,10515678767,1
r04-o02-clang18_auto-1048576,4,clang18_auto,1048576,1280,335544320,710345511,2000108288,2000108288,1559155027,786463871,1559155004,710375078,710375078,1
r04-o03-gcc13_auto-32768,4,gcc13_auto,32768,40960,335544320,251985177,3633848320,3633848320,553090021,965304624,553090032,252012705,252012705,1
r04-o04-clang18_auto-32768,4,clang18_auto,32768,40960,335544320,266632197,3633848320,3633848320,585241311,787416191,585241338,266660467,266660467,1
r04-o05-gcc13_scalar-1048576,4,gcc13_scalar,1048576,1280,335544320,778354648,2000108288,2000108288,1708428026,1677728284,1708428018,778385186,778385186,1
r04-o06-clang18_scalar-262144,4,clang18_scalar,262144,5120,335544320,469648011,1812397056,1812397056,1030843848,796964996,1030843836,469676616,469676616,1
r04-o07-gcc13_scalar-536870912,4,gcc13_scalar,536870912,3,402653184,10533412137,1543198232,1543198232,23119926501,2013266221,23119926500,10533445191,10533445191,1
r04-o08-gcc13_auto-36864,4,gcc13_auto,36864,36409,335545344,263512876,3368420452,3368420452,578392223,965239303,578392210,263539037,263539037,1
r04-o09-gcc13_auto-6291456,4,gcc13_auto,6291456,214,336592896,1848290071,196891892,196891892,4056816060,967708093,4056816104,1848326303,1848326303,1
r04-o10-gcc13_auto-262144,4,gcc13_auto,262144,5120,335544320,434617810,1812397056,1812397056,953953604,964767024,953953616,434644697,434644697,1
r04-o11-clang18_auto-8388608,4,clang18_auto,8388608,160,335544320,2342340929,2634976128,2634976128,5141250573,786436991,5141250576,2342378241,2342378241,1
r04-o12-gcc13_auto-536870912,4,gcc13_auto,536870912,3,402653184,11353718637,1543198232,1543198232,24920473981,1157628253,24920473952,11353753685,11353753685,1
r04-o13-gcc13_scalar-262144,4,gcc13_scalar,262144,5120,335544320,490143271,1812397056,1812397056,1075827245,1677747484,1075827258,490171062,490171062,1
r04-o14-gcc13_scalar-36864,4,gcc13_scalar,36864,36409,335545344,287939749,3368420452,3368420452,632007428,1677909049,632007420,287966976,287966976,1
r04-o15-gcc13_auto-8388608,4,gcc13_auto,8388608,160,335544320,2335595513,2634976128,2634976128,5126442819,964692624,5126442838,2335631053,2335631053,1
r04-o16-clang18_scalar-6291456,4,clang18_scalar,6291456,214,336592896,1907620208,196891892,196891892,4187074806,799411210,4187074782,1907653357,1907653357,1
r04-o17-clang18_scalar-536870912,4,clang18_scalar,536870912,3,402653184,10568018371,1543198232,1543198232,23195929465,956302495,23195929482,10568053151,10568053151,1
r04-o18-clang18_scalar-32768,4,clang18_scalar,32768,40960,335544320,250992587,3633848320,3633848320,550913235,797287556,550913242,251020883,251020883,1
r04-o19-clang18_auto-262144,4,clang18_auto,262144,5120,335544320,425363628,1812397056,1812397056,933643635,786556031,933643656,425391850,425391850,1
r04-o20-gcc13_scalar-6291456,4,gcc13_scalar,6291456,214,336592896,2096267914,196891892,196891892,4601138598,1682965834,4601138608,2096301397,2096301397,1
r04-o21-gcc13_auto-1048576,4,gcc13_auto,1048576,1280,335544320,724840342,2000108288,2000108288,1590968336,964709424,1590968346,724868539,724868539,1
r04-o22-clang18_auto-36864,4,clang18_auto,36864,36409,335545344,277992190,3368420452,3368420452,610175514,787309367,610175522,278020430,278020430,1
r04-o23-clang18_scalar-8388608,4,clang18_scalar,8388608,160,335544320,2378798714,2634976128,2634976128,5221273025,796920356,5221273024,2378833888,2378833888,1
r04-o24-clang18_auto-6291456,4,clang18_auto,6291456,214,336592896,1753580076,196891892,196891892,3848969726,788895887,3848969718,1753616183,1753616183,1
r04-o25-gcc13_scalar-32768,4,gcc13_scalar,32768,40960,335544320,279676738,3633848320,3633848320,613870729,1677926684,613870752,279704171,279704171,1
r04-o26-clang18_scalar-1048576,4,clang18_scalar,1048576,1280,335544320,744659313,2000108288,2000108288,1634471199,796930436,1634471212,744688764,744688764,1
r04-o27-clang18_scalar-36864,4,clang18_scalar,36864,36409,335545344,258013711,3368420452,3368420452,566325013,797249029,566325012,258042167,258042167,1
r04-o28-gcc13_scalar-8388608,4,gcc13_scalar,8388608,160,335544320,2511663648,2634976128,2634976128,5512897287,1677722684,5512897280,2511697699,2511697699,1
r05-o01-clang18_scalar-6291456,5,clang18_scalar,6291456,214,336592896,1891219996,196891892,196891892,4151077414,799411210,4151077458,1891253525,1891253525,1
r05-o02-gcc13_scalar-536870912,5,gcc13_scalar,536870912,3,402653184,10574102256,1543198232,1543198232,23209280284,2013266219,23209280270,10574134952,10574134952,1
r05-o03-clang18_auto-6291456,5,clang18_auto,6291456,214,336592896,1738670208,196891892,196891892,3816243444,788895887,3816243464,1738706581,1738706581,1
r05-o04-clang18_auto-536870912,5,clang18_auto,536870912,3,402653184,10958432534,1543198232,1543198232,24052855668,943719623,24052855706,10958468513,10958468513,1
r05-o05-clang18_auto-1048576,5,clang18_auto,1048576,1280,335544320,711038270,2000108288,2000108288,1560675834,786463871,1560675820,711067531,711067531,1
r05-o06-gcc13_scalar-32768,5,gcc13_scalar,32768,40960,335544320,279684678,3633848320,3633848320,613888622,1677926684,613888638,279712949,279712949,1
r05-o07-gcc13_scalar-8388608,5,gcc13_scalar,8388608,160,335544320,2677827518,2634976128,2634976128,5877613391,1677722684,5877613412,2677860939,2677860939,1
r05-o08-clang18_auto-8388608,5,clang18_auto,8388608,160,335544320,2324860039,2634976128,2634976128,5102881347,786436991,5102881322,2324895608,2324895608,1
r05-o09-gcc13_auto-36864,5,gcc13_auto,36864,36409,335545344,263517393,3368420452,3368420452,578402359,965239303,578402352,263544072,263544072,1
r05-o10-clang18_scalar-8388608,5,clang18_scalar,8388608,160,335544320,2376689735,2634976128,2634976128,5216642622,796920356,5216642662,2376723159,2376723159,1
r05-o11-gcc13_scalar-262144,5,gcc13_scalar,262144,5120,335544320,487538117,1812397056,1812397056,1070109041,1677747484,1070109040,487564966,487564966,1
r05-o12-gcc13_auto-8388608,5,gcc13_auto,8388608,160,335544320,2344367094,2634976128,2634976128,5145695650,964692624,5145695632,2344403076,2344403076,1
r05-o13-clang18_scalar-262144,5,clang18_scalar,262144,5120,335544320,466641638,1812397056,1812397056,1024245674,796964996,1024245684,466671073,466671073,1
r05-o14-gcc13_scalar-1048576,5,gcc13_scalar,1048576,1280,335544320,762757287,2000108288,2000108288,1674192526,1677728284,1674192520,762784546,762784546,1
r05-o15-gcc13_auto-6291456,5,gcc13_auto,6291456,214,336592896,1736347798,196891892,196891892,3810379490,967708099,3810379452,1736152897,1736152897,1
r05-o16-gcc13_auto-32768,5,gcc13_auto,32768,40960,335544320,251954688,3633848320,3633848320,553023366,965304624,553023394,251981625,251981625,1
r05-o17-gcc13_scalar-36864,5,gcc13_scalar,36864,36409,335545344,288005970,3368420452,3368420452,632152725,1677909049,632152708,288032194,288032194,1
r05-o18-gcc13_scalar-6291456,5,gcc13_scalar,6291456,214,336592896,2116144392,196891892,196891892,4644765846,1682965834,4644765840,2116176930,2116176930,1
r05-o19-clang18_scalar-32768,5,clang18_scalar,32768,40960,335544320,250982687,3633848320,3633848320,550891747,797287556,550891748,251009745,251009745,1
r05-o20-gcc13_auto-262144,5,gcc13_auto,262144,5120,335544320,447208634,1812397056,1812397056,981589392,964767024,981589400,447235771,447235771,1
r05-o21-clang18_auto-262144,5,clang18_auto,262144,5120,335544320,434086483,1812397056,1812397056,952789485,786556031,952789486,434114881,434114881,1
r05-o22-clang18_auto-32768,5,clang18_auto,32768,40960,335544320,266733263,3633848320,3633848320,585463229,787416191,585463230,266762036,266762036,1
r05-o23-gcc13_auto-1048576,5,gcc13_auto,1048576,1280,335544320,717147851,2000108288,2000108288,1574083663,964709424,1574083632,717176051,717176051,1
r05-o24-clang18_scalar-36864,5,clang18_scalar,36864,36409,335545344,258133670,3368420452,3368420452,566587198,797249029,566587208,258160365,258160365,1
r05-o25-gcc13_auto-536870912,5,gcc13_auto,536870912,3,402653184,10629344104,1543198232,1543198232,23330532223,1157628253,23330532214,10629377104,10629377104,1
r05-o26-clang18_auto-36864,5,clang18_auto,36864,36409,335545344,277884557,3368420452,3368420452,609939162,787309367,609939176,277913227,277913227,1
r05-o27-clang18_scalar-536870912,5,clang18_scalar,536870912,3,402653184,10557575983,1543198232,1543198232,23173009182,956302495,23173009200,10557610591,10557610591,1
r05-o28-clang18_scalar-1048576,5,clang18_scalar,1048576,1280,335544320,730198842,2000108288,2000108288,1602720940,796930437,1602720944,730229048,730229048,1
r06-o01-gcc13_auto-262144,6,gcc13_auto,262144,5120,335544320,433217553,1812397056,1812397056,950869018,964767025,950868996,433244096,433244096,1
r06-o02-clang18_scalar-1048576,6,clang18_scalar,1048576,1280,335544320,734436985,2000108288,2000108288,1612034577,796930436,1612034600,734466409,734466409,1
r06-o03-clang18_scalar-536870912,6,clang18_scalar,536870912,3,402653184,10632085785,1543198232,1543198232,23336551542,956302495,23336551546,10632121343,10632121343,1
r06-o04-clang18_auto-8388608,6,clang18_auto,8388608,160,335544320,2407962947,2634976128,2634976128,5285286500,786436991,5285286512,2408000894,2408000894,1
r06-o05-gcc13_auto-536870912,6,gcc13_auto,536870912,3,402653184,10643671262,1543198232,1543198232,23361979072,1157628253,23361979058,10643707463,10643707463,1
r06-o06-gcc13_scalar-262144,6,gcc13_scalar,262144,5120,335544320,490126102,1812397056,1812397056,1075789784,1677747484,1075789748,490153423,490153423,1
r06-o07-clang18_auto-32768,6,clang18_auto,32768,40960,335544320,266771723,3633848320,3633848320,585547386,787416191,585547380,266799499,266799499,1
r06-o08-gcc13_auto-8388608,6,gcc13_auto,8388608,160,335544320,2338579611,2634976128,2634976128,5132992848,964692624,5132992832,2338615524,2338615524,1
r06-o09-clang18_auto-6291456,6,clang18_auto,6291456,214,336592896,1760105590,196891892,196891892,3863291706,788895887,3863291718,1760140965,1760140965,1
r06-o10-gcc13_auto-36864,6,gcc13_auto,36864,36409,335545344,263567911,3368420452,3368420452,578513307,965239303,578513298,263593597,263593597,1
r06-o11-clang18_auto-1048576,6,clang18_auto,1048576,1280,335544320,711189773,2000108288,2000108288,1561008073,786463871,1561008064,711218474,711218474,1
r06-o12-clang18_auto-536870912,6,clang18_auto,536870912,3,402653184,10528469055,1543198232,1543198232,23109122312,943719623,23109122300,10528503706,10528503706,1
r06-o13-gcc13_scalar-8388608,6,gcc13_scalar,8388608,160,335544320,2497192967,2634976128,2634976128,5481120561,1677722685,5481120546,2497225594,2497225594,1
r06-o14-clang18_scalar-6291456,6,clang18_scalar,6291456,214,336592896,1879411554,196891892,196891892,4125158269,799411210,4125158268,1879445580,1879445580,1
r06-o15-gcc13_scalar-32768,6,gcc13_scalar,32768,40960,335544320,279557580,3633848320,3633848320,613609183,1677926684,613609172,279585070,279585070,1
r06-o16-gcc13_scalar-36864,6,gcc13_scalar,36864,36409,335545344,287953914,3368420452,3368420452,632038556,1677909049,632038550,287980551,287980551,1
r06-o17-gcc13_scalar-6291456,6,gcc13_scalar,6291456,214,336592896,2079741677,196891892,196891892,4564851511,1682965835,4564851500,2079774778,2079774778,1
r06-o18-clang18_scalar-262144,6,clang18_scalar,262144,5120,335544320,471956215,1812397056,1812397056,1035910241,796964996,1035910238,471984617,471984617,1
r06-o19-clang18_scalar-36864,6,clang18_scalar,36864,36409,335545344,258099670,3368420452,3368420452,566512105,797249029,566512100,258125602,258125602,1
r06-o20-gcc13_auto-6291456,6,gcc13_auto,6291456,214,336592896,1736824604,196891892,196891892,3812190763,967708090,3812190778,1736857903,1736857903,1
r06-o21-clang18_scalar-32768,6,clang18_scalar,32768,40960,335544320,250932419,3633848320,3633848320,550781427,797287556,550781418,250959653,250959653,1
r06-o22-clang18_auto-262144,6,clang18_auto,262144,5120,335544320,457580736,1812397056,1812397056,1004357689,786556031,1004357684,457609527,457609527,1
r06-o23-clang18_scalar-8388608,6,clang18_scalar,8388608,160,335544320,2364606393,2634976128,2634976128,5190121895,796920356,5190121904,2364640840,2364640840,1
r06-o24-gcc13_scalar-536870912,6,gcc13_scalar,536870912,3,402653184,10571088097,1543198232,1543198232,23202664562,2013266219,23202664562,10571120963,10571120963,1
r06-o25-gcc13_scalar-1048576,6,gcc13_scalar,1048576,1280,335544320,779581905,2000108288,2000108288,1710678600,1677728293,1710678618,779481097,779481097,1
r06-o26-clang18_auto-36864,6,clang18_auto,36864,36409,335545344,278014628,3368420452,3368420452,610224272,787309367,610224296,278042884,278042884,1
r06-o27-gcc13_auto-32768,6,gcc13_auto,32768,40960,335544320,254014828,3633848320,3633848320,557544941,965304624,557544966,254040682,254040682,1
r06-o28-gcc13_auto-1048576,6,gcc13_auto,1048576,1280,335544320,719295056,2000108288,2000108288,1578796654,964709424,1578796626,719322744,719322744,1
r07-o01-gcc13_auto-1048576,7,gcc13_auto,1048576,1280,335544320,741407675,2000108288,2000108288,1627332214,964709424,1627332234,741435879,741435879,1
r07-o02-clang18_scalar-1048576,7,clang18_scalar,1048576,1280,335544320,730719015,2000108288,2000108288,1603873335,796930436,1603873348,730748011,730748011,1
r07-o03-clang18_auto-8388608,7,clang18_auto,8388608,160,335544320,2287001385,2634976128,2634976128,5019785394,786436991,5019785430,2287037300,2287037300,1
r07-o04-gcc13_scalar-1048576,7,gcc13_scalar,1048576,1280,335544320,761612137,2000108288,2000108288,1671679313,1677728284,1671679306,761639362,761639362,1
r07-o05-gcc13_auto-8388608,7,gcc13_auto,8388608,160,335544320,2513913839,2634976128,2634976128,5517837468,964692624,5517837468,2513948951,2513948951,1
r07-o06-gcc13_scalar-262144,7,gcc13_scalar,262144,5120,335544320,489242785,1812397056,1812397056,1073850901,1677747484,1073850910,489270706,489270706,1
r07-o07-gcc13_auto-32768,7,gcc13_auto,32768,40960,335544320,251989741,3633848320,3633848320,553100118,965304624,553100108,252017706,252017706,1
r07-o08-clang18_scalar-536870912,7,clang18_scalar,536870912,3,402653184,10752979691,1543198232,1543198232,23601903558,956302495,23601903556,10753013810,10753013810,1
r07-o09-clang18_scalar-8388608,7,clang18_scalar,8388608,160,335544320,2371874232,2634976128,2634976128,5206073010,796920356,5206073026,2371908560,2371908560,1
r07-o10-gcc13_auto-262144,7,gcc13_auto,262144,5120,335544320,433255353,1812397056,1812397056,950963462,964767024,950963464,433282709,433282709,1
r07-o11-gcc13_auto-36864,7,gcc13_auto,36864,36409,335545344,263668440,3368420452,3368420452,578733903,965239303,578733914,263695322,263695322,1
r07-o12-clang18_auto-1048576,7,clang18_auto,1048576,1280,335544320,717747184,2000108288,2000108288,1575401783,786463871,1575401784,717777373,717777373,1
r07-o13-clang18_auto-536870912,7,clang18_auto,536870912,3,402653184,10707723925,1543198232,1543198232,23502571039,943719623,23502571026,10707759441,10707759441,1
r07-o14-clang18_auto-6291456,7,clang18_auto,6291456,214,336592896,1766598532,196891892,196891892,3877543625,788895887,3877543604,1766632394,1766632394,1
r07-o15-gcc13_scalar-36864,7,gcc13_scalar,36864,36409,335545344,288127406,3368420452,3368420452,632419752,1677909049,632419744,288154776,288154776,1
r07-o16-gcc13_scalar-536870912,7,gcc13_scalar,536870912,3,402653184,10526884963,1543198232,1543198232,23105642437,2013266219,23105642450,10526917820,10526917820,1
r07-o17-clang18_scalar-36864,7,clang18_scalar,36864,36409,335545344,258095753,3368420452,3368420452,566504057,797249029,566504048,258123253,258123253,1
r07-o18-gcc13_auto-536870912,7,gcc13_auto,536870912,3,402653184,10680244166,1543198232,1543198232,23442253313,1157628253,23442253296,10680279579,10680279579,1
r07-o19-gcc13_scalar-8388608,7,gcc13_scalar,8388608,160,335544320,2474289491,2634976128,2634976128,5430865123,1677722684,5430865110,2474322629,2474322629,1
r07-o20-gcc13_scalar-6291456,7,gcc13_scalar,6291456,214,336592896,2562474371,196891892,196891892,5624423048,1682965834,5624423024,2562507795,2562507795,1
r07-o21-clang18_scalar-32768,7,clang18_scalar,32768,40960,335544320,251016405,3633848320,3633848320,550965498,797287556,550965514,251044889,251044889,1
r07-o22-clang18_auto-32768,7,clang18_auto,32768,40960,335544320,266777039,3633848320,3633848320,585559426,787416191,585559414,266806729,266806729,1
r07-o23-clang18_scalar-6291456,7,clang18_scalar,6291456,214,336592896,2175245576,196891892,196891892,4774490573,799411210,4774490556,2175280092,2175280092,1
r07-o24-clang18_auto-36864,7,clang18_auto,36864,36409,335545344,277904266,3368420452,3368420452,609982915,787309367,609982912,277933442,277933442,1
r07-o25-clang18_auto-262144,7,clang18_auto,262144,5120,335544320,427633360,1812397056,1812397056,938626174,786556031,938626172,427664049,427664049,1
r07-o26-gcc13_scalar-32768,7,gcc13_scalar,32768,40960,335544320,279807770,3633848320,3633848320,614158499,1677926684,614158512,279836647,279836647,1
r07-o27-gcc13_auto-6291456,7,gcc13_auto,6291456,214,336592896,1821569557,196891892,196891892,3998199179,967708090,3998199216,1821606249,1821606249,1
r07-o28-clang18_scalar-262144,7,clang18_scalar,262144,5120,335544320,469443238,1812397056,1812397056,1030394594,796964996,1030394618,469470812,469470812,1
r08-o01-clang18_auto-8388608,8,clang18_auto,8388608,160,335544320,2319071596,2634976128,2634976128,5090175803,786436991,5090175816,2319107501,2319107501,1
r08-o02-gcc13_auto-536870912,8,gcc13_auto,536870912,3,402653184,10633836344,1543198232,1543198232,23340391831,1157628253,23340391822,10633872017,10633872017,1
r08-o03-gcc13_auto-8388608,8,gcc13_auto,8388608,160,335544320,2329794418,2634976128,2634976128,5113710583,964692624,5113710580,2329829557,2329829557,1
r08-o04-gcc13_scalar-262144,8,gcc13_scalar,262144,5120,335544320,490522255,1812397056,1812397056,1076659171,1677747484,1076659166,490549559,490549559,1
r08-o05-gcc13_auto-1048576,8,gcc13_auto,1048576,1280,335544320,723304048,2000108288,2000108288,1587596512,964709424,1587596516,723332966,723332966,1
r08-o06-gcc13_auto-6291456,8,gcc13_auto,6291456,214,336592896,1692965843,196891892,196891892,3715924070,967708090,3715924080,1693000958,1693000958,1
r08-o07-clang18_scalar-1048576,8,clang18_scalar,1048576,1280,335544320,740049618,2000108288,2000108288,1624353611,796930436,1624353610,740079926,740079926,1
r08-o08-clang18_scalar-262144,8,clang18_scalar,262144,5120,335544320,477019507,1812397056,1812397056,1047023686,796964996,1047023670,477047416,477047416,1
r08-o09-gcc13_scalar-32768,8,gcc13_scalar,32768,40960,335544320,279541226,3633848320,3633848320,613573392,1677926684,613573378,279568199,279568199,1
r08-o10-clang18_scalar-6291456,8,clang18_scalar,6291456,214,336592896,1867708525,196891892,196891892,4099471340,799411210,4099471354,1867741103,1867741103,1
r08-o11-gcc13_auto-36864,8,gcc13_auto,36864,36409,335545344,263536435,3368420452,3368420452,578444419,965239303,578444416,263564242,263564242,1
r08-o12-clang18_auto-32768,8,clang18_auto,32768,40960,335544320,266743297,3633848320,3633848320,585484703,787416191,585484702,266770607,266770607,1
r08-o13-gcc13_scalar-536870912,8,gcc13_scalar,536870912,3,402653184,10527118729,1543198232,1543198232,23106155733,2013266219,23106155710,10527151836,10527151836,1
r08-o14-clang18_scalar-536870912,8,clang18_scalar,536870912,3,402653184,10606997988,1543198232,1543198232,23281486180,956302495,23281486184,10607032182,10607032182,1
r08-o15-gcc13_scalar-1048576,8,gcc13_scalar,1048576,1280,335544320,761960252,2000108288,2000108288,1672443102,1677728284,1672443058,761987924,761987924,1
r08-o16-clang18_scalar-36864,8,clang18_scalar,36864,36409,335545344,258061264,3368420452,3368420452,566428223,797249029,566428236,258089231,258089231,1
r08-o17-clang18_auto-1048576,8,clang18_auto,1048576,1280,335544320,711030204,2000108288,2000108288,1560657832,786463871,1560657846,711058980,711058980,1
r08-o18-gcc13_auto-32768,8,gcc13_auto,32768,40960,335544320,252039994,3633848320,3633848320,553210408,965304624,553210416,252068041,252068041,1
r08-o19-gcc13_auto-262144,8,gcc13_auto,262144,5120,335544320,436613371,1812397056,1812397056,958334365,964767024,958334366,436641553,436641553,1
r08-o20-clang18_auto-536870912,8,clang18_auto,536870912,3,402653184,11208515083,1543198232,1543198232,24601766514,943719623,24601766530,11208551005,11208551005,1
r08-o21-gcc13_scalar-6291456,8,gcc13_scalar,6291456,214,336592896,2144243381,196891892,196891892,4706440151,1682965834,4706440156,2144276741,2144276741,1
r08-o22-gcc13_scalar-36864,8,gcc13_scalar,36864,36409,335545344,288102384,3368420452,3368420452,632364377,1677909049,632364370,288129544,288129544,1
r08-o23-clang18_scalar-8388608,8,clang18_scalar,8388608,160,335544320,2395033553,2634976128,2634976128,5256905776,796920356,5256905764,2395066699,2395066699,1
r08-o24-clang18_auto-6291456,8,clang18_auto,6291456,214,336592896,1767623702,196891892,196891892,3879794397,788895887,3879794380,1767660522,1767660522,1
r08-o25-clang18_scalar-32768,8,clang18_scalar,32768,40960,335544320,250973578,3633848320,3633848320,550871981,797287556,550871970,251001803,251001803,1
r08-o26-gcc13_scalar-8388608,8,gcc13_scalar,8388608,160,335544320,2508256654,2634976128,2634976128,5505419340,1677722684,5505419304,2508290656,2508290656,1
r08-o27-clang18_auto-36864,8,clang18_auto,36864,36409,335545344,277959029,3368420452,3368420452,610103161,787309367,610103186,277987100,277987100,1
r08-o28-clang18_auto-262144,8,clang18_auto,262144,5120,335544320,430390031,1812397056,1812397056,944676302,786556031,944676304,430419246,430419246,1
r09-o01-clang18_auto-262144,9,clang18_auto,262144,5120,335544320,426682415,1812397056,1812397056,936538176,786556031,936538196,426711095,426711095,1
r09-o02-clang18_auto-6291456,9,clang18_auto,6291456,214,336592896,1762015645,196891892,196891892,3867484227,788895887,3867484214,1762050883,1762050883,1
r09-o03-gcc13_scalar-8388608,9,gcc13_scalar,8388608,160,335544320,2496383275,2634976128,2634976128,5479358078,1677722684,5479358082,2496415988,2496415988,1
r09-o04-gcc13_scalar-536870912,9,gcc13_scalar,536870912,3,402653184,10551051766,1543198232,1543198232,23158686370,2013266219,23158686364,10551084019,10551084019,1
r09-o05-clang18_scalar-1048576,9,clang18_scalar,1048576,1280,335544320,730535398,2000108288,2000108288,1603469771,796930436,1603469736,730564038,730564038,1
r09-o06-gcc13_auto-1048576,9,gcc13_auto,1048576,1280,335544320,729769306,2000108288,2000108288,1601786690,964709424,1601786670,729798082,729798082,1
r09-o07-clang18_scalar-8388608,9,clang18_scalar,8388608,160,335544320,2365155560,2634976128,2634976128,5191327281,796920356,5191327306,2365190360,2365190360,1
r09-o08-gcc13_auto-6291456,9,gcc13_auto,6291456,214,336592896,1783893651,196891892,196891892,3915503328,967708090,3915503328,1783927929,1783927929,1
r09-o09-gcc13_auto-36864,9,gcc13_auto,36864,36409,335545344,266117777,3368420452,3368420452,584109874,965239303,584109878,266143279,266143279,1
r09-o10-gcc13_auto-536870912,9,gcc13_auto,536870912,3,402653184,10615372279,1543198232,1543198232,23299811922,1157628255,23299811942,10615405708,10615405708,1
r09-o11-clang18_scalar-36864,9,clang18_scalar,36864,36409,335545344,258037406,3368420452,3368420452,566376241,797249029,566376228,258064814,258064814,1
r09-o12-clang18_scalar-262144,9,clang18_scalar,262144,5120,335544320,463013409,1812397056,1812397056,1016281882,796964996,1016281860,463041099,463041099,1
r09-o13-gcc13_scalar-32768,9,gcc13_scalar,32768,40960,335544320,279520103,3633848320,3633848320,613527195,1677926684,613527178,279547278,279547278,1
r09-o14-gcc13_scalar-6291456,9,gcc13_scalar,6291456,214,336592896,2118054780,196891892,196891892,4648958196,1682965834,4648958182,2118087360,2118087360,1
r09-o15-gcc13_scalar-36864,9,gcc13_scalar,36864,36409,335545344,288001370,3368420452,3368420452,632143153,1677909049,632143160,288029167,288029167,1
r09-o16-clang18_scalar-6291456,9,clang18_scalar,6291456,214,336592896,1847160148,196891892,196891892,4054369371,799411210,4054369330,1847193587,1847193587,1
r09-o17-clang18_scalar-536870912,9,clang18_scalar,536870912,3,402653184,11214866796,1543198232,1543198232,24615707763,956302495,24615707754,11214900394,11214900394,1
r09-o18-clang18_auto-1048576,9,clang18_auto,1048576,1280,335544320,710913410,2000108288,2000108288,1560402160,786463871,1560402140,710942666,710942666,1
r09-o19-clang18_auto-536870912,9,clang18_auto,536870912,3,402653184,10507849573,1543198232,1543198232,23063863715,943719623,23063863724,10507885282,10507885282,1
r09-o20-gcc13_scalar-1048576,9,gcc13_scalar,1048576,1280,335544320,780594889,2000108288,2000108288,1713344897,1677728284,1713344930,780623646,780623646,1
r09-o21-clang18_auto-8388608,9,clang18_auto,8388608,160,335544320,2312113918,2634976128,2634976128,5074904735,786436991,5074904736,2312150704,2312150704,1
r09-o22-clang18_auto-36864,9,clang18_auto,36864,36409,335545344,277839094,3368420452,3368420452,609838968,787309367,609838944,277866819,277866819,1
r09-o23-clang18_scalar-32768,9,clang18_scalar,32768,40960,335544320,250942881,3633848320,3633848320,550804150,797287556,550804144,250970646,250970646,1
r09-o24-gcc13_auto-8388608,9,gcc13_auto,8388608,160,335544320,2354987973,2634976128,2634976128,5169008929,964692624,5169008922,2355023456,2355023456,1
r09-o25-gcc13_auto-262144,9,gcc13_auto,262144,5120,335544320,429759117,1812397056,1812397056,943289073,964767024,943289072,429786116,429786116,1
r09-o26-clang18_auto-32768,9,clang18_auto,32768,40960,335544320,266755824,3633848320,3633848320,585512798,787416191,585512818,266783801,266783801,1
r09-o27-gcc13_auto-32768,9,gcc13_auto,32768,40960,335544320,251957438,3633848320,3633848320,553029422,965304624,553029444,251984418,251984418,1
r09-o28-gcc13_scalar-262144,9,gcc13_scalar,262144,5120,335544320,494029264,1812397056,1812397056,1084356831,1677747484,1084356834,494055883,494055883,1
r10-o01-clang18_auto-262144,10,clang18_auto,262144,5120,335544320,435397934,1812397056,1812397056,955668103,786556031,955668120,435425321,435425321,1
r10-o02-clang18_scalar-6291456,10,clang18_scalar,6291456,214,336592896,1915608387,196891892,196891892,4204607394,799411210,4204607440,1915641300,1915641300,1
r10-o03-gcc13_scalar-1048576,10,gcc13_scalar,1048576,1280,335544320,764263869,2000108288,2000108288,1677499644,1677728284,1677499626,764292797,764292797,1
r10-o04-gcc13_auto-262144,10,gcc13_auto,262144,5120,335544320,431143166,1812397056,1812397056,946327427,964767024,946327448,431171407,431171407,1
r10-o05-clang18_auto-6291456,10,clang18_auto,6291456,214,336592896,1772523905,196891892,196891892,3890549560,788895887,3890549542,1772558404,1772558404,1
r10-o06-clang18_scalar-1048576,10,clang18_scalar,1048576,1280,335544320,739458917,2000108288,2000108288,1623056745,796930436,1623056776,739487762,739487762,1
r10-o07-gcc13_scalar-8388608,10,gcc13_scalar,8388608,160,335544320,2516537935,2634976128,2634976128,5523595989,1677722684,5523595968,2516571205,2516571205,1
r10-o08-clang18_scalar-36864,10,clang18_scalar,36864,36409,335545344,258051327,3368420452,3368420452,566406891,797249029,566406896,258079700,258079700,1
r10-o09-gcc13_auto-32768,10,gcc13_auto,32768,40960,335544320,251938080,3633848320,3633848320,552986841,965304624,552986808,251964644,251964644,1
r10-o10-gcc13_auto-1048576,10,gcc13_auto,1048576,1280,335544320,716451169,2000108288,2000108288,1572554836,964709424,1572554852,716479404,716479404,1
r10-o11-gcc13_auto-36864,10,gcc13_auto,36864,36409,335545344,263530466,3368420452,3368420452,578430864,965239303,578430864,263556178,263556178,1
r10-o12-clang18_auto-32768,10,clang18_auto,32768,40960,335544320,266691113,3633848320,3633848320,585370422,787416191,585370434,266718957,266718957,1
r10-o13-gcc13_auto-6291456,10,gcc13_auto,6291456,214,336592896,1725570073,196891892,196891892,3787488278,967708090,3787488320,1725606715,1725606715,1
r10-o14-gcc13_scalar-6291456,10,gcc13_scalar,6291456,214,336592896,2101044816,196891892,196891892,4611623008,1682965834,4611623016,2101077815,2101077815,1
r10-o15-clang18_scalar-262144,10,clang18_scalar,262144,5120,335544320,479607320,1812397056,1812397056,1052703799,796964996,1052703784,479635875,479635875,1
r10-o16-gcc13_scalar-36864,10,gcc13_scalar,36864,36409,335545344,288039763,3368420452,3368420452,632226973,1677909049,632226958,288066692,288066692,1
r10-o17-clang18_scalar-8388608,10,clang18_scalar,8388608,160,335544320,2386273404,2634976128,2634976128,5237678945,796920356,5237678952,2386306952,2386306952,1
r10-o18-clang18_auto-8388608,10,clang18_auto,8388608,160,335544320,2344913684,2634976128,2634976128,5146898668,786436991,5146898636,2344951935,2344951935,1
r10-o19-gcc13_auto-8388608,10,gcc13_auto,8388608,160,335544320,2345342669,2634976128,2634976128,5147837047,964692624,5147837068,2345379197,2345379197,1
r10-o20-gcc13_auto-536870912,10,gcc13_auto,536870912,3,402653184,10656941467,1543198232,1543198232,23391105490,1157628253,23391105474,10656977419,10656977419,1
r10-o21-gcc13_scalar-262144,10,gcc13_scalar,262144,5120,335544320,487378477,1812397056,1812397056,1069758800,1677747484,1069758800,487405062,487405062,1
r10-o22-clang18_auto-1048576,10,clang18_auto,1048576,1280,335544320,719510096,2000108288,2000108288,1579270748,786463871,1579270748,719538756,719538756,1
r10-o23-clang18_auto-36864,10,clang18_auto,36864,36409,335545344,277892497,3368420452,3368420452,609956922,787309367,609956886,277919005,277919005,1
r10-o24-clang18_scalar-536870912,10,clang18_scalar,536870912,3,402653184,10820355701,1543198232,1543198232,23749789871,956302495,23749789888,10820392411,10820392411,1
r10-o25-clang18_auto-536870912,10,clang18_auto,536870912,3,402653184,10497349488,1543198232,1543198232,23040817531,943719623,23040817536,10497387093,10497387093,1
r10-o26-gcc13_scalar-32768,10,gcc13_scalar,32768,40960,335544320,279687885,3633848320,3633848320,613895050,1677926684,613895062,279714590,279714590,1
r10-o27-gcc13_scalar-536870912,10,gcc13_scalar,536870912,3,402653184,10533219080,1543198232,1543198232,23119545632,2013266219,23119545614,10533252482,10533252482,1
r10-o28-clang18_scalar-32768,10,clang18_scalar,32768,40960,335544320,251029131,3633848320,3633848320,550993499,797287556,550993476,251056627,251056627,1
r11-o01-clang18_scalar-32768,11,clang18_scalar,32768,40960,335544320,250968914,3633848320,3633848320,550860905,797287556,550860904,250994378,250994378,1
r11-o02-clang18_auto-1048576,11,clang18_auto,1048576,1280,335544320,711061932,2000108288,2000108288,1560728168,786463871,1560728180,711091645,711091645,1
r11-o03-clang18_auto-32768,11,clang18_auto,32768,40960,335544320,266751876,3633848320,3633848320,585503925,787416191,585503930,266779945,266779945,1
r11-o04-clang18_auto-536870912,11,clang18_auto,536870912,3,402653184,10515543772,1543198232,1543198232,23080751886,943719623,23080751870,10515579910,10515579910,1
r11-o05-clang18_scalar-536870912,11,clang18_scalar,536870912,3,402653184,11169875224,1543198232,1543198232,24516955795,956302495,24516955804,11169910473,11169910473,1
r11-o06-clang18_auto-262144,11,clang18_auto,262144,5120,335544320,434572642,1812397056,1812397056,953857198,786556031,953857190,434604173,434604173,1
r11-o07-gcc13_auto-536870912,11,gcc13_auto,536870912,3,402653184,10626320018,1543198232,1543198232,23323894548,1157628253,23323894572,10626354058,10626354058,1
r11-o08-clang18_scalar-36864,11,clang18_scalar,36864,36409,335545344,258068699,3368420452,3368420452,566444535,797249029,566444538,258096736,258096736,1
r11-o09-clang18_scalar-8388608,11,clang18_scalar,8388608,160,335544320,2391146343,2634976128,2634976128,5248373987,796920356,5248373988,2391179751,2391179751,1
r11-o10-gcc13_scalar-32768,11,gcc13_scalar,32768,40960,335544320,279635385,3633848320,3633848320,613779993,1677926684,613780002,279662194,279662194,1
r11-o11-clang18_scalar-1048576,11,clang18_scalar,1048576,1280,335544320,730023681,2000108288,2000108288,1602347579,796930436,1602347604,730053371,730053371,1
r11-o12-gcc13_auto-36864,11,gcc13_auto,36864,36409,335545344,263619772,3368420452,3368420452,578627219,965239303,578627192,263647667,263647667,1
r11-o13-gcc13_auto-1048576,11,gcc13_auto,1048576,1280,335544320,720357527,2000108288,2000108288,1581128429,964709424,1581128428,720386245,720386245,1
r11-o14-clang18_auto-6291456,11,clang18_auto,6291456,214,336592896,1766621149,196891892,196891892,3877593351,788895887,3877593346,1766656843,1766656843,1
r11-o15-gcc13_scalar-1048576,11,gcc13_scalar,1048576,1280,335544320,763161300,2000108288,2000108288,1675079547,1677728284,1675079560,763189049,763189049,1
r11-o16-gcc13_scalar-8388608,11,gcc13_scalar,8388608,160,335544320,2511738324,2634976128,2634976128,5513061247,1677722684,5513061246,2511771176,2511771176,1
r11-o17-clang18_scalar-6291456,11,clang18_scalar,6291456,214,336592896,1904307347,196891892,196891892,4179802927,799411210,4179802902,1904341146,1904341146,1
r11-o18-gcc13_auto-262144,11,gcc13_auto,262144,5120,335544320,432231915,1812397056,1812397056,948717271,964767024,948717264,432259267,432259267,1
r11-o19-gcc13_scalar-6291456,11,gcc13_scalar,6291456,214,336592896,2120491752,196891892,196891892,4654307520,1682965834,4654307504,2120523769,2120523769,1
r11-o20-gcc13_auto-8388608,11,gcc13_auto,8388608,160,335544320,2339056763,2634976128,2634976128,5134040826,964692624,5134040846,2339092018,2339092018,1
r11-o21-gcc13_auto-32768,11,gcc13_auto,32768,40960,335544320,253927397,3633848320,3633848320,557353496,965304624,557353500,253954640,253954640,1
r11-o22-clang18_auto-8388608,11,clang18_auto,8388608,160,335544320,2313814374,2634976128,2634976128,5078636824,786436991,5078636838,2313850034,2313850034,1
r11-o23-gcc13_scalar-36864,11,gcc13_scalar,36864,36409,335545344,287980099,3368420452,3368420452,632096066,1677909049,632096102,288007306,288007306,1
r11-o24-gcc13_scalar-536870912,11,gcc13_scalar,536870912,3,402653184,10528317814,1543198232,1543198232,23108787493,2013266219,23108787482,10528351608,10528351608,1
r11-o25-gcc13_auto-6291456,11,gcc13_auto,6291456,214,336592896,1743035941,196891892,196891892,3825824007,967708090,3825824002,1743070430,1743070430,1
r11-o26-gcc13_scalar-262144,11,gcc13_scalar,262144,5120,335544320,486710153,1812397056,1812397056,1068292030,1677747484,1068292016,486737142,486737142,1
r11-o27-clang18_scalar-262144,11,clang18_scalar,262144,5120,335544320,487427457,1812397056,1812397056,1069868300,796964996,1069868338,487455205,487455205,1
r11-o28-clang18_auto-36864,11,clang18_auto,36864,36409,335545344,277854184,3368420452,3368420452,609872539,787309367,609872560,277881585,277881585,1
r12-o01-clang18_scalar-6291456,12,clang18_scalar,6291456,214,336592896,1887934005,196891892,196891892,4143865461,799411210,4143865440,1887967929,1887967929,1
r12-o02-gcc13_auto-32768,12,gcc13_auto,32768,40960,335544320,251905035,3633848320,3633848320,552914239,965304624,552914208,251930995,251930995,1
r12-o03-clang18_scalar-32768,12,clang18_scalar,32768,40960,335544320,250986792,3633848320,3633848320,550900633,797287556,550900614,251013552,251013552,1
r12-o04-clang18_scalar-36864,12,clang18_scalar,36864,36409,335545344,258143687,3368420452,3368420452,566609273,797249029,566609252,258169952,258169952,1
r12-o05-clang18_auto-1048576,12,clang18_auto,1048576,1280,335544320,725449638,2000108288,2000108288,1592307225,786463871,1592307244,725478417,725478417,1
r12-o06-clang18_scalar-262144,12,clang18_scalar,262144,5120,335544320,475717161,1812397056,1812397056,1044165556,796964996,1044165562,475745446,475745446,1
r12-o07-clang18_auto-262144,12,clang18_auto,262144,5120,335544320,427595558,1812397056,1812397056,938542238,786556031,938542242,427624263,427624263,1
r12-o08-clang18_auto-536870912,12,clang18_auto,536870912,3,402653184,11150337347,1543198232,1543198232,24464938959,943719674,24464939004,11146679311,11146679311,1
r12-o09-clang18_scalar-536870912,12,clang18_scalar,536870912,3,402653184,10570781878,1543198232,1543198232,23201994907,956302495,23201994926,10570816745,10570816745,1
r12-o10-clang18_scalar-1048576,12,clang18_scalar,1048576,1280,335544320,728903300,2000108288,2000108288,1599887930,796930436,1599887938,728932326,728932326,1
r12-o11-gcc13_auto-36864,12,gcc13_auto,36864,36409,335545344,263572952,3368420452,3368420452,578524368,965239303,578524342,263599621,263599621,1
r12-o12-gcc13_scalar-536870912,12,gcc13_scalar,536870912,3,402653184,10525400466,1543198232,1543198232,23102384339,2013266219,23102384338,10525434061,10525434061,1
r12-o13-gcc13_auto-1048576,12,gcc13_auto,1048576,1280,335544320,718342005,2000108288,2000108288,1576705059,964709424,1576705064,718371013,718371013,1
r12-o14-gcc13_auto-8388608,12,gcc13_auto,8388608,160,335544320,2327264362,2634976128,2634976128,5108157318,964692624,5108157296,2327299893,2327299893,1
r12-o15-gcc13_scalar-6291456,12,gcc13_scalar,6291456,214,336592896,2073471303,196891892,196891892,4551101439,1682965834,4551101456,2073504140,2073504140,1
r12-o16-clang18_auto-8388608,12,clang18_auto,8388608,160,335544320,2317451824,2634976128,2634976128,5086621117,786436991,5086621122,2317488095,2317488095,1
r12-o17-gcc13_auto-536870912,12,gcc13_auto,536870912,3,402653184,10627371563,1543198232,1543198232,23326202617,1157628253,23326202614,10627406808,10627406808,1
r12-o18-clang18_auto-32768,12,clang18_auto,32768,40960,335544320,266716373,3633848320,3633848320,585425717,787416191,585425742,266744304,266744304,1
r12-o19-gcc13_scalar-32768,12,gcc13_scalar,32768,40960,335544320,279425335,3633848320,3633848320,613318894,1677926684,613318860,279451303,279451303,1
r12-o20-gcc13_scalar-262144,12,gcc13_scalar,262144,5120,335544320,489192170,1812397056,1812397056,1073739852,1677747484,1073739854,489220099,489220099,1
r12-o21-clang18_auto-6291456,12,clang18_auto,6291456,214,336592896,1818566421,196891892,196891892,3991608756,788895887,3991608764,1818604373,1818604373,1
r12-o22-clang18_scalar-8388608,12,clang18_scalar,8388608,160,335544320,2379618974,2634976128,2634976128,5223072822,796920356,5223072822,2379653304,2379653304,1
r12-o23-gcc13_scalar-36864,12,gcc13_scalar,36864,36409,335545344,287767057,3368420452,3368420452,631628156,1677909049,631628162,287792455,287792455,1
r12-o24-gcc13_scalar-8388608,12,gcc13_scalar,8388608,160,335544320,2517968016,2634976128,2634976128,5526735323,1677722684,5526735324,2518001364,2518001364,1
r12-o25-gcc13_scalar-1048576,12,gcc13_scalar,1048576,1280,335544320,761748025,2000108288,2000108288,1671977771,1677728284,1671977758,761776716,761776716,1
r12-o26-gcc13_auto-262144,12,gcc13_auto,262144,5120,335544320,443962825,1812397056,1812397056,974465358,964767024,974465338,443989461,443989461,1
r12-o27-clang18_auto-36864,12,clang18_auto,36864,36409,335545344,277519397,3368420452,3368420452,609137764,787309367,609137760,277547032,277547032,1
r12-o28-gcc13_auto-6291456,12,gcc13_auto,6291456,214,336592896,1689887739,196891892,196891892,3709168495,967708090,3709168496,1689923660,1689923660,1
r13-o01-clang18_auto-36864,13,clang18_auto,36864,36409,335545344,277394576,3368420452,3368420452,608863329,787309367,608863288,277420826,277420826,1
r13-o02-clang18_auto-6291456,13,clang18_auto,6291456,214,336592896,1832688170,196891892,196891892,4022604717,788895887,4022604718,1832722680,1832722680,1
r13-o03-gcc13_scalar-32768,13,gcc13_scalar,32768,40960,335544320,279720020,3633848320,3633848320,613965750,1677926684,613965770,279748040,279748040,1
r13-o04-gcc13_scalar-8388608,13,gcc13_scalar,8388608,160,335544320,2993118648,2634976128,2634976128,6569651115,1677722684,6569651132,2993151332,2993151332,1
r13-o05-gcc13_auto-536870912,13,gcc13_auto,536870912,3,402653184,10626604735,1543198232,1543198232,23324519038,1157628253,23324519020,10626640698,10626640698,1
r13-o06-clang18_scalar-36864,13,clang18_scalar,36864,36409,335545344,258067223,3368420452,3368420452,566441141,797249029,566441106,258094286,258094286,1
r13-o07-clang18_scalar-32768,13,clang18_scalar,32768,40960,335544320,250981758,3633848320,3633848320,550889495,797287556,550889482,251009295,251009295,1
r13-o08-gcc13_scalar-1048576,13,gcc13_scalar,1048576,1280,335544320,765456990,2000108288,2000108288,1680118591,1677728284,1680118594,765484597,765484597,1
r13-o09-clang18_auto-32768,13,clang18_auto,32768,40960,335544320,266750195,3633848320,3633848320,585500248,787416191,585500278,266778121,266778121,1
r13-o10-gcc13_auto-6291456,13,gcc13_auto,6291456,214,336592896,1715622297,196891892,196891892,3765652909,967708090,3765652902,1715657009,1715657009,1
r13-o11-gcc13_auto-262144,13,gcc13_auto,262144,5120,335544320,444683489,1812397056,1812397056,976046970,964767024,976046962,444711050,444711050,1
r13-o12-clang18_scalar-8388608,13,clang18_scalar,8388608,160,335544320,2366017329,2634976128,2634976128,5193217887,796920356,5193217898,2366051657,2366051657,1
r13-o13-gcc13_scalar-536870912,13,gcc13_scalar,536870912,3,402653184,10541065307,1543198232,1543198232,23136766892,2013266219,23136766928,10541098226,10541098226,1
r13-o14-clang18_auto-1048576,13,clang18_auto,1048576,1280,335544320,711829585,2000108288,2000108288,1562412427,786463871,1562412434,711858224,711858224,1
r13-o15-clang18_auto-262144,13,clang18_auto,262144,5120,335544320,436223669,1812397056,1812397056,957480517,786556031,957480502,436251767,436251767,1
r13-o16-clang18_auto-536870912,13,clang18_auto,536870912,3,402653184,10522183223,1543198232,1543198232,23095325479,943719623,23095325462,10522218191,10522218191,1
r13-o17-clang18_scalar-6291456,13,clang18_scalar,6291456,214,336592896,1847877756,196891892,196891892,4055944256,799411210,4055944244,1847911098,1847911098,1
r13-o18-gcc13_auto-32768,13,gcc13_auto,32768,40960,335544320,251939420,3633848320,3633848320,552990161,965304624,552990174,251966346,251966346,1
r13-o19-clang18_scalar-262144,13,clang18_scalar,262144,5120,335544320,473776339,1812397056,1812397056,1039905210,796964996,1039905196,473804988,473804988,1
r13-o20-gcc13_auto-8388608,13,gcc13_auto,8388608,160,335544320,2330023994,2634976128,2634976128,5114213798,964692624,5114213808,2330059382,2330059382,1
r13-o21-gcc13_auto-36864,13,gcc13_auto,36864,36409,335545344,263537104,3368420452,3368420452,578445533,965239303,578445538,263563683,263563683,1
r13-o22-clang18_scalar-1048576,13,clang18_scalar,1048576,1280,335544320,747646888,2000108288,2000108288,1641028183,796930436,1641028180,747675911,747675911,1
r13-o23-clang18_auto-8388608,13,clang18_auto,8388608,160,335544320,2304452956,2634976128,2634976128,5058090535,786436991,5058090532,2304490086,2304490086,1
r13-o24-gcc13_scalar-262144,13,gcc13_scalar,262144,5120,335544320,488477037,1812397056,1812397056,1072170085,1677747484,1072170110,488504788,488504788,1
r13-o25-gcc13_scalar-6291456,13,gcc13_scalar,6291456,214,336592896,2077687289,196891892,196891892,4560355424,1682965834,4560355404,2077720402,2077720402,1
r13-o26-clang18_scalar-536870912,13,clang18_scalar,536870912,3,402653184,11399677025,1543198232,1543198232,25021351085,956302495,25021351080,11399711485,11399711485,1
r13-o27-gcc13_auto-1048576,13,gcc13_auto,1048576,1280,335544320,719881393,2000108288,2000108288,1580083575,964709424,1580083560,719909665,719909665,1
r13-o28-gcc13_scalar-36864,13,gcc13_scalar,36864,36409,335545344,288064222,3368420452,3368420452,632280690,1677909049,632280682,288091563,288091563,1
r14-o01-clang18_auto-36864,14,clang18_auto,36864,36409,335545344,277893999,3368420452,3368420452,609960168,787309367,609960164,277922060,277922060,1
r14-o02-gcc13_scalar-536870912,14,gcc13_scalar,536870912,3,402653184,10534102877,1543198232,1543198232,23121484980,2013266219,23121484958,10534136358,10534136358,1
r14-o03-clang18_scalar-32768,14,clang18_scalar,32768,40960,335544320,251001181,3633848320,3633848320,550931724,797287556,550931700,251028005,251028005,1
r14-o04-clang18_auto-6291456,14,clang18_auto,6291456,214,336592896,1778882450,196891892,196891892,3904506142,788895887,3904506166,1778918920,1778918920,1
r14-o05-gcc13_scalar-8388608,14,gcc13_scalar,8388608,160,335544320,2531931589,2634976128,2634976128,5557383750,1677722684,5557383722,2531964317,2531964317,1
r14-o06-gcc13_auto-8388608,14,gcc13_auto,8388608,160,335544320,2366539627,2634976128,2634976128,5194362501,964692624,5194362470,2366576373,2366576373,1
r14-o07-gcc13_scalar-32768,14,gcc13_scalar,32768,40960,335544320,279690251,3633848320,3633848320,613900409,1677926684,613900408,279717203,279717203,1
r14-o08-gcc13_auto-6291456,14,gcc13_auto,6291456,214,336592896,1776531365,196891892,196891892,3899344171,967708090,3899344174,1776567292,1776567292,1
r14-o09-clang18_auto-262144,14,clang18_auto,262144,5120,335544320,435203215,1812397056,1812397056,955240391,786556031,955240374,435231510,435231510,1
r14-o10-clang18_auto-8388608,14,clang18_auto,8388608,160,335544320,2318151333,2634976128,2634976128,5088156801,786436991,5088156788,2318189292,2318189292,1
r14-o11-gcc13_auto-536870912,14,gcc13_auto,536870912,3,402653184,10621436064,1543198232,1543198232,23313174407,1157628253,23313174390,10621472485,10621472485,1
r14-o12-clang18_auto-1048576,14,clang18_auto,1048576,1280,335544320,713039118,2000108288,2000108288,1565067270,786463871,1565067262,713068758,713068758,1
r14-o13-gcc13_auto-36864,14,gcc13_auto,36864,36409,335545344,263577619,3368420452,3368420452,578534736,965239303,578534748,263604506,263604506,1
r14-o14-gcc13_scalar-262144,14,gcc13_scalar,262144,5120,335544320,502468814,1812397056,1812397056,1102880783,1677747484,1102880768,502495907,502495907,1
r14-o15-gcc13_scalar-1048576,14,gcc13_scalar,1048576,1280,335544320,783890876,2000108288,2000108288,1720579096,1677728284,1720579058,783918851,783918851,1
r14-o16-clang18_scalar-1048576,14,clang18_scalar,1048576,1280,335544320,731226476,2000108288,2000108288,1604987164,796930436,1604987164,731255199,731255199,1
r14-o17-gcc13_auto-262144,14,gcc13_auto,262144,5120,335544320,437813723,1812397056,1812397056,960968419,964767024,960968448,437841261,437841261,1
r14-o18-clang18_auto-536870912,14,clang18_auto,536870912,3,402653184,10572327649,1543198232,1543198232,23198177934,943719671,23198177904,10569483964,10569483964,1
r14-o19-gcc13_scalar-6291456,14,gcc13_scalar,6291456,214,336592896,2631603796,196891892,196891892,5776156373,1682965834,5776156364,2631635710,2631635710,1
r14-o20-clang18_scalar-262144,14,clang18_scalar,262144,5120,335544320,474079998,1812397056,1812397056,1040572393,796964996,1040572390,474109319,474109319,1
r14-o21-clang18_auto-32768,14,clang18_auto,32768,40960,335544320,266829376,3633848320,3633848320,585674367,787416191,585674364,266859277,266859277,1
r14-o22-clang18_scalar-8388608,14,clang18_scalar,8388608,160,335544320,2632302240,2634976128,2634976128,5777691129,796920356,5777691106,2632336769,2632336769,1
r14-o23-gcc13_auto-1048576,14,gcc13_auto,1048576,1280,335544320,736210931,2000108288,2000108288,1615925999,964709424,1615925982,736239927,736239927,1
r14-o24-gcc13_auto-32768,14,gcc13_auto,32768,40960,335544320,252053698,3633848320,3633848320,553240862,965304624,553240864,252082489,252082489,1
r14-o25-clang18_scalar-536870912,14,clang18_scalar,536870912,3,402653184,10574754772,1543198232,1543198232,23210714992,956302495,23210714978,10574788688,10574788688,1
r14-o26-gcc13_scalar-36864,14,gcc13_scalar,36864,36409,335545344,287730098,3368420452,3368420452,631547163,1677909049,631547158,287756465,287756465,1
r14-o27-clang18_scalar-6291456,14,clang18_scalar,6291456,214,336592896,1860109440,196891892,196891892,4082792643,799411210,4082792648,1860142556,1860142556,1
r14-o28-clang18_scalar-36864,14,clang18_scalar,36864,36409,335545344,258045519,3368420452,3368420452,566393831,797249029,566393850,258072953,258072953,1
r15-o01-clang18_auto-36864,15,clang18_auto,36864,36409,335545344,277791892,3368420452,3368420452,609735468,787309367,609735434,277818000,277818000,1
r15-o02-clang18_scalar-536870912,15,clang18_scalar,536870912,3,402653184,10575122307,1543198232,1543198232,23211522141,956302495,23211522136,10575155410,10575155410,1
r15-o03-gcc13_auto-32768,15,gcc13_auto,32768,40960,335544320,251977912,3633848320,3633848320,553074267,965304624,553074258,252003402,252003402,1
r15-o04-gcc13_auto-8388608,15,gcc13_auto,8388608,160,335544320,2346748029,2634976128,2634976128,5150922160,964692624,5150922150,2346784086,2346784086,1
r15-o05-clang18_scalar-8388608,15,clang18_scalar,8388608,160,335544320,2374432121,2634976128,2634976128,5211687449,796920356,5211687426,2374465188,2374465188,1
r15-o06-clang18_scalar-32768,15,clang18_scalar,32768,40960,335544320,250974474,3633848320,3633848320,550873490,797287556,550873510,251001659,251001659,1
r15-o07-clang18_scalar-6291456,15,clang18_scalar,6291456,214,336592896,1947603802,196891892,196891892,4274835663,799411210,4274835686,1947637268,1947637268,1
r15-o08-clang18_auto-32768,15,clang18_auto,32768,40960,335544320,266738801,3633848320,3633848320,585474915,787416191,585474934,266766085,266766085,1
r15-o09-clang18_auto-8388608,15,clang18_auto,8388608,160,335544320,2315461768,2634976128,2634976128,5082253333,786436991,5082253352,2315497664,2315497664,1
r15-o10-gcc13_scalar-262144,15,gcc13_scalar,262144,5120,335544320,496401416,1812397056,1812397056,1089563565,1677747484,1089563596,496428404,496428404,1
r15-o11-gcc13_scalar-8388608,15,gcc13_scalar,8388608,160,335544320,2516675570,2634976128,2634976128,5523897914,1677722684,5523897918,2516708219,2516708219,1
r15-o12-clang18_auto-6291456,15,clang18_auto,6291456,214,336592896,1820237534,196891892,196891892,3995277314,788895887,3995277308,1820272586,1820272586,1
r15-o13-clang18_auto-262144,15,clang18_auto,262144,5120,335544320,427006513,1812397056,1812397056,937249242,786556031,937249214,427034612,427034612,1
r15-o14-gcc13_auto-36864,15,gcc13_auto,36864,36409,335545344,265047074,3368420452,3368420452,581759825,965239303,581759794,265074190,265074190,1
r15-o15-clang18_scalar-1048576,15,clang18_scalar,1048576,1280,335544320,733399341,2000108288,2000108288,1609755991,796930436,1609755994,733428171,733428171,1
r15-o16-gcc13_scalar-6291456,15,gcc13_scalar,6291456,214,336592896,2173562916,196891892,196891892,4770794186,1682965834,4770794204,2173595041,2173595041,1
r15-o17-gcc13_auto-6291456,15,gcc13_auto,6291456,214,336592896,1780059384,196891892,196891892,3907087430,967708090,3907087426,1780093803,1780093803,1
r15-o18-clang18_auto-1048576,15,clang18_auto,1048576,1280,335544320,715900444,2000108288,2000108288,1571348331,786463871,1571348306,715929499,715929499,1
r15-o19-gcc13_scalar-32768,15,gcc13_scalar,32768,40960,335544320,279588006,3633848320,3633848320,613675924,1677926684,613675942,279614274,279614274,1
r15-o20-clang18_auto-536870912,15,clang18_auto,536870912,3,402653184,10869680248,1543198232,1543198232,23858051788,943719623,23858051778,10869713771,10869713771,1
r15-o21-gcc13_auto-536870912,15,gcc13_auto,536870912,3,402653184,10626859475,1543198232,1543198232,23325078115,1157628253,23325078128,10626894818,10626894818,1
r15-o22-gcc13_auto-262144,15,gcc13_auto,262144,5120,335544320,437433563,1812397056,1812397056,960134039,964767024,960134054,437461203,437461203,1
r15-o23-gcc13_scalar-1048576,15,gcc13_scalar,1048576,1280,335544320,769443690,2000108288,2000108288,1688868535,1677728284,1688868566,769471329,769471329,1
r15-o24-clang18_scalar-36864,15,clang18_scalar,36864,36409,335545344,258003535,3368420452,3368420452,566301655,797249029,566301648,258031138,258031138,1
r15-o25-gcc13_auto-1048576,15,gcc13_auto,1048576,1280,335544320,731200706,2000108288,2000108288,1604928951,964709424,1604928930,731229080,731229080,1
r15-o26-gcc13_scalar-36864,15,gcc13_scalar,36864,36409,335545344,288102283,3368420452,3368420452,632364248,1677909049,632364238,288130984,288130984,1
r15-o27-gcc13_scalar-536870912,15,gcc13_scalar,536870912,3,402653184,10537240998,1543198232,1543198232,23128373045,2013266219,23128373070,10537274063,10537274063,1
r15-o28-clang18_scalar-262144,15,clang18_scalar,262144,5120,335544320,470872530,1812397056,1812397056,1033531597,796964996,1033531598,470900756,470900756,1
