round,sample_id,language,footprint_bytes,passes,target_operations,shuffle_key
1,r01-o01-rust-6291456,rust,6291456,1221,120000000,0025717295
1,r01-o02-c-262144,c,262144,85450,350000000,0121193505
1,r01-o03-rust-32768,rust,32768,683594,350000000,0153768444
1,r01-o04-go-6291456,go,6291456,1221,120000000,0153998979
1,r01-o05-go-1048576,go,1048576,15259,250000000,0260103230
1,r01-o06-rust-536870912,rust,536870912,3,24000000,0282339722
1,r01-o07-go-36864,go,36864,607639,350000000,0328102030
1,r01-o08-cpp-32768,cpp,32768,683594,350000000,0349056586
1,r01-o09-cpp-262144,cpp,262144,85450,350000000,0386225427
1,r01-o10-cpp-536870912,cpp,536870912,3,24000000,0403690600
1,r01-o11-cpp-1048576,cpp,1048576,15259,250000000,0443292937
1,r01-o12-rust-8388608,rust,8388608,916,120000000,0510826905
1,r01-o13-rust-1048576,rust,1048576,15259,250000000,0666303219
1,r01-o14-go-8388608,go,8388608,916,120000000,0718296401
1,r01-o15-cpp-8388608,cpp,8388608,916,120000000,0751547556
1,r01-o16-c-36864,c,36864,607639,350000000,0846759907
1,r01-o17-go-32768,go,32768,683594,350000000,0853076292
1,r01-o18-go-536870912,go,536870912,3,24000000,0889496800
1,r01-o19-cpp-36864,cpp,36864,607639,350000000,0891217446
1,r01-o20-rust-262144,rust,262144,85450,350000000,1182047110
1,r01-o21-c-8388608,c,8388608,916,120000000,1243813042
1,r01-o22-c-6291456,c,6291456,1221,120000000,1253614968
1,r01-o23-cpp-6291456,cpp,6291456,1221,120000000,1453915162
1,r01-o24-rust-36864,rust,36864,607639,350000000,1564919162
1,r01-o25-c-1048576,c,1048576,15259,250000000,1645578420
1,r01-o26-c-32768,c,32768,683594,350000000,1669733490
1,r01-o27-c-536870912,c,536870912,3,24000000,1762091856
1,r01-o28-go-262144,go,262144,85450,350000000,2103029667
2,r02-o01-go-262144,go,262144,85450,350000000,0120478140
2,r02-o02-c-1048576,c,1048576,15259,250000000,0214579864
2,r02-o03-rust-32768,rust,32768,683594,350000000,0276179925
2,r02-o04-c-32768,c,32768,683594,350000000,0282656108
2,r02-o05-go-36864,go,36864,607639,350000000,0372096274
2,r02-o06-cpp-8388608,cpp,8388608,916,120000000,0487666281
2,r02-o07-go-8388608,go,8388608,916,120000000,0511372788
2,r02-o08-go-1048576,go,1048576,15259,250000000,0569205984
2,r02-o09-cpp-1048576,cpp,1048576,15259,250000000,0670985663
2,r02-o10-go-6291456,go,6291456,1221,120000000,0672473130
2,r02-o11-rust-536870912,rust,536870912,3,24000000,0756411542
2,r02-o12-rust-1048576,rust,1048576,15259,250000000,0800574619
2,r02-o13-c-36864,c,36864,607639,350000000,0917007465
2,r02-o14-cpp-36864,cpp,36864,607639,350000000,0934411051
2,r02-o15-rust-6291456,rust,6291456,1221,120000000,0946319677
2,r02-o16-cpp-262144,cpp,262144,85450,350000000,1063834277
2,r02-o17-cpp-32768,cpp,32768,683594,350000000,1129379877
2,r02-o18-go-536870912,go,536870912,3,24000000,1224577588
2,r02-o19-c-6291456,c,6291456,1221,120000000,1236273946
2,r02-o20-cpp-536870912,cpp,536870912,3,24000000,1264811512
2,r02-o21-c-536870912,c,536870912,3,24000000,1298810930
2,r02-o22-rust-36864,rust,36864,607639,350000000,1356804880
2,r02-o23-rust-8388608,rust,8388608,916,120000000,1570795384
2,r02-o24-rust-262144,rust,262144,85450,350000000,1715418003
2,r02-o25-c-8388608,c,8388608,916,120000000,1735133825
2,r02-o26-cpp-6291456,cpp,6291456,1221,120000000,1904064530
2,r02-o27-go-32768,go,32768,683594,350000000,2050162746
2,r02-o28-c-262144,c,262144,85450,350000000,2053502393
3,r03-o01-c-8388608,c,8388608,916,120000000,0078970961
3,r03-o02-rust-262144,rust,262144,85450,350000000,0101305249
3,r03-o03-cpp-6291456,cpp,6291456,1221,120000000,0206730251
3,r03-o04-cpp-8388608,cpp,8388608,916,120000000,0223785006
3,r03-o05-go-262144,go,262144,85450,350000000,0285410260
3,r03-o06-go-8388608,go,8388608,916,120000000,0304449175
3,r03-o07-rust-32768,rust,32768,683594,350000000,0398591406
3,r03-o08-go-36864,go,36864,607639,350000000,0416090518
3,r03-o09-rust-8388608,rust,8388608,916,120000000,0483280216
3,r03-o10-c-536870912,c,536870912,3,24000000,0835530004
3,r03-o11-go-1048576,go,1048576,15259,250000000,0878308738
3,r03-o12-cpp-1048576,cpp,1048576,15259,250000000,0898678389
3,r03-o13-c-1048576,c,1048576,15259,250000000,0931064955
3,r03-o14-rust-1048576,rust,1048576,15259,250000000,0934846019
3,r03-o15-cpp-36864,cpp,36864,607639,350000000,0977604656
3,r03-o16-c-36864,c,36864,607639,350000000,0987255023
3,r03-o17-c-32768,c,32768,683594,350000000,1043062373
3,r03-o18-go-32768,go,32768,683594,350000000,1099765553
3,r03-o19-rust-36864,rust,36864,607639,350000000,1148690598
3,r03-o20-go-6291456,go,6291456,1221,120000000,1190947281
3,r03-o21-c-6291456,c,6291456,1221,120000000,1218932924
3,r03-o22-rust-536870912,rust,536870912,3,24000000,1230483362
3,r03-o23-go-536870912,go,536870912,3,24000000,1559658376
3,r03-o24-cpp-262144,cpp,262144,85450,350000000,1741443127
3,r03-o25-c-262144,c,262144,85450,350000000,1838327634
3,r03-o26-rust-6291456,rust,6291456,1221,120000000,1866922059
3,r03-o27-cpp-32768,cpp,32768,683594,350000000,1909703168
3,r03-o28-cpp-536870912,cpp,536870912,3,24000000,2125932424
4,r04-o01-go-8388608,go,8388608,916,120000000,0097525562
4,r04-o02-go-32768,go,32768,683594,350000000,0149368360
4,r04-o03-cpp-262144,cpp,262144,85450,350000000,0271568330
4,r04-o04-c-536870912,c,536870912,3,24000000,0372249078
4,r04-o05-go-262144,go,262144,85450,350000000,0450342380
4,r04-o06-go-36864,go,36864,607639,350000000,0460084762
4,r04-o07-rust-32768,rust,32768,683594,350000000,0521002887
4,r04-o08-cpp-32768,cpp,32768,683594,350000000,0542542812
4,r04-o09-c-8388608,c,8388608,916,120000000,0570291744
4,r04-o10-rust-262144,rust,262144,85450,350000000,0634676142
4,r04-o11-rust-6291456,rust,6291456,1221,120000000,0640040794
4,r04-o12-cpp-6291456,cpp,6291456,1221,120000000,0656879619
4,r04-o13-cpp-536870912,cpp,536870912,3,24000000,0839569689
4,r04-o14-rust-36864,rust,36864,607639,350000000,0940576316
4,r04-o15-cpp-36864,cpp,36864,607639,350000000,1020798261
4,r04-o16-c-36864,c,36864,607639,350000000,1057502581
4,r04-o17-rust-1048576,rust,1048576,15259,250000000,1069117419
4,r04-o18-cpp-1048576,cpp,1048576,15259,250000000,1126371115
4,r04-o19-go-1048576,go,1048576,15259,250000000,1187411492
4,r04-o20-c-6291456,c,6291456,1221,120000000,1201591902
4,r04-o21-rust-8388608,rust,8388608,916,120000000,1543248695
4,r04-o22-c-262144,c,262144,85450,350000000,1623152875
4,r04-o23-c-1048576,c,1048576,15259,250000000,1647550046
4,r04-o24-rust-536870912,rust,536870912,3,24000000,1704555182
4,r04-o25-go-6291456,go,6291456,1221,120000000,1709421432
4,r04-o26-c-32768,c,32768,683594,350000000,1803468638
4,r04-o27-go-536870912,go,536870912,3,24000000,1894739164
4,r04-o28-cpp-8388608,cpp,8388608,916,120000000,2107387378
5,r05-o01-rust-536870912,rust,536870912,3,24000000,0031143355
5,r05-o02-go-6291456,go,6291456,1221,120000000,0080411936
5,r05-o03-go-536870912,go,536870912,3,24000000,0082336305
5,r05-o04-c-1048576,c,1048576,15259,250000000,0216551490
5,r05-o05-c-32768,c,32768,683594,350000000,0416391256
5,r05-o06-rust-8388608,rust,8388608,916,120000000,0455733527
5,r05-o07-go-36864,go,36864,607639,350000000,0504079006
5,r05-o08-go-262144,go,262144,85450,350000000,0615274500
5,r05-o09-rust-32768,rust,32768,683594,350000000,0643414368
5,r05-o10-rust-36864,rust,36864,607639,350000000,0732462034
5,r05-o11-cpp-262144,cpp,262144,85450,350000000,0949177180
5,r05-o12-c-8388608,c,8388608,916,120000000,1061612527
5,r05-o13-cpp-36864,cpp,36864,607639,350000000,1063991866
5,r05-o14-cpp-6291456,cpp,6291456,1221,120000000,1107028987
5,r05-o15-c-36864,c,36864,607639,350000000,1127750139
5,r05-o16-rust-262144,rust,262144,85450,350000000,1168047035
5,r05-o17-c-6291456,c,6291456,1221,120000000,1184250880
5,r05-o18-rust-1048576,rust,1048576,15259,250000000,1203388819
5,r05-o19-cpp-32768,cpp,32768,683594,350000000,1322866103
5,r05-o20-go-32768,go,32768,683594,350000000,1346454814
5,r05-o21-cpp-1048576,cpp,1048576,15259,250000000,1354063841
5,r05-o22-c-262144,c,262144,85450,350000000,1407978116
5,r05-o23-go-1048576,go,1048576,15259,250000000,1496514246
5,r05-o24-rust-6291456,rust,6291456,1221,120000000,1560643176
5,r05-o25-cpp-536870912,cpp,536870912,3,24000000,1700690601
5,r05-o26-cpp-8388608,cpp,8388608,916,120000000,1843506103
5,r05-o27-go-8388608,go,8388608,916,120000000,2038085596
5,r05-o28-c-536870912,c,536870912,3,24000000,2056451799
6,r06-o01-rust-6291456,rust,6291456,1221,120000000,0333761911
6,r06-o02-go-32768,go,32768,683594,350000000,0396057621
6,r06-o03-cpp-536870912,cpp,536870912,3,24000000,0414327866
6,r06-o04-go-536870912,go,536870912,3,24000000,0417417093
6,r06-o05-rust-536870912,rust,536870912,3,24000000,0505215175
6,r06-o06-rust-36864,rust,36864,607639,350000000,0524347752
6,r06-o07-go-36864,go,36864,607639,350000000,0548073250
6,r06-o08-go-6291456,go,6291456,1221,120000000,0598886087
6,r06-o09-rust-32768,rust,32768,683594,350000000,0765825849
6,r06-o10-go-262144,go,262144,85450,350000000,0780206620
6,r06-o11-c-1048576,c,1048576,15259,250000000,0933036581
6,r06-o12-cpp-36864,cpp,36864,607639,350000000,1107185471
6,r06-o13-c-6291456,c,6291456,1221,120000000,1166909858
6,r06-o14-c-32768,c,32768,683594,350000000,1176797521
6,r06-o15-c-262144,c,262144,85450,350000000,1192803357
6,r06-o16-c-36864,c,36864,607639,350000000,1197997697
6,r06-o17-rust-1048576,rust,1048576,15259,250000000,1337660219
6,r06-o18-rust-8388608,rust,8388608,916,120000000,1515702006
6,r06-o19-c-8388608,c,8388608,916,120000000,1552933310
6,r06-o20-cpp-6291456,cpp,6291456,1221,120000000,1557178355
6,r06-o21-cpp-8388608,cpp,8388608,916,120000000,1579624828
6,r06-o22-cpp-1048576,cpp,1048576,15259,250000000,1581756567
6,r06-o23-c-536870912,c,536870912,3,24000000,1593170873
6,r06-o24-cpp-262144,cpp,262144,85450,350000000,1626786030
6,r06-o25-rust-262144,rust,262144,85450,350000000,1701417928
6,r06-o26-go-1048576,go,1048576,15259,250000000,1805617000
6,r06-o27-go-8388608,go,8388608,916,120000000,1831161983
6,r06-o28-cpp-32768,cpp,32768,683594,350000000,2103189394
7,r07-o01-rust-262144,rust,262144,85450,350000000,0087305174
7,r07-o02-cpp-262144,cpp,262144,85450,350000000,0156911233
7,r07-o03-rust-36864,rust,36864,607639,350000000,0316233470
7,r07-o04-rust-8388608,rust,8388608,916,120000000,0428186838
7,r07-o05-go-36864,go,36864,607639,350000000,0592067494
7,r07-o06-cpp-32768,cpp,32768,683594,350000000,0736029038
7,r07-o07-go-536870912,go,536870912,3,24000000,0752497881
7,r07-o08-rust-32768,rust,32768,683594,350000000,0888237330
7,r07-o09-go-262144,go,262144,85450,350000000,0945138740
7,r07-o10-c-262144,c,262144,85450,350000000,0977628598
7,r07-o11-rust-536870912,rust,536870912,3,24000000,0979286995
7,r07-o12-go-6291456,go,6291456,1221,120000000,1117360238
7,r07-o13-c-536870912,c,536870912,3,24000000,1129889947
7,r07-o14-c-6291456,c,6291456,1221,120000000,1149568836
7,r07-o15-cpp-36864,cpp,36864,607639,350000000,1150379076
7,r07-o16-rust-6291456,rust,6291456,1221,120000000,1254364293
7,r07-o17-c-36864,c,36864,607639,350000000,1268245255
7,r07-o18-cpp-536870912,cpp,536870912,3,24000000,1275448778
7,r07-o19-cpp-8388608,cpp,8388608,916,120000000,1315743553
7,r07-o20-rust-1048576,rust,1048576,15259,250000000,1471931619
7,r07-o21-go-32768,go,32768,683594,350000000,1593144075
7,r07-o22-go-8388608,go,8388608,916,120000000,1624238370
7,r07-o23-c-1048576,c,1048576,15259,250000000,1649521672
7,r07-o24-cpp-1048576,cpp,1048576,15259,250000000,1809449293
7,r07-o25-c-32768,c,32768,683594,350000000,1937203786
7,r07-o26-cpp-6291456,cpp,6291456,1221,120000000,2007327723
7,r07-o27-c-8388608,c,8388608,916,120000000,2044254093
7,r07-o28-go-1048576,go,1048576,15259,250000000,2114719754
8,r08-o01-rust-6291456,rust,6291456,1221,120000000,0027483028
8,r08-o02-rust-36864,rust,36864,607639,350000000,0108119188
8,r08-o03-c-1048576,c,1048576,15259,250000000,0218523116
8,r08-o04-go-1048576,go,1048576,15259,250000000,0276338861
8,r08-o05-cpp-6291456,cpp,6291456,1221,120000000,0309993444
8,r08-o06-c-8388608,c,8388608,916,120000000,0388091229
8,r08-o07-c-32768,c,32768,683594,350000000,0550126404
8,r08-o08-rust-262144,rust,262144,85450,350000000,0620676067
8,r08-o09-go-36864,go,36864,607639,350000000,0636061738
8,r08-o10-go-32768,go,32768,683594,350000000,0642746882
8,r08-o11-c-536870912,c,536870912,3,24000000,0666609021
8,r08-o12-c-262144,c,262144,85450,350000000,0762453839
8,r08-o13-cpp-262144,cpp,262144,85450,350000000,0834520083
8,r08-o14-rust-32768,rust,32768,683594,350000000,1010648811
8,r08-o15-cpp-8388608,cpp,8388608,916,120000000,1051862278
8,r08-o16-go-536870912,go,536870912,3,24000000,1087578669
8,r08-o17-go-262144,go,262144,85450,350000000,1110070860
8,r08-o18-c-6291456,c,6291456,1221,120000000,1132227814
8,r08-o19-cpp-36864,cpp,36864,607639,350000000,1193572681
8,r08-o20-c-36864,c,36864,607639,350000000,1338492813
8,r08-o21-go-8388608,go,8388608,916,120000000,1417314757
8,r08-o22-rust-536870912,rust,536870912,3,24000000,1453358815
8,r08-o23-rust-8388608,rust,8388608,916,120000000,1488155317
8,r08-o24-cpp-32768,cpp,32768,683594,350000000,1516352329
8,r08-o25-rust-1048576,rust,1048576,15259,250000000,1606203019
8,r08-o26-go-6291456,go,6291456,1221,120000000,1635834389
8,r08-o27-cpp-1048576,cpp,1048576,15259,250000000,2037142019
8,r08-o28-cpp-536870912,cpp,536870912,3,24000000,2136569690
9,r09-o01-go-6291456,go,6291456,1221,120000000,0006824893
9,r09-o02-cpp-1048576,cpp,1048576,15259,250000000,0117351098
9,r09-o03-cpp-32768,cpp,32768,683594,350000000,0149191973
9,r09-o04-c-536870912,c,536870912,3,24000000,0203328095
9,r09-o05-rust-8388608,rust,8388608,916,120000000,0400640149
9,r09-o06-c-262144,c,262144,85450,350000000,0547279080
9,r09-o07-go-1048576,go,1048576,15259,250000000,0585441615
9,r09-o08-go-36864,go,36864,607639,350000000,0680055982
9,r09-o09-cpp-6291456,cpp,6291456,1221,120000000,0760142812
9,r09-o10-cpp-8388608,cpp,8388608,916,120000000,0787981003
9,r09-o11-cpp-536870912,cpp,536870912,3,24000000,0850206955
9,r09-o12-c-8388608,c,8388608,916,120000000,0879412012
9,r09-o13-c-1048576,c,1048576,15259,250000000,0935008207
9,r09-o14-rust-6291456,rust,6291456,1221,120000000,0948085410
9,r09-o15-c-6291456,c,6291456,1221,120000000,1114886792
9,r09-o16-rust-32768,rust,32768,683594,350000000,1133060292
9,r09-o17-rust-262144,rust,262144,85450,350000000,1154046960
9,r09-o18-go-8388608,go,8388608,916,120000000,1210391144
9,r09-o19-cpp-36864,cpp,36864,607639,350000000,1236766286
9,r09-o20-go-262144,go,262144,85450,350000000,1275002980
9,r09-o21-c-32768,c,32768,683594,350000000,1310532669
9,r09-o22-c-36864,c,36864,607639,350000000,1408740371
9,r09-o23-go-536870912,go,536870912,3,24000000,1422659457
9,r09-o24-cpp-262144,cpp,262144,85450,350000000,1512128933
9,r09-o25-rust-1048576,rust,1048576,15259,250000000,1740474419
9,r09-o26-go-32768,go,32768,683594,350000000,1839833336
9,r09-o27-rust-536870912,rust,536870912,3,24000000,1927430635
9,r09-o28-rust-36864,rust,36864,607639,350000000,2047488553
10,r10-o01-cpp-262144,cpp,262144,85450,350000000,0042254136
10,r10-o02-rust-536870912,rust,536870912,3,24000000,0254018808
10,r10-o03-c-262144,c,262144,85450,350000000,0332104321
10,r10-o04-cpp-1048576,cpp,1048576,15259,250000000,0345043824
10,r10-o05-cpp-8388608,cpp,8388608,916,120000000,0524099728
10,r10-o06-go-6291456,go,6291456,1221,120000000,0525299044
10,r10-o07-go-36864,go,36864,607639,350000000,0724050226
10,r10-o08-go-32768,go,32768,683594,350000000,0889436143
10,r10-o09-go-1048576,go,1048576,15259,250000000,0894544369
10,r10-o10-cpp-32768,cpp,32768,683594,350000000,0929515264
10,r10-o11-go-8388608,go,8388608,916,120000000,1003467531
10,r10-o12-c-6291456,c,6291456,1221,120000000,1097545770
10,r10-o13-cpp-6291456,cpp,6291456,1221,120000000,1210292180
10,r10-o14-rust-32768,rust,32768,683594,350000000,1255471773
10,r10-o15-cpp-36864,cpp,36864,607639,350000000,1279959891
10,r10-o16-c-8388608,c,8388608,916,120000000,1370732795
10,r10-o17-go-262144,go,262144,85450,350000000,1439935100
10,r10-o18-rust-8388608,rust,8388608,916,120000000,1460608628
10,r10-o19-c-36864,c,36864,607639,350000000,1478987929
10,r10-o20-c-1048576,c,1048576,15259,250000000,1651493298
10,r10-o21-rust-262144,rust,262144,85450,350000000,1687417853
10,r10-o22-cpp-536870912,cpp,536870912,3,24000000,1711327867
10,r10-o23-go-536870912,go,536870912,3,24000000,1757740245
10,r10-o24-rust-36864,rust,36864,607639,350000000,1839374271
10,r10-o25-rust-6291456,rust,6291456,1221,120000000,1868687792
10,r10-o26-rust-1048576,rust,1048576,15259,250000000,1874745819
10,r10-o27-c-536870912,c,536870912,3,24000000,1887530816
10,r10-o28-c-32768,c,32768,683594,350000000,2070938934
11,r11-o01-rust-262144,rust,262144,85450,350000000,0073305099
11,r11-o02-c-262144,c,262144,85450,350000000,0116929562
11,r11-o03-c-1048576,c,1048576,15259,250000000,0220494742
11,r11-o04-cpp-8388608,cpp,8388608,916,120000000,0260218453
11,r11-o05-rust-8388608,rust,8388608,916,120000000,0373093460
11,r11-o06-cpp-536870912,cpp,536870912,3,24000000,0424965132
11,r11-o07-cpp-1048576,cpp,1048576,15259,250000000,0572736550
11,r11-o08-rust-6291456,rust,6291456,1221,120000000,0641806527
11,r11-o09-c-32768,c,32768,683594,350000000,0683861552
11,r11-o10-cpp-262144,cpp,262144,85450,350000000,0719862986
11,r11-o11-rust-536870912,rust,536870912,3,24000000,0728090628
11,r11-o12-go-36864,go,36864,607639,350000000,0768044470
11,r11-o13-go-8388608,go,8388608,916,120000000,0796543918
11,r11-o14-go-6291456,go,6291456,1221,120000000,1043773195
11,r11-o15-c-6291456,c,6291456,1221,120000000,1080204748
11,r11-o16-go-1048576,go,1048576,15259,250000000,1203647123
11,r11-o17-cpp-36864,cpp,36864,607639,350000000,1323153496
11,r11-o18-rust-32768,rust,32768,683594,350000000,1377883254
11,r11-o19-c-536870912,c,536870912,3,24000000,1424249890
11,r11-o20-c-36864,c,36864,607639,350000000,1549235487
11,r11-o21-go-262144,go,262144,85450,350000000,1604867220
11,r11-o22-rust-36864,rust,36864,607639,350000000,1631259989
11,r11-o23-cpp-6291456,cpp,6291456,1221,120000000,1660441548
11,r11-o24-cpp-32768,cpp,32768,683594,350000000,1709838555
11,r11-o25-c-8388608,c,8388608,916,120000000,1862053578
11,r11-o26-rust-1048576,rust,1048576,15259,250000000,2009017219
11,r11-o27-go-32768,go,32768,683594,350000000,2086522597
11,r11-o28-go-536870912,go,536870912,3,24000000,2092821033
12,r12-o01-c-8388608,c,8388608,916,120000000,0205890714
12,r12-o02-go-536870912,go,536870912,3,24000000,0280418174
12,r12-o03-cpp-32768,cpp,32768,683594,350000000,0342678199
12,r12-o04-go-8388608,go,8388608,916,120000000,0589620305
12,r12-o05-rust-262144,rust,262144,85450,350000000,0606675992
12,r12-o06-cpp-1048576,cpp,1048576,15259,250000000,0800429276
12,r12-o07-go-36864,go,36864,607639,350000000,0812038714
12,r12-o08-c-1048576,c,1048576,15259,250000000,0936979833
12,r12-o09-c-536870912,c,536870912,3,24000000,0960968964
12,r12-o10-c-6291456,c,6291456,1221,120000000,1062863726
12,r12-o11-go-32768,go,32768,683594,350000000,1136125404
12,r12-o12-rust-536870912,rust,536870912,3,24000000,1202162448
12,r12-o13-cpp-536870912,cpp,536870912,3,24000000,1286086044
12,r12-o14-cpp-36864,cpp,36864,607639,350000000,1366347101
12,r12-o15-cpp-262144,cpp,262144,85450,350000000,1397471836
12,r12-o16-rust-36864,rust,36864,607639,350000000,1423145707
12,r12-o17-rust-8388608,rust,8388608,916,120000000,1433061939
12,r12-o18-c-32768,c,32768,683594,350000000,1444267817
12,r12-o19-rust-32768,rust,32768,683594,350000000,1500294735
12,r12-o20-go-1048576,go,1048576,15259,250000000,1512749877
12,r12-o21-go-6291456,go,6291456,1221,120000000,1562247346
12,r12-o22-rust-6291456,rust,6291456,1221,120000000,1562408909
12,r12-o23-c-36864,c,36864,607639,350000000,1619483045
12,r12-o24-go-262144,go,262144,85450,350000000,1769799340
12,r12-o25-c-262144,c,262144,85450,350000000,2049238450
12,r12-o26-cpp-6291456,cpp,6291456,1221,120000000,2110590916
12,r12-o27-rust-1048576,rust,1048576,15259,250000000,2143288619
12,r12-o28-cpp-8388608,cpp,8388608,916,120000000,2143820825
13,r13-o01-c-32768,c,32768,683594,350000000,0057190435
13,r13-o02-rust-1048576,rust,1048576,15259,250000000,0130076372
13,r13-o03-go-32768,go,32768,683594,350000000,0185728211
13,r13-o04-rust-6291456,rust,6291456,1221,120000000,0335527644
13,r13-o05-rust-8388608,rust,8388608,916,120000000,0345546771
13,r13-o06-go-8388608,go,8388608,916,120000000,0382696692
13,r13-o07-cpp-6291456,cpp,6291456,1221,120000000,0413256637
13,r13-o08-c-536870912,c,536870912,3,24000000,0497688038
13,r13-o09-go-536870912,go,536870912,3,24000000,0615498962
13,r13-o10-c-8388608,c,8388608,916,120000000,0697211497
13,r13-o11-go-36864,go,36864,607639,350000000,0856032958
13,r13-o12-cpp-1048576,cpp,1048576,15259,250000000,1028122002
13,r13-o13-c-6291456,c,6291456,1221,120000000,1045522704
13,r13-o14-cpp-32768,cpp,32768,683594,350000000,1123001490
13,r13-o15-rust-262144,rust,262144,85450,350000000,1140046885
13,r13-o16-rust-36864,rust,36864,607639,350000000,1215031425
13,r13-o17-cpp-36864,cpp,36864,607639,350000000,1409540706
13,r13-o18-rust-32768,rust,32768,683594,350000000,1622706216
13,r13-o19-c-1048576,c,1048576,15259,250000000,1653464924
13,r13-o20-rust-536870912,rust,536870912,3,24000000,1676234268
13,r13-o21-c-36864,c,36864,607639,350000000,1689730603
13,r13-o22-go-1048576,go,1048576,15259,250000000,1821852631
13,r13-o23-c-262144,c,262144,85450,350000000,1834063691
13,r13-o24-cpp-8388608,cpp,8388608,916,120000000,1879939550
13,r13-o25-go-262144,go,262144,85450,350000000,1934731460
13,r13-o26-cpp-262144,cpp,262144,85450,350000000,2075080686
13,r13-o27-go-6291456,go,6291456,1221,120000000,2080721497
13,r13-o28-cpp-536870912,cpp,536870912,3,24000000,2147206956
14,r14-o01-rust-536870912,rust,536870912,3,24000000,0002822441
14,r14-o02-c-536870912,c,536870912,3,24000000,0034407112
14,r14-o03-go-8388608,go,8388608,916,120000000,0175773079
14,r14-o04-c-1048576,c,1048576,15259,250000000,0222466368
14,r14-o05-rust-1048576,rust,1048576,15259,250000000,0264347772
14,r14-o06-go-6291456,go,6291456,1221,120000000,0451712001
14,r14-o07-cpp-262144,cpp,262144,85450,350000000,0605205889
14,r14-o08-c-32768,c,32768,683594,350000000,0817596700
14,r14-o09-cpp-536870912,cpp,536870912,3,24000000,0860844221
14,r14-o10-cpp-6291456,cpp,6291456,1221,120000000,0863406005
14,r14-o11-go-36864,go,36864,607639,350000000,0900027202
14,r14-o12-go-536870912,go,536870912,3,24000000,0950579750
14,r14-o13-rust-36864,rust,36864,607639,350000000,1006917143
14,r14-o14-c-6291456,c,6291456,1221,120000000,1028181682
14,r14-o15-c-8388608,c,8388608,916,120000000,1188532280
14,r14-o16-cpp-1048576,cpp,1048576,15259,250000000,1255814728
14,r14-o17-rust-6291456,rust,6291456,1221,120000000,1256130026
14,r14-o18-go-32768,go,32768,683594,350000000,1382814665
14,r14-o19-rust-8388608,rust,8388608,916,120000000,1405515250
14,r14-o20-cpp-36864,cpp,36864,607639,350000000,1452734311
14,r14-o21-cpp-8388608,cpp,8388608,916,120000000,1616058275
14,r14-o22-c-262144,c,262144,85450,350000000,1618888932
14,r14-o23-rust-262144,rust,262144,85450,350000000,1673417778
14,r14-o24-rust-32768,rust,32768,683594,350000000,1745117697
14,r14-o25-c-36864,c,36864,607639,350000000,1759978161
14,r14-o26-cpp-32768,cpp,32768,683594,350000000,1903324781
14,r14-o27-go-262144,go,262144,85450,350000000,2099663580
14,r14-o28-go-1048576,go,1048576,15259,250000000,2130955385
15,r15-o01-rust-6291456,rust,6291456,1221,120000000,0029248761
15,r15-o02-rust-262144,rust,262144,85450,350000000,0059305024
15,r15-o03-go-262144,go,262144,85450,350000000,0117112053
15,r15-o04-go-1048576,go,1048576,15259,250000000,0292574492
15,r15-o05-rust-8388608,rust,8388608,916,120000000,0318000082
15,r15-o06-rust-1048576,rust,1048576,15259,250000000,0398619172
15,r15-o07-go-32768,go,32768,683594,350000000,0432417472
15,r15-o08-rust-536870912,rust,536870912,3,24000000,0476894261
15,r15-o09-cpp-32768,cpp,32768,683594,350000000,0536164425
15,r15-o10-rust-36864,rust,36864,607639,350000000,0798802861
15,r15-o11-c-1048576,c,1048576,15259,250000000,0938951459
15,r15-o12-go-36864,go,36864,607639,350000000,0944021446
15,r15-o13-go-6291456,go,6291456,1221,120000000,0970186152
15,r15-o14-c-6291456,c,6291456,1221,120000000,1010840660
15,r15-o15-cpp-262144,cpp,262144,85450,350000000,1282814739
15,r15-o16-go-536870912,go,536870912,3,24000000,1285660538
15,r15-o17-cpp-6291456,cpp,6291456,1221,120000000,1313555373
15,r15-o18-cpp-8388608,cpp,8388608,916,120000000,1352177000
15,r15-o19-c-262144,c,262144,85450,350000000,1403714173
15,r15-o20-cpp-1048576,cpp,1048576,15259,250000000,1483507454
15,r15-o21-cpp-36864,cpp,36864,607639,350000000,1495927916
15,r15-o22-c-32768,c,32768,683594,350000000,1578002965
15,r15-o23-c-8388608,c,8388608,916,120000000,1679853063
15,r15-o24-c-536870912,c,536870912,3,24000000,1718609833
15,r15-o25-cpp-536870912,cpp,536870912,3,24000000,1721965133
15,r15-o26-c-36864,c,36864,607639,350000000,1830225719
15,r15-o27-rust-32768,rust,32768,683594,350000000,1867529178
15,r15-o28-go-8388608,go,8388608,916,120000000,2116333113
