round,sample_id,compiler,footprint_bytes,passes,target_operations,shuffle_key
1,r01-o01-gcc13_auto-32768,gcc13_auto,32768,195313,100000000,0166450792
1,r01-o02-clang18_auto-6291456,clang18_auto,6291456,102,10000000,0225700531
1,r01-o03-gcc13_scalar-1048576,gcc13_scalar,1048576,1221,20000000,0395249673
1,r01-o04-clang18_scalar-36864,clang18_scalar,36864,173612,100000000,0459017001
1,r01-o05-gcc13_auto-36864,gcc13_auto,36864,173612,100000000,0483861763
1,r01-o06-gcc13_auto-536870912,gcc13_auto,536870912,1,4000000,0486297619
1,r01-o07-gcc13_scalar-8388608,gcc13_scalar,8388608,62,8000000,0605790670
1,r01-o08-clang18_scalar-6291456,clang18_scalar,6291456,102,10000000,0613673119
1,r01-o09-clang18_scalar-8388608,clang18_scalar,8388608,62,8000000,0726653972
1,r01-o10-gcc13_auto-1048576,gcc13_auto,1048576,1221,20000000,0852245435
1,r01-o11-clang18_auto-262144,clang18_auto,262144,9766,40000000,0899601460
1,r01-o12-gcc13_scalar-36864,gcc13_scalar,36864,173612,100000000,0915574513
1,r01-o13-gcc13_auto-262144,gcc13_auto,262144,9766,40000000,0937028243
1,r01-o14-clang18_scalar-262144,clang18_scalar,262144,9766,40000000,0989744739
1,r01-o15-clang18_scalar-32768,clang18_scalar,32768,195313,100000000,1009857205
1,r01-o16-clang18_auto-32768,clang18_auto,32768,195313,100000000,1085839302
1,r01-o17-clang18_auto-536870912,clang18_auto,536870912,1,4000000,1194466667
1,r01-o18-clang18_auto-1048576,clang18_auto,1048576,1221,20000000,1308692538
1,r01-o19-clang18_auto-8388608,clang18_auto,8388608,62,8000000,1463475961
1,r01-o20-gcc13_auto-6291456,gcc13_auto,6291456,102,10000000,1464471015
1,r01-o21-gcc13_scalar-6291456,gcc13_scalar,6291456,102,10000000,1518541646
1,r01-o22-clang18_scalar-1048576,clang18_scalar,1048576,1221,20000000,1542650953
1,r01-o23-clang18_auto-36864,clang18_auto,36864,173612,100000000,1620869172
1,r01-o24-gcc13_scalar-32768,gcc13_scalar,32768,195313,100000000,1669685219
1,r01-o25-gcc13_scalar-262144,gcc13_scalar,262144,9766,40000000,1704090461
1,r01-o26-gcc13_scalar-536870912,gcc13_scalar,536870912,1,4000000,1973545366
1,r01-o27-gcc13_auto-8388608,gcc13_auto,8388608,62,8000000,1984094018
1,r01-o28-clang18_scalar-536870912,clang18_scalar,536870912,1,4000000,2076105039
2,r02-o01-clang18_auto-32768,clang18_auto,32768,195313,100000000,0135442109
2,r02-o02-clang18_scalar-36864,clang18_scalar,36864,173612,100000000,0250902719
2,r02-o03-gcc13_scalar-32768,gcc13_scalar,32768,195313,100000000,0282607837
2,r02-o04-clang18_scalar-536870912,clang18_scalar,536870912,1,4000000,0402693212
2,r02-o05-gcc13_auto-36864,gcc13_auto,36864,173612,100000000,0527055368
2,r02-o06-clang18_auto-6291456,clang18_auto,6291456,102,10000000,0744174682
2,r02-o07-gcc13_auto-32768,gcc13_auto,32768,195313,100000000,0946774083
2,r02-o08-gcc13_scalar-36864,gcc13_scalar,36864,173612,100000000,0985822071
2,r02-o09-clang18_auto-262144,clang18_auto,262144,9766,40000000,1064533580
2,r02-o10-gcc13_auto-1048576,gcc13_auto,1048576,1221,20000000,1079938161
2,r02-o11-gcc13_scalar-8388608,gcc13_scalar,8388608,62,8000000,1097111453
2,r02-o12-gcc13_scalar-1048576,gcc13_scalar,1048576,1221,20000000,1111734764
2,r02-o13-clang18_scalar-32768,clang18_scalar,32768,195313,100000000,1132268686
2,r02-o14-clang18_auto-8388608,clang18_auto,8388608,62,8000000,1256552348
2,r02-o15-gcc13_auto-536870912,gcc13_auto,536870912,1,4000000,1347418531
2,r02-o16-gcc13_scalar-262144,gcc13_scalar,262144,9766,40000000,1488915702
2,r02-o17-gcc13_scalar-6291456,gcc13_scalar,6291456,102,10000000,1501200624
2,r02-o18-gcc13_scalar-536870912,gcc13_scalar,536870912,1,4000000,1510264440
2,r02-o19-clang18_scalar-262144,clang18_scalar,262144,9766,40000000,1523115632
2,r02-o20-clang18_auto-536870912,clang18_auto,536870912,1,4000000,1529547455
2,r02-o21-clang18_scalar-6291456,clang18_scalar,6291456,102,10000000,1534275501
2,r02-o22-gcc13_auto-262144,gcc13_auto,262144,9766,40000000,1614637093
2,r02-o23-clang18_auto-1048576,clang18_auto,1048576,1221,20000000,1617795292
2,r02-o24-clang18_auto-36864,clang18_auto,36864,173612,100000000,1664863416
2,r02-o25-clang18_scalar-1048576,clang18_scalar,1048576,1221,20000000,1676922353
2,r02-o26-gcc13_auto-8388608,gcc13_auto,8388608,62,8000000,1720212743
2,r02-o27-clang18_scalar-8388608,clang18_scalar,8388608,62,8000000,1786622451
2,r02-o28-gcc13_auto-6291456,gcc13_auto,6291456,102,10000000,1914620383
3,r03-o01-clang18_scalar-36864,clang18_scalar,36864,173612,100000000,0042788437
3,r03-o02-gcc13_auto-536870912,gcc13_auto,536870912,1,4000000,0061055796
3,r03-o03-gcc13_auto-262144,gcc13_auto,262144,9766,40000000,0144762296
3,r03-o04-gcc13_auto-6291456,gcc13_auto,6291456,102,10000000,0217286104
3,r03-o05-clang18_scalar-6291456,clang18_scalar,6291456,102,10000000,0307394236
3,r03-o06-gcc13_auto-36864,gcc13_auto,36864,173612,100000000,0570248973
3,r03-o07-clang18_scalar-8388608,clang18_scalar,8388608,62,8000000,0699107283
3,r03-o08-clang18_scalar-536870912,clang18_scalar,536870912,1,4000000,0876765032
3,r03-o09-gcc13_scalar-32768,gcc13_scalar,32768,195313,100000000,1043014102
3,r03-o10-gcc13_scalar-536870912,gcc13_scalar,536870912,1,4000000,1046983514
3,r03-o11-clang18_auto-8388608,clang18_auto,8388608,62,8000000,1049628735
3,r03-o12-gcc13_scalar-36864,gcc13_scalar,36864,173612,100000000,1056069629
3,r03-o13-clang18_auto-262144,clang18_auto,262144,9766,40000000,1229465700
3,r03-o14-clang18_scalar-32768,clang18_scalar,32768,195313,100000000,1254680167
3,r03-o15-clang18_auto-6291456,clang18_auto,6291456,102,10000000,1262648833
3,r03-o16-gcc13_scalar-262144,gcc13_scalar,262144,9766,40000000,1273740943
3,r03-o17-gcc13_auto-1048576,gcc13_auto,1048576,1221,20000000,1307630887
3,r03-o18-clang18_auto-32768,clang18_auto,32768,195313,100000000,1332528563
3,r03-o19-gcc13_auto-8388608,gcc13_auto,8388608,62,8000000,1456331468
3,r03-o20-gcc13_scalar-6291456,gcc13_scalar,6291456,102,10000000,1483859602
3,r03-o21-gcc13_scalar-8388608,gcc13_scalar,8388608,62,8000000,1588432236
3,r03-o22-clang18_auto-36864,clang18_auto,36864,173612,100000000,1708857660
3,r03-o23-gcc13_auto-32768,gcc13_auto,32768,195313,100000000,1727097374
3,r03-o24-clang18_scalar-1048576,clang18_scalar,1048576,1221,20000000,1811193753
3,r03-o25-gcc13_scalar-1048576,gcc13_scalar,1048576,1221,20000000,1828219855
3,r03-o26-clang18_auto-536870912,clang18_auto,536870912,1,4000000,1864628243
3,r03-o27-clang18_auto-1048576,clang18_auto,1048576,1221,20000000,1926898046
3,r03-o28-clang18_scalar-262144,clang18_scalar,262144,9766,40000000,2056486525
4,r04-o01-clang18_auto-536870912,clang18_auto,536870912,1,4000000,0052225384
4,r04-o02-clang18_auto-1048576,clang18_auto,1048576,1221,20000000,0088517153
4,r04-o03-gcc13_auto-32768,gcc13_auto,32768,195313,100000000,0359937018
4,r04-o04-clang18_auto-32768,clang18_auto,32768,195313,100000000,0382131370
4,r04-o05-gcc13_scalar-1048576,gcc13_scalar,1048576,1221,20000000,0397221299
4,r04-o06-clang18_scalar-262144,clang18_scalar,262144,9766,40000000,0442373771
4,r04-o07-gcc13_scalar-536870912,gcc13_scalar,536870912,1,4000000,0583702588
4,r04-o08-gcc13_auto-36864,gcc13_auto,36864,173612,100000000,0613442578
4,r04-o09-gcc13_auto-6291456,gcc13_auto,6291456,102,10000000,0667435472
4,r04-o10-gcc13_auto-262144,gcc13_auto,262144,9766,40000000,0822371146
4,r04-o11-clang18_auto-8388608,clang18_auto,8388608,62,8000000,0842705122
4,r04-o12-gcc13_auto-536870912,gcc13_auto,536870912,1,4000000,0922176708
4,r04-o13-gcc13_scalar-262144,gcc13_scalar,262144,9766,40000000,1058566184
4,r04-o14-gcc13_scalar-36864,gcc13_scalar,36864,173612,100000000,1126317187
4,r04-o15-gcc13_auto-8388608,gcc13_auto,8388608,62,8000000,1192450193
4,r04-o16-clang18_scalar-6291456,clang18_scalar,6291456,102,10000000,1227996618
4,r04-o17-clang18_scalar-536870912,clang18_scalar,536870912,1,4000000,1350836852
4,r04-o18-clang18_scalar-32768,clang18_scalar,32768,195313,100000000,1377091648
4,r04-o19-clang18_auto-262144,clang18_auto,262144,9766,40000000,1394397820
4,r04-o20-gcc13_scalar-6291456,gcc13_scalar,6291456,102,10000000,1466518580
4,r04-o21-gcc13_auto-1048576,gcc13_auto,1048576,1221,20000000,1535323613
4,r04-o22-clang18_auto-36864,clang18_auto,36864,173612,100000000,1752851904
4,r04-o23-clang18_scalar-8388608,clang18_scalar,8388608,62,8000000,1759075762
4,r04-o24-clang18_auto-6291456,clang18_auto,6291456,102,10000000,1781122984
4,r04-o25-gcc13_scalar-32768,gcc13_scalar,32768,195313,100000000,1803420367
4,r04-o26-clang18_scalar-1048576,clang18_scalar,1048576,1221,20000000,1945465153
4,r04-o27-clang18_scalar-36864,clang18_scalar,36864,173612,100000000,1982157802
4,r04-o28-gcc13_scalar-8388608,gcc13_scalar,8388608,62,8000000,2079753019
5,r05-o01-clang18_scalar-6291456,clang18_scalar,6291456,102,10000000,0001115353
5,r05-o02-gcc13_scalar-536870912,gcc13_scalar,536870912,1,4000000,0120421662
5,r05-o03-clang18_auto-6291456,clang18_auto,6291456,102,10000000,0152113488
5,r05-o04-clang18_auto-536870912,clang18_auto,536870912,1,4000000,0387306172
5,r05-o05-clang18_auto-1048576,clang18_auto,1048576,1221,20000000,0397619907
5,r05-o06-gcc13_scalar-32768,gcc13_scalar,32768,195313,100000000,0416342985
5,r05-o07-gcc13_scalar-8388608,gcc13_scalar,8388608,62,8000000,0423590155
5,r05-o08-clang18_auto-8388608,clang18_auto,8388608,62,8000000,0635781509
5,r05-o09-gcc13_auto-36864,gcc13_auto,36864,173612,100000000,0656636183
5,r05-o10-clang18_scalar-8388608,clang18_scalar,8388608,62,8000000,0671560594
5,r05-o11-gcc13_scalar-262144,gcc13_scalar,262144,9766,40000000,0843391425
5,r05-o12-gcc13_auto-8388608,gcc13_auto,8388608,62,8000000,0928568918
5,r05-o13-clang18_scalar-262144,clang18_scalar,262144,9766,40000000,0975744664
5,r05-o14-gcc13_scalar-1048576,gcc13_scalar,1048576,1221,20000000,1113706390
5,r05-o15-gcc13_auto-6291456,gcc13_auto,6291456,102,10000000,1117584840
5,r05-o16-gcc13_auto-32768,gcc13_auto,32768,195313,100000000,1140260309
5,r05-o17-gcc13_scalar-36864,gcc13_scalar,36864,173612,100000000,1196564745
5,r05-o18-gcc13_scalar-6291456,gcc13_scalar,6291456,102,10000000,1449177558
5,r05-o19-clang18_scalar-32768,clang18_scalar,32768,195313,100000000,1499503129
5,r05-o20-gcc13_auto-262144,gcc13_auto,262144,9766,40000000,1499979996
5,r05-o21-clang18_auto-262144,clang18_auto,262144,9766,40000000,1559329940
5,r05-o22-clang18_auto-32768,clang18_auto,32768,195313,100000000,1579217824
5,r05-o23-gcc13_auto-1048576,gcc13_auto,1048576,1221,20000000,1763016339
5,r05-o24-clang18_scalar-36864,clang18_scalar,36864,173612,100000000,1774043520
5,r05-o25-gcc13_auto-536870912,gcc13_auto,536870912,1,4000000,1783297620
5,r05-o26-clang18_auto-36864,clang18_auto,36864,173612,100000000,1796846148
5,r05-o27-clang18_scalar-536870912,clang18_scalar,536870912,1,4000000,1824908672
5,r05-o28-clang18_scalar-1048576,clang18_scalar,1048576,1221,20000000,2079736553
6,r06-o01-gcc13_auto-262144,gcc13_auto,262144,9766,40000000,0030105199
6,r06-o02-clang18_scalar-1048576,clang18_scalar,1048576,1221,20000000,0066524306
6,r06-o03-clang18_scalar-536870912,clang18_scalar,536870912,1,4000000,0151496845
6,r06-o04-clang18_auto-8388608,clang18_auto,8388608,62,8000000,0428857896
6,r06-o05-gcc13_auto-536870912,gcc13_auto,536870912,1,4000000,0496934885
6,r06-o06-gcc13_scalar-262144,gcc13_scalar,262144,9766,40000000,0628216666
6,r06-o07-clang18_auto-32768,clang18_auto,32768,195313,100000000,0628820631
6,r06-o08-gcc13_auto-8388608,gcc13_auto,8388608,62,8000000,0664687643
6,r06-o09-clang18_auto-6291456,clang18_auto,6291456,102,10000000,0670587639
6,r06-o10-gcc13_auto-36864,gcc13_auto,36864,173612,100000000,0699829788
6,r06-o11-clang18_auto-1048576,clang18_auto,1048576,1221,20000000,0706722661
6,r06-o12-clang18_auto-536870912,clang18_auto,536870912,1,4000000,0722386960
6,r06-o13-gcc13_scalar-8388608,gcc13_scalar,8388608,62,8000000,0914910938
6,r06-o14-clang18_scalar-6291456,clang18_scalar,6291456,102,10000000,0921717735
6,r06-o15-gcc13_scalar-32768,gcc13_scalar,32768,195313,100000000,1176749250
6,r06-o16-gcc13_scalar-36864,gcc13_scalar,36864,173612,100000000,1266812303
6,r06-o17-gcc13_scalar-6291456,gcc13_scalar,6291456,102,10000000,1431836536
6,r06-o18-clang18_scalar-262144,clang18_scalar,262144,9766,40000000,1509115557
6,r06-o19-clang18_scalar-36864,clang18_scalar,36864,173612,100000000,1565929238
6,r06-o20-gcc13_auto-6291456,gcc13_auto,6291456,102,10000000,1567734208
6,r06-o21-clang18_scalar-32768,clang18_scalar,32768,195313,100000000,1621914610
6,r06-o22-clang18_auto-262144,clang18_auto,262144,9766,40000000,1724262060
6,r06-o23-clang18_scalar-8388608,clang18_scalar,8388608,62,8000000,1731529073
6,r06-o24-gcc13_scalar-536870912,gcc13_scalar,536870912,1,4000000,1804624383
6,r06-o25-gcc13_scalar-1048576,gcc13_scalar,1048576,1221,20000000,1830191481
6,r06-o26-clang18_auto-36864,clang18_auto,36864,173612,100000000,1840840392
6,r06-o27-gcc13_auto-32768,gcc13_auto,32768,195313,100000000,1920583600
6,r06-o28-gcc13_auto-1048576,gcc13_auto,1048576,1221,20000000,1990709065
7,r07-o01-gcc13_auto-1048576,gcc13_auto,1048576,1221,20000000,0070918144
7,r07-o02-clang18_scalar-1048576,clang18_scalar,1048576,1221,20000000,0200795706
7,r07-o03-clang18_auto-8388608,clang18_auto,8388608,62,8000000,0221934283
7,r07-o04-gcc13_scalar-1048576,gcc13_scalar,1048576,1221,20000000,0399192925
7,r07-o05-gcc13_auto-8388608,gcc13_auto,8388608,62,8000000,0400806368
7,r07-o06-gcc13_scalar-262144,gcc13_scalar,262144,9766,40000000,0413041907
7,r07-o07-gcc13_auto-32768,gcc13_auto,32768,195313,100000000,0553423244
7,r07-o08-clang18_scalar-536870912,clang18_scalar,536870912,1,4000000,0625568665
7,r07-o09-clang18_scalar-8388608,clang18_scalar,8388608,62,8000000,0644013905
7,r07-o10-gcc13_auto-262144,gcc13_auto,262144,9766,40000000,0707714049
7,r07-o11-gcc13_auto-36864,gcc13_auto,36864,173612,100000000,0743023393
7,r07-o12-clang18_auto-1048576,clang18_auto,1048576,1221,20000000,1015825415
7,r07-o13-clang18_auto-536870912,clang18_auto,536870912,1,4000000,1057467748
7,r07-o14-clang18_auto-6291456,clang18_auto,6291456,102,10000000,1189061790
7,r07-o15-gcc13_scalar-36864,gcc13_scalar,36864,173612,100000000,1337059861
7,r07-o16-gcc13_scalar-536870912,gcc13_scalar,536870912,1,4000000,1341343457
7,r07-o17-clang18_scalar-36864,clang18_scalar,36864,173612,100000000,1357814956
7,r07-o18-gcc13_auto-536870912,gcc13_auto,536870912,1,4000000,1358055797
7,r07-o19-gcc13_scalar-8388608,gcc13_scalar,8388608,62,8000000,1406231721
7,r07-o20-gcc13_scalar-6291456,gcc13_scalar,6291456,102,10000000,1414495514
7,r07-o21-clang18_scalar-32768,clang18_scalar,32768,195313,100000000,1744326091
7,r07-o22-clang18_auto-32768,clang18_auto,32768,195313,100000000,1825907085
7,r07-o23-clang18_scalar-6291456,clang18_scalar,6291456,102,10000000,1842320117
7,r07-o24-clang18_auto-36864,clang18_auto,36864,173612,100000000,1884834636
7,r07-o25-clang18_auto-262144,clang18_auto,262144,9766,40000000,1889194180
7,r07-o26-gcc13_scalar-32768,gcc13_scalar,32768,195313,100000000,1937155515
7,r07-o27-gcc13_auto-6291456,gcc13_auto,6291456,102,10000000,2017883576
7,r07-o28-clang18_scalar-262144,clang18_scalar,262144,9766,40000000,2042486450
8,r08-o01-clang18_auto-8388608,clang18_auto,8388608,62,8000000,0015010670
8,r08-o02-gcc13_auto-536870912,gcc13_auto,536870912,1,4000000,0071693062
8,r08-o03-gcc13_auto-8388608,gcc13_auto,8388608,62,8000000,0136925093
8,r08-o04-gcc13_scalar-262144,gcc13_scalar,262144,9766,40000000,0197867148
8,r08-o05-gcc13_auto-1048576,gcc13_auto,1048576,1221,20000000,0298610870
8,r08-o06-gcc13_auto-6291456,gcc13_auto,6291456,102,10000000,0320549297
8,r08-o07-clang18_scalar-1048576,clang18_scalar,1048576,1221,20000000,0335067106
8,r08-o08-clang18_scalar-262144,clang18_scalar,262144,9766,40000000,0428373696
8,r08-o09-gcc13_scalar-32768,gcc13_scalar,32768,195313,100000000,0550078133
8,r08-o10-clang18_scalar-6291456,clang18_scalar,6291456,102,10000000,0615438852
8,r08-o11-gcc13_auto-36864,gcc13_auto,36864,173612,100000000,0786216998
8,r08-o12-clang18_auto-32768,clang18_auto,32768,195313,100000000,0875509892
8,r08-o13-gcc13_scalar-536870912,gcc13_scalar,536870912,1,4000000,0878062531
8,r08-o14-clang18_scalar-536870912,clang18_scalar,536870912,1,4000000,1099640485
8,r08-o15-gcc13_scalar-1048576,gcc13_scalar,1048576,1221,20000000,1115678016
8,r08-o16-clang18_scalar-36864,clang18_scalar,36864,173612,100000000,1149700674
8,r08-o17-clang18_auto-1048576,clang18_auto,1048576,1221,20000000,1324928169
8,r08-o18-gcc13_auto-32768,gcc13_auto,32768,195313,100000000,1333746535
8,r08-o19-gcc13_auto-262144,gcc13_auto,262144,9766,40000000,1385322899
8,r08-o20-clang18_auto-536870912,clang18_auto,536870912,1,4000000,1392548536
8,r08-o21-gcc13_scalar-6291456,gcc13_scalar,6291456,102,10000000,1397154492
8,r08-o22-gcc13_scalar-36864,gcc13_scalar,36864,173612,100000000,1407307419
8,r08-o23-clang18_scalar-8388608,clang18_scalar,8388608,62,8000000,1703982384
8,r08-o24-clang18_auto-6291456,clang18_auto,6291456,102,10000000,1707535941
8,r08-o25-clang18_scalar-32768,clang18_scalar,32768,195313,100000000,1866737572
8,r08-o26-gcc13_scalar-8388608,gcc13_scalar,8388608,62,8000000,1897552504
8,r08-o27-clang18_auto-36864,clang18_auto,36864,173612,100000000,1928828880
8,r08-o28-clang18_auto-262144,clang18_auto,262144,9766,40000000,2054126300
9,r09-o01-clang18_auto-262144,clang18_auto,262144,9766,40000000,0071574773
9,r09-o02-clang18_auto-6291456,clang18_auto,6291456,102,10000000,0078526445
9,r09-o03-gcc13_scalar-8388608,gcc13_scalar,8388608,62,8000000,0241389640
9,r09-o04-gcc13_scalar-536870912,gcc13_scalar,536870912,1,4000000,0414781605
9,r09-o05-clang18_scalar-1048576,clang18_scalar,1048576,1221,20000000,0469338506
9,r09-o06-gcc13_auto-1048576,gcc13_auto,1048576,1221,20000000,0526303596
9,r09-o07-clang18_scalar-8388608,clang18_scalar,8388608,62,8000000,0616467216
9,r09-o08-gcc13_auto-6291456,gcc13_auto,6291456,102,10000000,0770698665
9,r09-o09-gcc13_auto-36864,gcc13_auto,36864,173612,100000000,0829410603
9,r09-o10-gcc13_auto-536870912,gcc13_auto,536870912,1,4000000,0932813974
9,r09-o11-clang18_scalar-36864,clang18_scalar,36864,173612,100000000,0941586392
9,r09-o12-clang18_scalar-262144,clang18_scalar,262144,9766,40000000,0961744589
9,r09-o13-gcc13_scalar-32768,gcc13_scalar,32768,195313,100000000,1310484398
9,r09-o14-gcc13_scalar-6291456,gcc13_scalar,6291456,102,10000000,1379813470
9,r09-o15-gcc13_scalar-36864,gcc13_scalar,36864,173612,100000000,1477554977
9,r09-o16-clang18_scalar-6291456,clang18_scalar,6291456,102,10000000,1536041234
9,r09-o17-clang18_scalar-536870912,clang18_scalar,536870912,1,4000000,1573712305
9,r09-o18-clang18_auto-1048576,clang18_auto,1048576,1221,20000000,1634030923
9,r09-o19-clang18_auto-536870912,clang18_auto,536870912,1,4000000,1727629324
9,r09-o20-gcc13_scalar-1048576,gcc13_scalar,1048576,1221,20000000,1832163107
9,r09-o21-clang18_auto-8388608,clang18_auto,8388608,62,8000000,1955570704
9,r09-o22-clang18_auto-36864,clang18_auto,36864,173612,100000000,1972823124
9,r09-o23-clang18_scalar-32768,clang18_scalar,32768,195313,100000000,1989149053
9,r09-o24-gcc13_auto-8388608,gcc13_auto,8388608,62,8000000,2020527465
9,r09-o25-gcc13_auto-262144,gcc13_auto,262144,9766,40000000,2062931749
9,r09-o26-clang18_auto-32768,clang18_auto,32768,195313,100000000,2072596346
9,r09-o27-gcc13_auto-32768,gcc13_auto,32768,195313,100000000,2114069826
9,r09-o28-gcc13_scalar-262144,gcc13_scalar,262144,9766,40000000,2130176036
10,r10-o01-clang18_auto-262144,clang18_auto,262144,9766,40000000,0236506893
10,r10-o02-clang18_scalar-6291456,clang18_scalar,6291456,102,10000000,0309159969
10,r10-o03-gcc13_scalar-1048576,gcc13_scalar,1048576,1221,20000000,0401164551
10,r10-o04-gcc13_auto-262144,gcc13_auto,262144,9766,40000000,0593056952
10,r10-o05-clang18_auto-6291456,clang18_auto,6291456,102,10000000,0597000596
10,r10-o06-clang18_scalar-1048576,clang18_scalar,1048576,1221,20000000,0603609906
10,r10-o07-gcc13_scalar-8388608,gcc13_scalar,8388608,62,8000000,0732710423
10,r10-o08-clang18_scalar-36864,clang18_scalar,36864,173612,100000000,0733472110
10,r10-o09-gcc13_auto-32768,gcc13_auto,32768,195313,100000000,0746909470
10,r10-o10-gcc13_auto-1048576,gcc13_auto,1048576,1221,20000000,0753996322
10,r10-o11-gcc13_auto-36864,gcc13_auto,36864,173612,100000000,0872604208
10,r10-o12-clang18_auto-32768,clang18_auto,32768,195313,100000000,1122199153
10,r10-o13-gcc13_auto-6291456,gcc13_auto,6291456,102,10000000,1220848033
10,r10-o14-gcc13_scalar-6291456,gcc13_scalar,6291456,102,10000000,1362472448
10,r10-o15-clang18_scalar-262144,clang18_scalar,262144,9766,40000000,1495115482
10,r10-o16-gcc13_scalar-36864,gcc13_scalar,36864,173612,100000000,1547802535
10,r10-o17-clang18_scalar-8388608,clang18_scalar,8388608,62,8000000,1676435695
10,r10-o18-clang18_auto-8388608,clang18_auto,8388608,62,8000000,1748647091
10,r10-o19-gcc13_auto-8388608,gcc13_auto,8388608,62,8000000,1756646190
10,r10-o20-gcc13_auto-536870912,gcc13_auto,536870912,1,4000000,1793934886
10,r10-o21-gcc13_scalar-262144,gcc13_scalar,262144,9766,40000000,1915001277
10,r10-o22-clang18_auto-1048576,clang18_auto,1048576,1221,20000000,1943133677
10,r10-o23-clang18_auto-36864,clang18_auto,36864,173612,100000000,2016817368
10,r10-o24-clang18_scalar-536870912,clang18_scalar,536870912,1,4000000,2047784125
10,r10-o25-clang18_auto-536870912,clang18_auto,536870912,1,4000000,2062710112
10,r10-o26-gcc13_scalar-32768,gcc13_scalar,32768,195313,100000000,2070890663
10,r10-o27-gcc13_scalar-536870912,gcc13_scalar,536870912,1,4000000,2098984326
10,r10-o28-clang18_scalar-32768,clang18_scalar,32768,195313,100000000,2111560534
11,r11-o01-clang18_scalar-32768,clang18_scalar,32768,195313,100000000,0086488368
11,r11-o02-clang18_auto-1048576,clang18_auto,1048576,1221,20000000,0104752784
11,r11-o03-clang18_auto-32768,clang18_auto,32768,195313,100000000,0171801960
11,r11-o04-clang18_auto-536870912,clang18_auto,536870912,1,4000000,0250307253
11,r11-o05-clang18_scalar-536870912,clang18_scalar,536870912,1,4000000,0374372298
11,r11-o06-clang18_auto-262144,clang18_auto,262144,9766,40000000,0401439013
11,r11-o07-gcc13_auto-536870912,gcc13_auto,536870912,1,4000000,0507572151
11,r11-o08-clang18_scalar-36864,clang18_scalar,36864,173612,100000000,0525357828
11,r11-o09-clang18_scalar-8388608,clang18_scalar,8388608,62,8000000,0588920527
11,r11-o10-gcc13_scalar-32768,gcc13_scalar,32768,195313,100000000,0683813281
11,r11-o11-clang18_scalar-1048576,clang18_scalar,1048576,1221,20000000,0737881306
11,r11-o12-gcc13_auto-36864,gcc13_auto,36864,173612,100000000,0915797813
11,r11-o13-gcc13_auto-1048576,gcc13_auto,1048576,1221,20000000,0981689048
11,r11-o14-clang18_auto-6291456,clang18_auto,6291456,102,10000000,1115474747
11,r11-o15-gcc13_scalar-1048576,gcc13_scalar,1048576,1221,20000000,1117649642
11,r11-o16-gcc13_scalar-8388608,gcc13_scalar,8388608,62,8000000,1224031206
11,r11-o17-clang18_scalar-6291456,clang18_scalar,6291456,102,10000000,1229762351
11,r11-o18-gcc13_auto-262144,gcc13_auto,262144,9766,40000000,1270665802
11,r11-o19-gcc13_scalar-6291456,gcc13_scalar,6291456,102,10000000,1345131426
11,r11-o20-gcc13_auto-8388608,gcc13_auto,8388608,62,8000000,1492764915
11,r11-o21-gcc13_auto-32768,gcc13_auto,32768,195313,100000000,1527232761
11,r11-o22-clang18_auto-8388608,clang18_auto,8388608,62,8000000,1541723478
11,r11-o23-gcc13_scalar-36864,gcc13_scalar,36864,173612,100000000,1618050093
11,r11-o24-gcc13_scalar-536870912,gcc13_scalar,536870912,1,4000000,1635703400
11,r11-o25-gcc13_auto-6291456,gcc13_auto,6291456,102,10000000,1670997401
11,r11-o26-gcc13_scalar-262144,gcc13_scalar,262144,9766,40000000,1699826518
11,r11-o27-clang18_scalar-262144,clang18_scalar,262144,9766,40000000,2028486375
11,r11-o28-clang18_auto-36864,clang18_auto,36864,173612,100000000,2060811612
12,r12-o01-clang18_scalar-6291456,clang18_scalar,6291456,102,10000000,0002881086
12,r12-o02-gcc13_auto-32768,gcc13_auto,32768,195313,100000000,0160072405
12,r12-o03-clang18_scalar-32768,clang18_scalar,32768,195313,100000000,0208899849
12,r12-o04-clang18_scalar-36864,clang18_scalar,36864,173612,100000000,0317243546
12,r12-o05-clang18_auto-1048576,clang18_auto,1048576,1221,20000000,0413855538
12,r12-o06-clang18_scalar-262144,clang18_scalar,262144,9766,40000000,0414373621
12,r12-o07-clang18_auto-262144,clang18_auto,262144,9766,40000000,0566371133
12,r12-o08-clang18_auto-536870912,clang18_auto,536870912,1,4000000,0585388041
12,r12-o09-clang18_scalar-536870912,clang18_scalar,536870912,1,4000000,0848444118
12,r12-o10-clang18_scalar-1048576,clang18_scalar,1048576,1221,20000000,0872152706
12,r12-o11-gcc13_auto-36864,gcc13_auto,36864,173612,100000000,0958991418
12,r12-o12-gcc13_scalar-536870912,gcc13_scalar,536870912,1,4000000,1172422474
12,r12-o13-gcc13_auto-1048576,gcc13_auto,1048576,1221,20000000,1209381774
12,r12-o14-gcc13_auto-8388608,gcc13_auto,8388608,62,8000000,1228883640
12,r12-o15-gcc13_scalar-6291456,gcc13_scalar,6291456,102,10000000,1327790404
12,r12-o16-clang18_auto-8388608,clang18_auto,8388608,62,8000000,1334799865
12,r12-o17-gcc13_auto-536870912,gcc13_auto,536870912,1,4000000,1368693063
12,r12-o18-clang18_auto-32768,clang18_auto,32768,195313,100000000,1368888414
12,r12-o19-gcc13_scalar-32768,gcc13_scalar,32768,195313,100000000,1444219546
12,r12-o20-gcc13_scalar-262144,gcc13_scalar,262144,9766,40000000,1484651759
12,r12-o21-clang18_auto-6291456,clang18_auto,6291456,102,10000000,1633948898
12,r12-o22-clang18_scalar-8388608,clang18_scalar,8388608,62,8000000,1648889006
12,r12-o23-gcc13_scalar-36864,gcc13_scalar,36864,173612,100000000,1688297651
12,r12-o24-gcc13_scalar-8388608,gcc13_scalar,8388608,62,8000000,1715351989
12,r12-o25-gcc13_scalar-1048576,gcc13_scalar,1048576,1221,20000000,1834134733
12,r12-o26-gcc13_auto-262144,gcc13_auto,262144,9766,40000000,1948274652
12,r12-o27-clang18_auto-36864,clang18_auto,36864,173612,100000000,2104805856
12,r12-o28-gcc13_auto-6291456,gcc13_auto,6291456,102,10000000,2121146769
13,r13-o01-clang18_auto-36864,clang18_auto,36864,173612,100000000,0001316453
13,r13-o02-clang18_auto-6291456,clang18_auto,6291456,102,10000000,0004939402
13,r13-o03-gcc13_scalar-32768,gcc13_scalar,32768,195313,100000000,0057142164
13,r13-o04-gcc13_scalar-8388608,gcc13_scalar,8388608,62,8000000,0059189125
13,r13-o05-gcc13_auto-536870912,gcc13_auto,536870912,1,4000000,0082330328
13,r13-o06-clang18_scalar-36864,clang18_scalar,36864,173612,100000000,0109129264
13,r13-o07-clang18_scalar-32768,clang18_scalar,32768,195313,100000000,0331311330
13,r13-o08-gcc13_scalar-1048576,gcc13_scalar,1048576,1221,20000000,0403136177
13,r13-o09-clang18_auto-32768,clang18_auto,32768,195313,100000000,0418491221
13,r13-o10-gcc13_auto-6291456,gcc13_auto,6291456,102,10000000,0423812490
13,r13-o11-gcc13_auto-262144,gcc13_auto,262144,9766,40000000,0478399855
13,r13-o12-clang18_scalar-8388608,clang18_scalar,8388608,62,8000000,0561373838
13,r13-o13-gcc13_scalar-536870912,gcc13_scalar,536870912,1,4000000,0709141548
13,r13-o14-clang18_auto-1048576,clang18_auto,1048576,1221,20000000,0722958292
13,r13-o15-clang18_auto-262144,clang18_auto,262144,9766,40000000,0731303253
13,r13-o16-clang18_auto-536870912,clang18_auto,536870912,1,4000000,0920468829
13,r13-o17-clang18_scalar-6291456,clang18_scalar,6291456,102,10000000,0923483468
13,r13-o18-gcc13_auto-32768,gcc13_auto,32768,195313,100000000,0940395696
13,r13-o19-clang18_scalar-262144,clang18_scalar,262144,9766,40000000,0947744514
13,r13-o20-gcc13_auto-8388608,gcc13_auto,8388608,62,8000000,0965002365
13,r13-o21-gcc13_auto-36864,gcc13_auto,36864,173612,100000000,1002185023
13,r13-o22-clang18_scalar-1048576,clang18_scalar,1048576,1221,20000000,1006424106
13,r13-o23-clang18_auto-8388608,clang18_auto,8388608,62,8000000,1127876252
13,r13-o24-gcc13_scalar-262144,gcc13_scalar,262144,9766,40000000,1269477000
13,r13-o25-gcc13_scalar-6291456,gcc13_scalar,6291456,102,10000000,1310449382
13,r13-o26-clang18_scalar-536870912,clang18_scalar,536870912,1,4000000,1322515938
13,r13-o27-gcc13_auto-1048576,gcc13_auto,1048576,1221,20000000,1437074500
13,r13-o28-gcc13_scalar-36864,gcc13_scalar,36864,173612,100000000,1758545209
14,r14-o01-clang18_auto-36864,clang18_auto,36864,173612,100000000,0045310697
14,r14-o02-gcc13_scalar-536870912,gcc13_scalar,536870912,1,4000000,0245860622
14,r14-o03-clang18_scalar-32768,clang18_scalar,32768,195313,100000000,0453722811
14,r14-o04-clang18_auto-6291456,clang18_auto,6291456,102,10000000,0523413553
14,r14-o05-gcc13_scalar-8388608,gcc13_scalar,8388608,62,8000000,0550509908
14,r14-o06-gcc13_auto-8388608,gcc13_auto,8388608,62,8000000,0701121090
14,r14-o07-gcc13_scalar-32768,gcc13_scalar,32768,195313,100000000,0817548429
14,r14-o08-gcc13_auto-6291456,gcc13_auto,6291456,102,10000000,0873961858
14,r14-o09-clang18_auto-262144,clang18_auto,262144,9766,40000000,0896235373
14,r14-o10-clang18_auto-8388608,clang18_auto,8388608,62,8000000,0920952639
14,r14-o11-gcc13_auto-536870912,gcc13_auto,536870912,1,4000000,0943451240
14,r14-o12-clang18_auto-1048576,clang18_auto,1048576,1221,20000000,1032061046
14,r14-o13-gcc13_auto-36864,gcc13_auto,36864,173612,100000000,1045378628
14,r14-o14-gcc13_scalar-262144,gcc13_scalar,262144,9766,40000000,1054302241
14,r14-o15-gcc13_scalar-1048576,gcc13_scalar,1048576,1221,20000000,1119621268
14,r14-o16-clang18_scalar-1048576,clang18_scalar,1048576,1221,20000000,1140695506
14,r14-o17-gcc13_auto-262144,gcc13_auto,262144,9766,40000000,1156008705
14,r14-o18-clang18_auto-536870912,clang18_auto,536870912,1,4000000,1255549617
14,r14-o19-gcc13_scalar-6291456,gcc13_scalar,6291456,102,10000000,1293108360
14,r14-o20-clang18_scalar-262144,clang18_scalar,262144,9766,40000000,1481115407
14,r14-o21-clang18_auto-32768,clang18_auto,32768,195313,100000000,1615577675
14,r14-o22-clang18_scalar-8388608,clang18_scalar,8388608,62,8000000,1621342317
14,r14-o23-gcc13_auto-1048576,gcc13_auto,1048576,1221,20000000,1664767226
14,r14-o24-gcc13_auto-32768,gcc13_auto,32768,195313,100000000,1720718987
14,r14-o25-clang18_scalar-536870912,clang18_scalar,536870912,1,4000000,1796587758
14,r14-o26-gcc13_scalar-36864,gcc13_scalar,36864,173612,100000000,1828792767
14,r14-o27-clang18_scalar-6291456,clang18_scalar,6291456,102,10000000,1844085850
14,r14-o28-clang18_scalar-36864,clang18_scalar,36864,173612,100000000,2048498629
15,r15-o01-clang18_auto-36864,clang18_auto,36864,173612,100000000,0089304941
15,r15-o02-clang18_scalar-536870912,clang18_scalar,536870912,1,4000000,0123175931
15,r15-o03-gcc13_auto-32768,gcc13_auto,32768,195313,100000000,0353558631
15,r15-o04-gcc13_auto-8388608,gcc13_auto,8388608,62,8000000,0437239815
15,r15-o05-clang18_scalar-8388608,clang18_scalar,8388608,62,8000000,0533827149
15,r15-o06-clang18_scalar-32768,clang18_scalar,32768,195313,100000000,0576134292
15,r15-o07-clang18_scalar-6291456,clang18_scalar,6291456,102,10000000,0617204585
15,r15-o08-clang18_auto-32768,clang18_auto,32768,195313,100000000,0665180482
15,r15-o09-clang18_auto-8388608,clang18_auto,8388608,62,8000000,0714029026
15,r15-o10-gcc13_scalar-262144,gcc13_scalar,262144,9766,40000000,0839127482
15,r15-o11-gcc13_scalar-8388608,gcc13_scalar,8388608,62,8000000,1041830691
15,r15-o12-clang18_auto-6291456,clang18_auto,6291456,102,10000000,1041887704
15,r15-o13-clang18_auto-262144,clang18_auto,262144,9766,40000000,1061167493
15,r15-o14-gcc13_auto-36864,gcc13_auto,36864,173612,100000000,1088572233
15,r15-o15-clang18_scalar-1048576,clang18_scalar,1048576,1221,20000000,1274966906
15,r15-o16-gcc13_scalar-6291456,gcc13_scalar,6291456,102,10000000,1275767338
15,r15-o17-gcc13_auto-6291456,gcc13_auto,6291456,102,10000000,1324111226
15,r15-o18-clang18_auto-1048576,clang18_auto,1048576,1221,20000000,1341163800
15,r15-o19-gcc13_scalar-32768,gcc13_scalar,32768,195313,100000000,1577954694
15,r15-o20-clang18_auto-536870912,clang18_auto,536870912,1,4000000,1590630405
15,r15-o21-gcc13_auto-536870912,gcc13_auto,536870912,1,4000000,1804572152
15,r15-o22-gcc13_auto-262144,gcc13_auto,262144,9766,40000000,1833617555
15,r15-o23-gcc13_scalar-1048576,gcc13_scalar,1048576,1221,20000000,1836106359
15,r15-o24-clang18_scalar-36864,clang18_scalar,36864,173612,100000000,1840384347
15,r15-o25-gcc13_auto-1048576,gcc13_auto,1048576,1221,20000000,1892459952
15,r15-o26-gcc13_scalar-36864,gcc13_scalar,36864,173612,100000000,1899040325
15,r15-o27-gcc13_scalar-536870912,gcc13_scalar,536870912,1,4000000,1930063343
15,r15-o28-clang18_scalar-262144,clang18_scalar,262144,9766,40000000,2014486300
