schema_version,sample_id,build_id,perf_profile,event,value,time_enabled,time_running
1,random-access-mlp8-control-r1-mlp8_cycle-scalar-warm-basic-36864,random-access-mlp8-control,basic,cycles,548731552,250033652,250033652
1,random-access-mlp8-control-r1-mlp8_cycle-scalar-warm-basic-36864,random-access-mlp8-control,basic,instructions,1808329988,250032056,250032056
1,random-access-mlp8-control-r1-mlp8_cycle-scalar-warm-basic-36864,random-access-mlp8-control,basic,ref_cycles,548733812,250029013,250029013
1,random-access-mlp8-control-r1-mlp8_cycle-scalar-warm-basic-536870912,random-access-mlp8-control,basic,cycles,685253766,312237512,312237512
1,random-access-mlp8-control-r1-mlp8_cycle-scalar-warm-basic-536870912,random-access-mlp8-control,basic,instructions,154141940,312235356,312235356
1,random-access-mlp8-control-r1-mlp8_cycle-scalar-warm-basic-536870912,random-access-mlp8-control,basic,ref_cycles,685257826,312232148,312232148
1,random-access-mlp8-control-r1-mlp8_cycle-scalar-warm-basic-8388608,random-access-mlp8-control,basic,cycles,549204197,250249430,250249430
1,random-access-mlp8-control-r1-mlp8_cycle-scalar-warm-basic-8388608,random-access-mlp8-control,basic,instructions,499484667,250245980,250245980
1,random-access-mlp8-control-r1-mlp8_cycle-scalar-warm-basic-8388608,random-access-mlp8-control,basic,ref_cycles,549205932,250242434,250242434
1,random-access-mlp8-control-r1-mlp8_cycle-scalar-warm-basic-6291456,random-access-mlp8-control,basic,cycles,548846553,250085244,250085244
1,random-access-mlp8-control-r1-mlp8_cycle-scalar-warm-basic-6291456,random-access-mlp8-control,basic,instructions,528841986,250082779,250082779
1,random-access-mlp8-control-r1-mlp8_cycle-scalar-warm-basic-6291456,random-access-mlp8-control,basic,ref_cycles,548847992,250079013,250079013
1,random-access-mlp8-control-r1-mlp8_cycle-scalar-warm-basic-262144,random-access-mlp8-control,basic,cycles,548733946,250031507,250031507
1,random-access-mlp8-control-r1-mlp8_cycle-scalar-warm-basic-262144,random-access-mlp8-control,basic,instructions,1755031951,250028338,250028338
1,random-access-mlp8-control-r1-mlp8_cycle-scalar-warm-basic-262144,random-access-mlp8-control,basic,ref_cycles,548734912,250024915,250024915
1,random-access-mlp8-control-r1-mlp8_cycle-scalar-warm-basic-1048576,random-access-mlp8-control,basic,cycles,548742025,250036233,250036233
1,random-access-mlp8-control-r1-mlp8_cycle-scalar-warm-basic-1048576,random-access-mlp8-control,basic,instructions,1208892501,250033336,250033336
1,random-access-mlp8-control-r1-mlp8_cycle-scalar-warm-basic-1048576,random-access-mlp8-control,basic,ref_cycles,548743228,250030018,250030018
1,random-access-mlp8-control-r1-mlp8_cycle-scalar-warm-basic-32768,random-access-mlp8-control,basic,cycles,548730993,250030193,250030193
1,random-access-mlp8-control-r1-mlp8_cycle-scalar-warm-basic-32768,random-access-mlp8-control,basic,instructions,1788478298,250026832,250026832
1,random-access-mlp8-control-r1-mlp8_cycle-scalar-warm-basic-32768,random-access-mlp8-control,basic,ref_cycles,548731502,250023229,250023229
1,random-access-mlp8-control-r2-mlp8_cycle-scalar-warm-basic-1048576,random-access-mlp8-control,basic,cycles,548766219,250049451,250049451
1,random-access-mlp8-control-r2-mlp8_cycle-scalar-warm-basic-1048576,random-access-mlp8-control,basic,instructions,1231117366,250047719,250047719
1,random-access-mlp8-control-r2-mlp8_cycle-scalar-warm-basic-1048576,random-access-mlp8-control,basic,ref_cycles,548768990,250044511,250044511
1,random-access-mlp8-control-r2-mlp8_cycle-scalar-warm-basic-536870912,random-access-mlp8-control,basic,cycles,685395006,312301701,312301701
1,random-access-mlp8-control-r2-mlp8_cycle-scalar-warm-basic-536870912,random-access-mlp8-control,basic,instructions,154141940,312301198,312301198
1,random-access-mlp8-control-r2-mlp8_cycle-scalar-warm-basic-536870912,random-access-mlp8-control,basic,ref_cycles,685398032,312298770,312298770
1,random-access-mlp8-control-r2-mlp8_cycle-scalar-warm-basic-32768,random-access-mlp8-control,basic,cycles,548730546,250031982,250031982
1,random-access-mlp8-control-r2-mlp8_cycle-scalar-warm-basic-32768,random-access-mlp8-control,basic,instructions,1796549601,250027667,250027667
1,random-access-mlp8-control-r2-mlp8_cycle-scalar-warm-basic-32768,random-access-mlp8-control,basic,ref_cycles,548731128,250023943,250023943
1,random-access-mlp8-control-r2-mlp8_cycle-scalar-warm-basic-8388608,random-access-mlp8-control,basic,cycles,548972830,250143307,250143307
1,random-access-mlp8-control-r2-mlp8_cycle-scalar-warm-basic-8388608,random-access-mlp8-control,basic,instructions,494666493,250141113,250141113
1,random-access-mlp8-control-r2-mlp8_cycle-scalar-warm-basic-8388608,random-access-mlp8-control,basic,ref_cycles,548974294,250137409,250137409
1,random-access-mlp8-control-r2-mlp8_cycle-scalar-warm-basic-36864,random-access-mlp8-control,basic,cycles,548732467,250031970,250031970
1,random-access-mlp8-control-r2-mlp8_cycle-scalar-warm-basic-36864,random-access-mlp8-control,basic,instructions,1811336904,250031433,250031433
1,random-access-mlp8-control-r2-mlp8_cycle-scalar-warm-basic-36864,random-access-mlp8-control,basic,ref_cycles,548735352,250028704,250028704
1,random-access-mlp8-control-r2-mlp8_cycle-scalar-warm-basic-6291456,random-access-mlp8-control,basic,cycles,549348730,250316829,250316829
1,random-access-mlp8-control-r2-mlp8_cycle-scalar-warm-basic-6291456,random-access-mlp8-control,basic,instructions,528841979,250316663,250316663
1,random-access-mlp8-control-r2-mlp8_cycle-scalar-warm-basic-6291456,random-access-mlp8-control,basic,ref_cycles,549354102,250313732,250313732
1,random-access-mlp8-control-r2-mlp8_cycle-scalar-warm-basic-262144,random-access-mlp8-control,basic,cycles,548732230,250031869,250031869
1,random-access-mlp8-control-r2-mlp8_cycle-scalar-warm-basic-262144,random-access-mlp8-control,basic,instructions,1737040979,250027582,250027582
1,random-access-mlp8-control-r2-mlp8_cycle-scalar-warm-basic-262144,random-access-mlp8-control,basic,ref_cycles,548733086,250023991,250023991
1,random-access-mlp8-control-r3-mlp8_cycle-scalar-warm-basic-536870912,random-access-mlp8-control,basic,cycles,577248776,263031244,263031244
1,random-access-mlp8-control-r3-mlp8_cycle-scalar-warm-basic-536870912,random-access-mlp8-control,basic,instructions,102761503,263029812,263029812
1,random-access-mlp8-control-r3-mlp8_cycle-scalar-warm-basic-536870912,random-access-mlp8-control,basic,ref_cycles,577251796,263026291,263026291
1,random-access-mlp8-control-r3-mlp8_cycle-scalar-warm-basic-8388608,random-access-mlp8-control,basic,cycles,549593777,250429890,250429890
1,random-access-mlp8-control-r3-mlp8_cycle-scalar-warm-basic-8388608,random-access-mlp8-control,basic,instructions,369393969,250429834,250429834
1,random-access-mlp8-control-r3-mlp8_cycle-scalar-warm-basic-8388608,random-access-mlp8-control,basic,ref_cycles,549598390,250426391,250426391
1,random-access-mlp8-control-r3-mlp8_cycle-scalar-warm-basic-32768,random-access-mlp8-control,basic,cycles,548732577,250034398,250034398
1,random-access-mlp8-control-r3-mlp8_cycle-scalar-warm-basic-32768,random-access-mlp8-control,basic,instructions,1792343324,250032576,250032576
1,random-access-mlp8-control-r3-mlp8_cycle-scalar-warm-basic-32768,random-access-mlp8-control,basic,ref_cycles,548734956,250029276,250029276
1,random-access-mlp8-control-r3-mlp8_cycle-scalar-warm-basic-6291456,random-access-mlp8-control,basic,cycles,548820967,250077782,250077782
1,random-access-mlp8-control-r3-mlp8_cycle-scalar-warm-basic-6291456,random-access-mlp8-control,basic,instructions,506555978,250078057,250078057
1,random-access-mlp8-control-r3-mlp8_cycle-scalar-warm-basic-6291456,random-access-mlp8-control,basic,ref_cycles,548825662,250075063,250075063
1,random-access-mlp8-control-r3-mlp8_cycle-scalar-warm-basic-262144,random-access-mlp8-control,basic,cycles,548734603,250034926,250034926
1,random-access-mlp8-control-r3-mlp8_cycle-scalar-warm-basic-262144,random-access-mlp8-control,basic,instructions,1733903669,250033787,250033787
1,random-access-mlp8-control-r3-mlp8_cycle-scalar-warm-basic-262144,random-access-mlp8-control,basic,ref_cycles,548736980,250030803,250030803
1,random-access-mlp8-control-r3-mlp8_cycle-scalar-warm-basic-1048576,random-access-mlp8-control,basic,cycles,548764814,250048780,250048780
1,random-access-mlp8-control-r3-mlp8_cycle-scalar-warm-basic-1048576,random-access-mlp8-control,basic,instructions,1189885771,250047627,250047627
1,random-access-mlp8-control-r3-mlp8_cycle-scalar-warm-basic-1048576,random-access-mlp8-control,basic,ref_cycles,548767428,250044951,250044951
1,random-access-mlp8-control-r3-mlp8_cycle-scalar-warm-basic-36864,random-access-mlp8-control,basic,cycles,548732531,250034750,250034750
1,random-access-mlp8-control-r3-mlp8_cycle-scalar-warm-basic-36864,random-access-mlp8-control,basic,instructions,1774549364,250033827,250033827
1,random-access-mlp8-control-r3-mlp8_cycle-scalar-warm-basic-36864,random-access-mlp8-control,basic,ref_cycles,548735704,250030435,250030435
1,random-access-mlp8-control-r4-mlp8_cycle-scalar-warm-basic-36864,random-access-mlp8-control,basic,cycles,548732399,250034911,250034911
1,random-access-mlp8-control-r4-mlp8_cycle-scalar-warm-basic-36864,random-access-mlp8-control,basic,instructions,1797626577,250033533,250033533
1,random-access-mlp8-control-r4-mlp8_cycle-scalar-warm-basic-36864,random-access-mlp8-control,basic,ref_cycles,548734780,250030517,250030517
1,random-access-mlp8-control-r4-mlp8_cycle-scalar-warm-basic-1048576,random-access-mlp8-control,basic,cycles,548753217,250044800,250044800
1,random-access-mlp8-control-r4-mlp8_cycle-scalar-warm-basic-1048576,random-access-mlp8-control,basic,instructions,1168666522,250042842,250042842
1,random-access-mlp8-control-r4-mlp8_cycle-scalar-warm-basic-1048576,random-access-mlp8-control,basic,ref_cycles,548755746,250039496,250039496
1,random-access-mlp8-control-r4-mlp8_cycle-scalar-warm-basic-8388608,random-access-mlp8-control,basic,cycles,549227628,250262225,250262225
1,random-access-mlp8-control-r4-mlp8_cycle-scalar-warm-basic-8388608,random-access-mlp8-control,basic,instructions,480211978,250263717,250263717
1,random-access-mlp8-control-r4-mlp8_cycle-scalar-warm-basic-8388608,random-access-mlp8-control,basic,ref_cycles,549232552,250260718,250260718
1,random-access-mlp8-control-r4-mlp8_cycle-scalar-warm-basic-6291456,random-access-mlp8-control,basic,cycles,548883374,250105478,250105478
1,random-access-mlp8-control-r4-mlp8_cycle-scalar-warm-basic-6291456,random-access-mlp8-control,basic,instructions,526432679,250104796,250104796
1,random-access-mlp8-control-r4-mlp8_cycle-scalar-warm-basic-6291456,random-access-mlp8-control,basic,ref_cycles,548887944,250101705,250101705
1,random-access-mlp8-control-r4-mlp8_cycle-scalar-warm-basic-262144,random-access-mlp8-control,basic,cycles,548731909,250033170,250033170
1,random-access-mlp8-control-r4-mlp8_cycle-scalar-warm-basic-262144,random-access-mlp8-control,basic,instructions,1746556210,250030981,250030981
1,random-access-mlp8-control-r4-mlp8_cycle-scalar-warm-basic-262144,random-access-mlp8-control,basic,ref_cycles,548734362,250027973,250027973
1,random-access-mlp8-control-r4-mlp8_cycle-scalar-warm-basic-32768,random-access-mlp8-control,basic,cycles,548732291,250033072,250033072
1,random-access-mlp8-control-r4-mlp8_cycle-scalar-warm-basic-32768,random-access-mlp8-control,basic,instructions,1797785122,250031404,250031404
1,random-access-mlp8-control-r4-mlp8_cycle-scalar-warm-basic-32768,random-access-mlp8-control,basic,ref_cycles,548734428,250028549,250028549
1,random-access-mlp8-control-r4-mlp8_cycle-scalar-warm-basic-536870912,random-access-mlp8-control,basic,cycles,704668940,321082544,321082544
1,random-access-mlp8-control-r4-mlp8_cycle-scalar-warm-basic-536870912,random-access-mlp8-control,basic,instructions,154141940,321081271,321081271
1,random-access-mlp8-control-r4-mlp8_cycle-scalar-warm-basic-536870912,random-access-mlp8-control,basic,ref_cycles,704671946,321078757,321078757
1,random-access-mlp8-control-r5-mlp8_cycle-scalar-warm-basic-32768,random-access-mlp8-control,basic,cycles,548731348,250033612,250033612
1,random-access-mlp8-control-r5-mlp8_cycle-scalar-warm-basic-32768,random-access-mlp8-control,basic,instructions,1799550208,250031658,250031658
1,random-access-mlp8-control-r5-mlp8_cycle-scalar-warm-basic-32768,random-access-mlp8-control,basic,ref_cycles,548733504,250028304,250028304
1,random-access-mlp8-control-r5-mlp8_cycle-scalar-warm-basic-8388608,random-access-mlp8-control,basic,cycles,548970773,250144602,250144602
1,random-access-mlp8-control-r5-mlp8_cycle-scalar-warm-basic-8388608,random-access-mlp8-control,basic,instructions,485030145,250142778,250142778
1,random-access-mlp8-control-r5-mlp8_cycle-scalar-warm-basic-8388608,random-access-mlp8-control,basic,ref_cycles,548973656,250139676,250139676
1,random-access-mlp8-control-r5-mlp8_cycle-scalar-warm-basic-36864,random-access-mlp8-control,basic,cycles,548732717,250033579,250033579
1,random-access-mlp8-control-r5-mlp8_cycle-scalar-warm-basic-36864,random-access-mlp8-control,basic,instructions,1805718641,250031149,250031149
1,random-access-mlp8-control-r5-mlp8_cycle-scalar-warm-basic-36864,random-access-mlp8-control,basic,ref_cycles,548734912,250028001,250028001
1,random-access-mlp8-control-r5-mlp8_cycle-scalar-warm-basic-6291456,random-access-mlp8-control,basic,cycles,549072144,250190058,250190058
1,random-access-mlp8-control-r5-mlp8_cycle-scalar-warm-basic-6291456,random-access-mlp8-control,basic,instructions,522216428,250188564,250188564
1,random-access-mlp8-control-r5-mlp8_cycle-scalar-warm-basic-6291456,random-access-mlp8-control,basic,ref_cycles,549075846,250185460,250185460
1,random-access-mlp8-control-r5-mlp8_cycle-scalar-warm-basic-262144,random-access-mlp8-control,basic,cycles,548734494,250034008,250034008
1,random-access-mlp8-control-r5-mlp8_cycle-scalar-warm-basic-262144,random-access-mlp8-control,basic,instructions,1752120373,250031546,250031546
1,random-access-mlp8-control-r5-mlp8_cycle-scalar-warm-basic-262144,random-access-mlp8-control,basic,ref_cycles,548736232,250028606,250028606
1,random-access-mlp8-control-r5-mlp8_cycle-scalar-warm-basic-1048576,random-access-mlp8-control,basic,cycles,548758829,250045067,250045067
1,random-access-mlp8-control-r5-mlp8_cycle-scalar-warm-basic-1048576,random-access-mlp8-control,basic,instructions,1223876809,250043517,250043517
1,random-access-mlp8-control-r5-mlp8_cycle-scalar-warm-basic-1048576,random-access-mlp8-control,basic,ref_cycles,548761598,250040596,250040596
1,random-access-mlp8-control-r5-mlp8_cycle-scalar-warm-basic-536870912,random-access-mlp8-control,basic,cycles,690043176,314419591,314419591
1,random-access-mlp8-control-r5-mlp8_cycle-scalar-warm-basic-536870912,random-access-mlp8-control,basic,instructions,154141940,314418321,314418321
1,random-access-mlp8-control-r5-mlp8_cycle-scalar-warm-basic-536870912,random-access-mlp8-control,basic,ref_cycles,690046148,314415354,314415354
1,random-access-mlp8-control-r6-mlp8_cycle-scalar-warm-basic-1048576,random-access-mlp8-control,basic,cycles,548775299,250052556,250052556
1,random-access-mlp8-control-r6-mlp8_cycle-scalar-warm-basic-1048576,random-access-mlp8-control,basic,instructions,1172387399,250050774,250050774
1,random-access-mlp8-control-r6-mlp8_cycle-scalar-warm-basic-1048576,random-access-mlp8-control,basic,ref_cycles,548776954,250047530,250047530
1,random-access-mlp8-control-r6-mlp8_cycle-scalar-warm-basic-8388608,random-access-mlp8-control,basic,cycles,549391615,250337071,250337071
1,random-access-mlp8-control-r6-mlp8_cycle-scalar-warm-basic-8388608,random-access-mlp8-control,basic,instructions,493060435,250337152,250337152
1,random-access-mlp8-control-r6-mlp8_cycle-scalar-warm-basic-8388608,random-access-mlp8-control,basic,ref_cycles,549396452,250334120,250334120
1,random-access-mlp8-control-r6-mlp8_cycle-scalar-warm-basic-32768,random-access-mlp8-control,basic,cycles,548732258,250033612,250033612
1,random-access-mlp8-control-r6-mlp8_cycle-scalar-warm-basic-32768,random-access-mlp8-control,basic,instructions,1796894582,250031154,250031154
1,random-access-mlp8-control-r6-mlp8_cycle-scalar-warm-basic-32768,random-access-mlp8-control,basic,ref_cycles,548734274,250028049,250028049
1,random-access-mlp8-control-r6-mlp8_cycle-scalar-warm-basic-6291456,random-access-mlp8-control,basic,cycles,549333178,250308963,250308963
1,random-access-mlp8-control-r6-mlp8_cycle-scalar-warm-basic-6291456,random-access-mlp8-control,basic,instructions,522818759,250307731,250307731
1,random-access-mlp8-control-r6-mlp8_cycle-scalar-warm-basic-6291456,random-access-mlp8-control,basic,ref_cycles,549336920,250304351,250304351
1,random-access-mlp8-control-r6-mlp8_cycle-scalar-warm-basic-536870912,random-access-mlp8-control,basic,cycles,690720719,314728427,314728427
1,random-access-mlp8-control-r6-mlp8_cycle-scalar-warm-basic-536870912,random-access-mlp8-control,basic,instructions,154141940,314726664,314726664
1,random-access-mlp8-control-r6-mlp8_cycle-scalar-warm-basic-536870912,random-access-mlp8-control,basic,ref_cycles,690724474,314723562,314723562
1,random-access-mlp8-control-r6-mlp8_cycle-scalar-warm-basic-262144,random-access-mlp8-control,basic,cycles,548736445,250035134,250035134
1,random-access-mlp8-control-r6-mlp8_cycle-scalar-warm-basic-262144,random-access-mlp8-control,basic,instructions,1751538437,250031804,250031804
1,random-access-mlp8-control-r6-mlp8_cycle-scalar-warm-basic-262144,random-access-mlp8-control,basic,ref_cycles,548737794,250028104,250028104
1,random-access-mlp8-control-r6-mlp8_cycle-scalar-warm-basic-36864,random-access-mlp8-control,basic,cycles,548731103,250032925,250032925
1,random-access-mlp8-control-r6-mlp8_cycle-scalar-warm-basic-36864,random-access-mlp8-control,basic,instructions,1807342339,250030767,250030767
1,random-access-mlp8-control-r6-mlp8_cycle-scalar-warm-basic-36864,random-access-mlp8-control,basic,ref_cycles,548732646,250027464,250027464
1,random-access-mlp8-control-r7-mlp8_cycle-scalar-warm-basic-36864,random-access-mlp8-control,basic,cycles,548731408,250032367,250032367
1,random-access-mlp8-control-r7-mlp8_cycle-scalar-warm-basic-36864,random-access-mlp8-control,basic,instructions,1810062022,250029616,250029616
1,random-access-mlp8-control-r7-mlp8_cycle-scalar-warm-basic-36864,random-access-mlp8-control,basic,ref_cycles,548732932,250026444,250026444
1,random-access-mlp8-control-r7-mlp8_cycle-scalar-warm-basic-8388608,random-access-mlp8-control,basic,cycles,549339628,250313771,250313771
1,random-access-mlp8-control-r7-mlp8_cycle-scalar-warm-basic-8388608,random-access-mlp8-control,basic,instructions,489045290,250313212,250313212
1,random-access-mlp8-control-r7-mlp8_cycle-scalar-warm-basic-8388608,random-access-mlp8-control,basic,ref_cycles,549344356,250309456,250309456
1,random-access-mlp8-control-r7-mlp8_cycle-scalar-warm-basic-6291456,random-access-mlp8-control,basic,cycles,549138359,250222146,250222146
1,random-access-mlp8-control-r7-mlp8_cycle-scalar-warm-basic-6291456,random-access-mlp8-control,basic,instructions,527035004,250221090,250221090
1,random-access-mlp8-control-r7-mlp8_cycle-scalar-warm-basic-6291456,random-access-mlp8-control,basic,ref_cycles,549142968,250217835,250217835
1,random-access-mlp8-control-r7-mlp8_cycle-scalar-warm-basic-536870912,random-access-mlp8-control,basic,cycles,691106006,314904558,314904558
1,random-access-mlp8-control-r7-mlp8_cycle-scalar-warm-basic-536870912,random-access-mlp8-control,basic,instructions,154141940,314902978,314902978
1,random-access-mlp8-control-r7-mlp8_cycle-scalar-warm-basic-536870912,random-access-mlp8-control,basic,ref_cycles,691109474,314899997,314899997
1,random-access-mlp8-control-r7-mlp8_cycle-scalar-warm-basic-262144,random-access-mlp8-control,basic,cycles,548734042,250033876,250033876
1,random-access-mlp8-control-r7-mlp8_cycle-scalar-warm-basic-262144,random-access-mlp8-control,basic,instructions,1747085482,250031601,250031601
1,random-access-mlp8-control-r7-mlp8_cycle-scalar-warm-basic-262144,random-access-mlp8-control,basic,ref_cycles,548735814,250028249,250028249
1,random-access-mlp8-control-r7-mlp8_cycle-scalar-warm-basic-1048576,random-access-mlp8-control,basic,cycles,548739913,250037519,250037519
1,random-access-mlp8-control-r7-mlp8_cycle-scalar-warm-basic-1048576,random-access-mlp8-control,basic,instructions,1210300418,250035851,250035851
1,random-access-mlp8-control-r7-mlp8_cycle-scalar-warm-basic-1048576,random-access-mlp8-control,basic,ref_cycles,548743206,250032742,250032742
1,random-access-mlp8-control-r7-mlp8_cycle-scalar-warm-basic-32768,random-access-mlp8-control,basic,cycles,548731464,250032852,250032852
1,random-access-mlp8-control-r7-mlp8_cycle-scalar-warm-basic-32768,random-access-mlp8-control,basic,instructions,1788813512,250030493,250030493
1,random-access-mlp8-control-r7-mlp8_cycle-scalar-warm-basic-32768,random-access-mlp8-control,basic,ref_cycles,548733680,250027928,250027928
1,random-access-mlp8-control-r8-mlp8_cycle-scalar-warm-basic-32768,random-access-mlp8-control,basic,cycles,548732074,250033253,250033253
1,random-access-mlp8-control-r8-mlp8_cycle-scalar-warm-basic-32768,random-access-mlp8-control,basic,instructions,1798686065,250030839,250030839
1,random-access-mlp8-control-r8-mlp8_cycle-scalar-warm-basic-32768,random-access-mlp8-control,basic,ref_cycles,548733900,250027606,250027606
1,random-access-mlp8-control-r8-mlp8_cycle-scalar-warm-basic-8388608,random-access-mlp8-control,basic,cycles,548789992,250061744,250061744
1,random-access-mlp8-control-r8-mlp8_cycle-scalar-warm-basic-8388608,random-access-mlp8-control,basic,instructions,490651348,250059411,250059411
1,random-access-mlp8-control-r8-mlp8_cycle-scalar-warm-basic-8388608,random-access-mlp8-control,basic,ref_cycles,548792772,250056115,250056115
1,random-access-mlp8-control-r8-mlp8_cycle-scalar-warm-basic-1048576,random-access-mlp8-control,basic,cycles,548738496,250036298,250036298
1,random-access-mlp8-control-r8-mlp8_cycle-scalar-warm-basic-1048576,random-access-mlp8-control,basic,instructions,1221161424,250033812,250033812
1,random-access-mlp8-control-r8-mlp8_cycle-scalar-warm-basic-1048576,random-access-mlp8-control,basic,ref_cycles,548740236,250030601,250030601
1,random-access-mlp8-control-r8-mlp8_cycle-scalar-warm-basic-536870912,random-access-mlp8-control,basic,cycles,724311366,330031842,330031842
1,random-access-mlp8-control-r8-mlp8_cycle-scalar-warm-basic-536870912,random-access-mlp8-control,basic,instructions,154141940,330030040,330030040
1,random-access-mlp8-control-r8-mlp8_cycle-scalar-warm-basic-536870912,random-access-mlp8-control,basic,ref_cycles,724314690,330027095,330027095
1,random-access-mlp8-control-r8-mlp8_cycle-scalar-warm-basic-36864,random-access-mlp8-control,basic,cycles,548731985,250034018,250034018
1,random-access-mlp8-control-r8-mlp8_cycle-scalar-warm-basic-36864,random-access-mlp8-control,basic,instructions,1808505893,250031928,250031928
1,random-access-mlp8-control-r8-mlp8_cycle-scalar-warm-basic-36864,random-access-mlp8-control,basic,ref_cycles,548734164,250028714,250028714
1,random-access-mlp8-control-r8-mlp8_cycle-scalar-warm-basic-6291456,random-access-mlp8-control,basic,cycles,548917580,250120247,250120247
1,random-access-mlp8-control-r8-mlp8_cycle-scalar-warm-basic-6291456,random-access-mlp8-control,basic,instructions,523421054,250118480,250118480
1,random-access-mlp8-control-r8-mlp8_cycle-scalar-warm-basic-6291456,random-access-mlp8-control,basic,ref_cycles,548921186,250115301,250115301
1,random-access-mlp8-control-r8-mlp8_cycle-scalar-warm-basic-262144,random-access-mlp8-control,basic,cycles,548737839,250035324,250035324
1,random-access-mlp8-control-r8-mlp8_cycle-scalar-warm-basic-262144,random-access-mlp8-control,basic,instructions,1767404369,250032744,250032744
1,random-access-mlp8-control-r8-mlp8_cycle-scalar-warm-basic-262144,random-access-mlp8-control,basic,ref_cycles,548739532,250029622,250029622
1,random-access-mlp8-control-r9-mlp8_cycle-scalar-warm-basic-8388608,random-access-mlp8-control,basic,cycles,549305663,250296028,250296028
1,random-access-mlp8-control-r9-mlp8_cycle-scalar-warm-basic-8388608,random-access-mlp8-control,basic,instructions,491454377,250294442,250294442
1,random-access-mlp8-control-r9-mlp8_cycle-scalar-warm-basic-8388608,random-access-mlp8-control,basic,ref_cycles,549308738,250290947,250290947
1,random-access-mlp8-control-r9-mlp8_cycle-scalar-warm-basic-536870912,random-access-mlp8-control,basic,cycles,689437837,314143601,314143601
1,random-access-mlp8-control-r9-mlp8_cycle-scalar-warm-basic-536870912,random-access-mlp8-control,basic,instructions,154141940,314141453,314141453
1,random-access-mlp8-control-r9-mlp8_cycle-scalar-warm-basic-536870912,random-access-mlp8-control,basic,ref_cycles,689441192,314138514,314138514
1,random-access-mlp8-control-r9-mlp8_cycle-scalar-warm-basic-32768,random-access-mlp8-control,basic,cycles,548731210,250033106,250033106
1,random-access-mlp8-control-r9-mlp8_cycle-scalar-warm-basic-32768,random-access-mlp8-control,basic,instructions,1800207507,250030688,250030688
1,random-access-mlp8-control-r9-mlp8_cycle-scalar-warm-basic-32768,random-access-mlp8-control,basic,ref_cycles,548732558,250026811,250026811
1,random-access-mlp8-control-r9-mlp8_cycle-scalar-warm-basic-6291456,random-access-mlp8-control,basic,cycles,548901782,250112081,250112081
1,random-access-mlp8-control-r9-mlp8_cycle-scalar-warm-basic-6291456,random-access-mlp8-control,basic,instructions,525830354,250110403,250110403
1,random-access-mlp8-control-r9-mlp8_cycle-scalar-warm-basic-6291456,random-access-mlp8-control,basic,ref_cycles,548904488,250107000,250107000
1,random-access-mlp8-control-r9-mlp8_cycle-scalar-warm-basic-262144,random-access-mlp8-control,basic,cycles,548735284,250034843,250034843
1,random-access-mlp8-control-r9-mlp8_cycle-scalar-warm-basic-262144,random-access-mlp8-control,basic,instructions,1759154045,250032699,250032699
1,random-access-mlp8-control-r9-mlp8_cycle-scalar-warm-basic-262144,random-access-mlp8-control,basic,ref_cycles,548737046,250029317,250029317
1,random-access-mlp8-control-r9-mlp8_cycle-scalar-warm-basic-1048576,random-access-mlp8-control,basic,cycles,548737479,250036485,250036485
1,random-access-mlp8-control-r9-mlp8_cycle-scalar-warm-basic-1048576,random-access-mlp8-control,basic,instructions,1243386289,250034138,250034138
1,random-access-mlp8-control-r9-mlp8_cycle-scalar-warm-basic-1048576,random-access-mlp8-control,basic,ref_cycles,548739246,250031050,250031050
1,random-access-mlp8-control-r9-mlp8_cycle-scalar-warm-basic-36864,random-access-mlp8-control,basic,cycles,548731528,250032152,250032152
1,random-access-mlp8-control-r9-mlp8_cycle-scalar-warm-basic-36864,random-access-mlp8-control,basic,instructions,1809606375,250029660,250029660
1,random-access-mlp8-control-r9-mlp8_cycle-scalar-warm-basic-36864,random-access-mlp8-control,basic,ref_cycles,548732998,250026448,250026448
1,random-access-mlp8-control-r10-mlp8_cycle-scalar-warm-basic-536870912,random-access-mlp8-control,basic,cycles,690977453,314845495,314845495
1,random-access-mlp8-control-r10-mlp8_cycle-scalar-warm-basic-536870912,random-access-mlp8-control,basic,instructions,154141940,314844017,314844017
1,random-access-mlp8-control-r10-mlp8_cycle-scalar-warm-basic-536870912,random-access-mlp8-control,basic,ref_cycles,690980906,314840699,314840699
1,random-access-mlp8-control-r10-mlp8_cycle-scalar-warm-basic-36864,random-access-mlp8-control,basic,cycles,548730920,250032225,250032225
1,random-access-mlp8-control-r10-mlp8_cycle-scalar-warm-basic-36864,random-access-mlp8-control,basic,instructions,1810649351,250030391,250030391
1,random-access-mlp8-control-r10-mlp8_cycle-scalar-warm-basic-36864,random-access-mlp8-control,basic,ref_cycles,548732932,250027143,250027143
1,random-access-mlp8-control-r10-mlp8_cycle-scalar-warm-basic-8388608,random-access-mlp8-control,basic,cycles,549099638,250203161,250203161
1,random-access-mlp8-control-r10-mlp8_cycle-scalar-warm-basic-8388608,random-access-mlp8-control,basic,instructions,489045314,250200328,250200328
1,random-access-mlp8-control-r10-mlp8_cycle-scalar-warm-basic-8388608,random-access-mlp8-control,basic,ref_cycles,549102334,250196951,250196951
1,random-access-mlp8-control-r10-mlp8_cycle-scalar-warm-basic-1048576,random-access-mlp8-control,basic,cycles,548776791,250052712,250052712
1,random-access-mlp8-control-r10-mlp8_cycle-scalar-warm-basic-1048576,random-access-mlp8-control,basic,instructions,1181538828,250049101,250049101
1,random-access-mlp8-control-r10-mlp8_cycle-scalar-warm-basic-1048576,random-access-mlp8-control,basic,ref_cycles,548777746,250045852,250045852
1,random-access-mlp8-control-r10-mlp8_cycle-scalar-warm-basic-6291456,random-access-mlp8-control,basic,cycles,548979239,250148651,250148651
1,random-access-mlp8-control-r10-mlp8_cycle-scalar-warm-basic-6291456,random-access-mlp8-control,basic,instructions,516795479,250148516,250148516
1,random-access-mlp8-control-r10-mlp8_cycle-scalar-warm-basic-6291456,random-access-mlp8-control,basic,ref_cycles,548983028,250145387,250145387
1,random-access-mlp8-control-r10-mlp8_cycle-scalar-warm-basic-32768,random-access-mlp8-control,basic,cycles,548731761,250033435,250033435
1,random-access-mlp8-control-r10-mlp8_cycle-scalar-warm-basic-32768,random-access-mlp8-control,basic,instructions,1796017130,250031352,250031352
1,random-access-mlp8-control-r10-mlp8_cycle-scalar-warm-basic-32768,random-access-mlp8-control,basic,ref_cycles,548734164,250028157,250028157
1,random-access-mlp8-control-r10-mlp8_cycle-scalar-warm-basic-262144,random-access-mlp8-control,basic,cycles,548730911,250031908,250031908
1,random-access-mlp8-control-r10-mlp8_cycle-scalar-warm-basic-262144,random-access-mlp8-control,basic,instructions,1743570999,250028145,250028145
1,random-access-mlp8-control-r10-mlp8_cycle-scalar-warm-basic-262144,random-access-mlp8-control,basic,ref_cycles,548731656,250024747,250024747
1,random-access-mlp8-control-r11-mlp8_cycle-scalar-warm-basic-262144,random-access-mlp8-control,basic,cycles,548736903,250034070,250034070
1,random-access-mlp8-control-r11-mlp8_cycle-scalar-warm-basic-262144,random-access-mlp8-control,basic,instructions,1727907240,250030714,250030714
1,random-access-mlp8-control-r11-mlp8_cycle-scalar-warm-basic-262144,random-access-mlp8-control,basic,ref_cycles,548737992,250027098,250027098
1,random-access-mlp8-control-r11-mlp8_cycle-scalar-warm-basic-1048576,random-access-mlp8-control,basic,cycles,548767979,250049705,250049705
1,random-access-mlp8-control-r11-mlp8_cycle-scalar-warm-basic-1048576,random-access-mlp8-control,basic,instructions,1202355790,250048486,250048486
1,random-access-mlp8-control-r11-mlp8_cycle-scalar-warm-basic-1048576,random-access-mlp8-control,basic,ref_cycles,548769958,250045241,250045241
1,random-access-mlp8-control-r11-mlp8_cycle-scalar-warm-basic-536870912,random-access-mlp8-control,basic,cycles,706990584,322139823,322139823
1,random-access-mlp8-control-r11-mlp8_cycle-scalar-warm-basic-536870912,random-access-mlp8-control,basic,instructions,154141940,322138261,322138261
1,random-access-mlp8-control-r11-mlp8_cycle-scalar-warm-basic-536870912,random-access-mlp8-control,basic,ref_cycles,706993474,322134755,322134755
1,random-access-mlp8-control-r11-mlp8_cycle-scalar-warm-basic-32768,random-access-mlp8-control,basic,cycles,548731237,250033306,250033306
1,random-access-mlp8-control-r11-mlp8_cycle-scalar-warm-basic-32768,random-access-mlp8-control,basic,instructions,1797524057,250029592,250029592
1,random-access-mlp8-control-r11-mlp8_cycle-scalar-warm-basic-32768,random-access-mlp8-control,basic,ref_cycles,548732536,250026134,250026134
1,random-access-mlp8-control-r11-mlp8_cycle-scalar-warm-basic-8388608,random-access-mlp8-control,basic,cycles,549561634,250412846,250412846
1,random-access-mlp8-control-r11-mlp8_cycle-scalar-warm-basic-8388608,random-access-mlp8-control,basic,instructions,490651348,250409973,250409973
1,random-access-mlp8-control-r11-mlp8_cycle-scalar-warm-basic-8388608,random-access-mlp8-control,basic,ref_cycles,549564070,250406775,250406775
1,random-access-mlp8-control-r11-mlp8_cycle-scalar-warm-basic-36864,random-access-mlp8-control,basic,cycles,548730261,250030955,250030955
1,random-access-mlp8-control-r11-mlp8_cycle-scalar-warm-basic-36864,random-access-mlp8-control,basic,instructions,1804882482,250027399,250027399
1,random-access-mlp8-control-r11-mlp8_cycle-scalar-warm-basic-36864,random-access-mlp8-control,basic,ref_cycles,548730996,250023896,250023896
1,random-access-mlp8-control-r11-mlp8_cycle-scalar-warm-basic-6291456,random-access-mlp8-control,basic,cycles,549282422,250286248,250286248
1,random-access-mlp8-control-r11-mlp8_cycle-scalar-warm-basic-6291456,random-access-mlp8-control,basic,instructions,523421054,250285116,250285116
1,random-access-mlp8-control-r11-mlp8_cycle-scalar-warm-basic-6291456,random-access-mlp8-control,basic,ref_cycles,549287002,250282034,250282034
1,random-access-mlp8-control-r12-mlp8_cycle-scalar-warm-basic-36864,random-access-mlp8-control,basic,cycles,548731209,250031799,250031799
1,random-access-mlp8-control-r12-mlp8_cycle-scalar-warm-basic-36864,random-access-mlp8-control,basic,instructions,1793620235,250028291,250028291
1,random-access-mlp8-control-r12-mlp8_cycle-scalar-warm-basic-36864,random-access-mlp8-control,basic,ref_cycles,548732228,250024935,250024935
1,random-access-mlp8-control-r12-mlp8_cycle-scalar-warm-basic-262144,random-access-mlp8-control,basic,cycles,548738617,250035945,250035945
1,random-access-mlp8-control-r12-mlp8_cycle-scalar-warm-basic-262144,random-access-mlp8-control,basic,instructions,1748274601,250033717,250033717
1,random-access-mlp8-control-r12-mlp8_cycle-scalar-warm-basic-262144,random-access-mlp8-control,basic,ref_cycles,548739950,250030080,250030080
1,random-access-mlp8-control-r12-mlp8_cycle-scalar-warm-basic-536870912,random-access-mlp8-control,basic,cycles,690214817,314497038,314497038
1,random-access-mlp8-control-r12-mlp8_cycle-scalar-warm-basic-536870912,random-access-mlp8-control,basic,instructions,154141940,314496047,314496047
1,random-access-mlp8-control-r12-mlp8_cycle-scalar-warm-basic-536870912,random-access-mlp8-control,basic,ref_cycles,690218474,314492938,314492938
1,random-access-mlp8-control-r12-mlp8_cycle-scalar-warm-basic-8388608,random-access-mlp8-control,basic,cycles,549240448,250266661,250266661
1,random-access-mlp8-control-r12-mlp8_cycle-scalar-warm-basic-8388608,random-access-mlp8-control,basic,instructions,497878609,250266554,250266554
1,random-access-mlp8-control-r12-mlp8_cycle-scalar-warm-basic-8388608,random-access-mlp8-control,basic,ref_cycles,549244146,250263345,250263345
1,random-access-mlp8-control-r12-mlp8_cycle-scalar-warm-basic-1048576,random-access-mlp8-control,basic,cycles,548755454,250043526,250043526
1,random-access-mlp8-control-r12-mlp8_cycle-scalar-warm-basic-1048576,random-access-mlp8-control,basic,instructions,1223776135,250041725,250041725
1,random-access-mlp8-control-r12-mlp8_cycle-scalar-warm-basic-1048576,random-access-mlp8-control,basic,ref_cycles,548757264,250038492,250038492
1,random-access-mlp8-control-r12-mlp8_cycle-scalar-warm-basic-32768,random-access-mlp8-control,basic,cycles,548730813,250031375,250031375
1,random-access-mlp8-control-r12-mlp8_cycle-scalar-warm-basic-32768,random-access-mlp8-control,basic,instructions,1805017549,250027465,250027465
1,random-access-mlp8-control-r12-mlp8_cycle-scalar-warm-basic-32768,random-access-mlp8-control,basic,ref_cycles,548731480,250023952,250023952
1,random-access-mlp8-control-r12-mlp8_cycle-scalar-warm-basic-6291456,random-access-mlp8-control,basic,cycles,549113029,250207971,250207971
1,random-access-mlp8-control-r12-mlp8_cycle-scalar-warm-basic-6291456,random-access-mlp8-control,basic,instructions,519807104,250206512,250206512
1,random-access-mlp8-control-r12-mlp8_cycle-scalar-warm-basic-6291456,random-access-mlp8-control,basic,ref_cycles,549115732,250203065,250203065
1,random-access-mlp8-control-r13-mlp8_cycle-scalar-warm-basic-32768,random-access-mlp8-control,basic,cycles,548731732,250033673,250033673
1,random-access-mlp8-control-r13-mlp8_cycle-scalar-warm-basic-32768,random-access-mlp8-control,basic,instructions,1796187788,250031525,250031525
1,random-access-mlp8-control-r13-mlp8_cycle-scalar-warm-basic-32768,random-access-mlp8-control,basic,ref_cycles,548733768,250028266,250028266
1,random-access-mlp8-control-r13-mlp8_cycle-scalar-warm-basic-536870912,random-access-mlp8-control,basic,cycles,691128699,314913260,314913260
1,random-access-mlp8-control-r13-mlp8_cycle-scalar-warm-basic-536870912,random-access-mlp8-control,basic,instructions,154141940,314911813,314911813
1,random-access-mlp8-control-r13-mlp8_cycle-scalar-warm-basic-536870912,random-access-mlp8-control,basic,ref_cycles,691131848,314908803,314908803
1,random-access-mlp8-control-r13-mlp8_cycle-scalar-warm-basic-262144,random-access-mlp8-control,basic,cycles,548738528,250036064,250036064
1,random-access-mlp8-control-r13-mlp8_cycle-scalar-warm-basic-262144,random-access-mlp8-control,basic,instructions,1747186596,250033552,250033552
1,random-access-mlp8-control-r13-mlp8_cycle-scalar-warm-basic-262144,random-access-mlp8-control,basic,ref_cycles,548740236,250030033,250030033
1,random-access-mlp8-control-r13-mlp8_cycle-scalar-warm-basic-1048576,random-access-mlp8-control,basic,cycles,548760749,250045612,250045612
1,random-access-mlp8-control-r13-mlp8_cycle-scalar-warm-basic-1048576,random-access-mlp8-control,basic,instructions,1251129815,250043387,250043387
1,random-access-mlp8-control-r13-mlp8_cycle-scalar-warm-basic-1048576,random-access-mlp8-control,basic,ref_cycles,548762434,250040273,250040273
1,random-access-mlp8-control-r13-mlp8_cycle-scalar-warm-basic-36864,random-access-mlp8-control,basic,cycles,548732108,250033739,250033739
1,random-access-mlp8-control-r13-mlp8_cycle-scalar-warm-basic-36864,random-access-mlp8-control,basic,instructions,1803324514,250032150,250032150
1,random-access-mlp8-control-r13-mlp8_cycle-scalar-warm-basic-36864,random-access-mlp8-control,basic,ref_cycles,548734406,250029089,250029089
1,random-access-mlp8-control-r13-mlp8_cycle-scalar-warm-basic-8388608,random-access-mlp8-control,basic,cycles,548899557,250113246,250113246
1,random-access-mlp8-control-r13-mlp8_cycle-scalar-warm-basic-8388608,random-access-mlp8-control,basic,instructions,494666524,250111884,250111884
1,random-access-mlp8-control-r13-mlp8_cycle-scalar-warm-basic-8388608,random-access-mlp8-control,basic,ref_cycles,548903256,250108215,250108215
1,random-access-mlp8-control-r13-mlp8_cycle-scalar-warm-basic-6291456,random-access-mlp8-control,basic,cycles,549053608,250181293,250181293
1,random-access-mlp8-control-r13-mlp8_cycle-scalar-warm-basic-6291456,random-access-mlp8-control,basic,instructions,536069879,250180331,250180331
1,random-access-mlp8-control-r13-mlp8_cycle-scalar-warm-basic-6291456,random-access-mlp8-control,basic,ref_cycles,549056904,250177009,250177009
1,random-access-mlp8-control-r14-mlp8_cycle-scalar-warm-basic-262144,random-access-mlp8-control,basic,cycles,548734677,250034229,250034229
1,random-access-mlp8-control-r14-mlp8_cycle-scalar-warm-basic-262144,random-access-mlp8-control,basic,instructions,1755763765,250031851,250031851
1,random-access-mlp8-control-r14-mlp8_cycle-scalar-warm-basic-262144,random-access-mlp8-control,basic,ref_cycles,548736144,250028558,250028558
1,random-access-mlp8-control-r14-mlp8_cycle-scalar-warm-basic-32768,random-access-mlp8-control,basic,cycles,548731735,250034852,250034852
1,random-access-mlp8-control-r14-mlp8_cycle-scalar-warm-basic-32768,random-access-mlp8-control,basic,instructions,1799932323,250031515,250031515
1,random-access-mlp8-control-r14-mlp8_cycle-scalar-warm-basic-32768,random-access-mlp8-control,basic,ref_cycles,548733218,250027988,250027988
1,random-access-mlp8-control-r14-mlp8_cycle-scalar-warm-basic-8388608,random-access-mlp8-control,basic,cycles,549328444,250306294,250306294
1,random-access-mlp8-control-r14-mlp8_cycle-scalar-warm-basic-8388608,random-access-mlp8-control,basic,instructions,507514981,250304167,250304167
1,random-access-mlp8-control-r14-mlp8_cycle-scalar-warm-basic-8388608,random-access-mlp8-control,basic,ref_cycles,549330782,250300791,250300791
1,random-access-mlp8-control-r14-mlp8_cycle-scalar-warm-basic-1048576,random-access-mlp8-control,basic,cycles,548734584,250032968,250032968
1,random-access-mlp8-control-r14-mlp8_cycle-scalar-warm-basic-1048576,random-access-mlp8-control,basic,instructions,1215831493,250029503,250029503
1,random-access-mlp8-control-r14-mlp8_cycle-scalar-warm-basic-1048576,random-access-mlp8-control,basic,ref_cycles,548735638,250026002,250026002
1,random-access-mlp8-control-r14-mlp8_cycle-scalar-warm-basic-36864,random-access-mlp8-control,basic,cycles,548731374,250032281,250032281
1,random-access-mlp8-control-r14-mlp8_cycle-scalar-warm-basic-36864,random-access-mlp8-control,basic,instructions,1811648288,250031589,250031589
1,random-access-mlp8-control-r14-mlp8_cycle-scalar-warm-basic-36864,random-access-mlp8-control,basic,ref_cycles,548733768,250028680,250028680
1,random-access-mlp8-control-r14-mlp8_cycle-scalar-warm-basic-6291456,random-access-mlp8-control,basic,cycles,549086369,250197475,250197475
1,random-access-mlp8-control-r14-mlp8_cycle-scalar-warm-basic-6291456,random-access-mlp8-control,basic,instructions,527637329,250197306,250197306
1,random-access-mlp8-control-r14-mlp8_cycle-scalar-warm-basic-6291456,random-access-mlp8-control,basic,ref_cycles,549090542,250193975,250193975
1,random-access-mlp8-control-r14-mlp8_cycle-scalar-warm-basic-536870912,random-access-mlp8-control,basic,cycles,692892569,315717452,315717452
1,random-access-mlp8-control-r14-mlp8_cycle-scalar-warm-basic-536870912,random-access-mlp8-control,basic,instructions,154141940,315715914,315715914
1,random-access-mlp8-control-r14-mlp8_cycle-scalar-warm-basic-536870912,random-access-mlp8-control,basic,ref_cycles,692895412,315713141,315713141
1,random-access-mlp8-control-r15-mlp8_cycle-scalar-warm-basic-36864,random-access-mlp8-control,basic,cycles,548731199,250032997,250032997
1,random-access-mlp8-control-r15-mlp8_cycle-scalar-warm-basic-36864,random-access-mlp8-control,basic,instructions,1810694393,250031342,250031342
1,random-access-mlp8-control-r15-mlp8_cycle-scalar-warm-basic-36864,random-access-mlp8-control,basic,ref_cycles,548733262,250027955,250027955
1,random-access-mlp8-control-r15-mlp8_cycle-scalar-warm-basic-262144,random-access-mlp8-control,basic,cycles,548732237,250033285,250033285
1,random-access-mlp8-control-r15-mlp8_cycle-scalar-warm-basic-262144,random-access-mlp8-control,basic,instructions,1750501083,250030951,250030951
1,random-access-mlp8-control-r15-mlp8_cycle-scalar-warm-basic-262144,random-access-mlp8-control,basic,ref_cycles,548734318,250027745,250027745
1,random-access-mlp8-control-r15-mlp8_cycle-scalar-warm-basic-1048576,random-access-mlp8-control,basic,cycles,548738972,250036699,250036699
1,random-access-mlp8-control-r15-mlp8_cycle-scalar-warm-basic-1048576,random-access-mlp8-control,basic,instructions,1230916673,250035164,250035164
1,random-access-mlp8-control-r15-mlp8_cycle-scalar-warm-basic-1048576,random-access-mlp8-control,basic,ref_cycles,548741776,250032102,250032102
1,random-access-mlp8-control-r15-mlp8_cycle-scalar-warm-basic-8388608,random-access-mlp8-control,basic,cycles,548927080,250125068,250125068
1,random-access-mlp8-control-r15-mlp8_cycle-scalar-warm-basic-8388608,random-access-mlp8-control,basic,instructions,493863464,250124115,250124115
1,random-access-mlp8-control-r15-mlp8_cycle-scalar-warm-basic-8388608,random-access-mlp8-control,basic,ref_cycles,548931306,250121252,250121252
1,random-access-mlp8-control-r15-mlp8_cycle-scalar-warm-basic-32768,random-access-mlp8-control,basic,cycles,548731412,250031486,250031486
1,random-access-mlp8-control-r15-mlp8_cycle-scalar-warm-basic-32768,random-access-mlp8-control,basic,instructions,1798860249,250027840,250027840
1,random-access-mlp8-control-r15-mlp8_cycle-scalar-warm-basic-32768,random-access-mlp8-control,basic,ref_cycles,548732074,250024587,250024587
1,random-access-mlp8-control-r15-mlp8_cycle-scalar-warm-basic-536870912,random-access-mlp8-control,basic,cycles,691641185,315146676,315146676
1,random-access-mlp8-control-r15-mlp8_cycle-scalar-warm-basic-536870912,random-access-mlp8-control,basic,instructions,154141940,315145950,315145950
1,random-access-mlp8-control-r15-mlp8_cycle-scalar-warm-basic-536870912,random-access-mlp8-control,basic,ref_cycles,691644954,315143641,315143641
1,random-access-mlp8-control-r15-mlp8_cycle-scalar-warm-basic-6291456,random-access-mlp8-control,basic,cycles,548778275,250056430,250056430
1,random-access-mlp8-control-r15-mlp8_cycle-scalar-warm-basic-6291456,random-access-mlp8-control,basic,instructions,530046636,250057271,250057271
1,random-access-mlp8-control-r15-mlp8_cycle-scalar-warm-basic-6291456,random-access-mlp8-control,basic,ref_cycles,548782498,250053887,250053887
