schema_version,sample_id,build_id,round,mode,implementation,state,perf_profile,footprint_bytes,physical_footprint_bytes,logical_operations,passes,wall_ns,tsc_ticks,cpu_before,cpu_after,minor_faults,major_faults,checksum,first_touch_exception
1,random-access-mlp8-control-r1-mlp8_cycle-scalar-warm-basic-36864,random-access-mlp8-control,1,mlp8_cycle,scalar,warm,basic,36864,36864,278427456,483381,250000289,548729400,4,4,0,0,1519419037177,0
1,random-access-mlp8-control-r1-mlp8_cycle-scalar-warm-basic-536870912,random-access-mlp8-control,1,mlp8_cycle,scalar,warm,basic,536870912,536870912,25165824,3,312199549,685251896,4,4,0,0,18022522355378459,0
1,random-access-mlp8-control-r1-mlp8_cycle-scalar-warm-basic-8388608,random-access-mlp8-control,1,mlp8_cycle,scalar,warm,basic,8388608,8388608,81526784,622,250215952,549203040,4,4,0,0,0,0
1,random-access-mlp8-control-r1-mlp8_cycle-scalar-warm-basic-6291456,random-access-mlp8-control,1,mlp8_cycle,scalar,warm,basic,6291456,6291456,86310912,878,250053021,548845424,4,4,0,0,0,0
1,random-access-mlp8-control-r1-mlp8_cycle-scalar-warm-basic-262144,random-access-mlp8-control,1,mlp8_cycle,scalar,warm,basic,262144,262144,284123136,69366,250001792,548732960,4,4,0,0,0,0
1,random-access-mlp8-control-r1-mlp8_cycle-scalar-warm-basic-1048576,random-access-mlp8-control,1,mlp8_cycle,scalar,warm,basic,1048576,1048576,196952064,12021,250005375,548740848,4,4,0,0,34967009685969,0
1,random-access-mlp8-control-r1-mlp8_cycle-scalar-warm-basic-32768,random-access-mlp8-control,1,mlp8_cycle,scalar,warm,basic,32768,32768,273424896,534033,250000427,548729996,4,4,0,0,1355790775443,0
1,random-access-mlp8-control-r2-mlp8_cycle-scalar-warm-basic-1048576,random-access-mlp8-control,2,mlp8_cycle,scalar,warm,basic,1048576,1048576,200572928,12242,250016038,548763972,4,4,0,0,0,0
1,random-access-mlp8-control-r2-mlp8_cycle-scalar-warm-basic-536870912,random-access-mlp8-control,2,mlp8_cycle,scalar,warm,basic,536870912,536870912,25165824,3,312263909,685393176,4,4,0,0,18022522355378459,0
1,random-access-mlp8-control-r2-mlp8_cycle-scalar-warm-basic-32768,random-access-mlp8-control,2,mlp8_cycle,scalar,warm,basic,32768,32768,274658816,536443,250000228,548729580,4,4,0,0,1355790775443,0
1,random-access-mlp8-control-r2-mlp8_cycle-scalar-warm-basic-8388608,random-access-mlp8-control,2,mlp8_cycle,scalar,warm,basic,8388608,8388608,80740352,616,250110576,548971756,4,4,0,0,0,0
1,random-access-mlp8-control-r2-mlp8_cycle-scalar-warm-basic-36864,random-access-mlp8-control,2,mlp8_cycle,scalar,warm,basic,36864,36864,278888256,484181,250000691,548730136,4,4,0,0,1519419037177,0
1,random-access-mlp8-control-r2-mlp8_cycle-scalar-warm-basic-6291456,random-access-mlp8-control,2,mlp8_cycle,scalar,warm,basic,6291456,6291456,86310912,878,250281506,549346648,4,4,0,0,0,0
1,random-access-mlp8-control-r2-mlp8_cycle-scalar-warm-basic-262144,random-access-mlp8-control,2,mlp8_cycle,scalar,warm,basic,262144,262144,281210880,68655,250000941,548730972,4,4,0,0,9160837481068,0
1,random-access-mlp8-control-r3-mlp8_cycle-scalar-warm-basic-536870912,random-access-mlp8-control,3,mlp8_cycle,scalar,warm,basic,536870912,536870912,16777216,2,262992609,577246768,4,4,0,0,0,0
1,random-access-mlp8-control-r3-mlp8_cycle-scalar-warm-basic-8388608,random-access-mlp8-control,3,mlp8_cycle,scalar,warm,basic,8388608,8388608,60293120,460,250393116,549591604,4,4,0,0,0,0
1,random-access-mlp8-control-r3-mlp8_cycle-scalar-warm-basic-32768,random-access-mlp8-control,3,mlp8_cycle,scalar,warm,basic,32768,32768,274015744,535187,250000611,548730084,4,4,0,0,1355790775443,0
1,random-access-mlp8-control-r3-mlp8_cycle-scalar-warm-basic-6291456,random-access-mlp8-control,3,mlp8_cycle,scalar,warm,basic,6291456,6291456,82673664,841,250040937,548818444,4,4,0,0,211769981107856,0
1,random-access-mlp8-control-r3-mlp8_cycle-scalar-warm-basic-262144,random-access-mlp8-control,3,mlp8_cycle,scalar,warm,basic,262144,262144,280702976,68531,250001679,548732428,4,4,0,0,9160837481068,0
1,random-access-mlp8-control-r3-mlp8_cycle-scalar-warm-basic-1048576,random-access-mlp8-control,3,mlp8_cycle,scalar,warm,basic,1048576,1048576,193855488,11832,250015449,548762364,4,4,0,0,0,0
1,random-access-mlp8-control-r3-mlp8_cycle-scalar-warm-basic-36864,random-access-mlp8-control,3,mlp8_cycle,scalar,warm,basic,36864,36864,273226176,474351,250000631,548730132,4,4,0,0,1519419037177,0
1,random-access-mlp8-control-r4-mlp8_cycle-scalar-warm-basic-36864,random-access-mlp8-control,4,mlp8_cycle,scalar,warm,basic,36864,36864,276777216,480516,250000500,548729792,4,4,0,0,0,0
1,random-access-mlp8-control-r4-mlp8_cycle-scalar-warm-basic-1048576,random-access-mlp8-control,4,mlp8_cycle,scalar,warm,basic,1048576,1048576,190398464,11621,250010115,548750936,4,4,0,0,34967009685969,0
1,random-access-mlp8-control-r4-mlp8_cycle-scalar-warm-basic-8388608,random-access-mlp8-control,4,mlp8_cycle,scalar,warm,basic,8388608,8388608,78381056,598,250226143,549225140,4,4,0,0,0,0
1,random-access-mlp8-control-r4-mlp8_cycle-scalar-warm-basic-6291456,random-access-mlp8-control,4,mlp8_cycle,scalar,warm,basic,6291456,6291456,85917696,874,250069492,548881280,4,4,0,0,0,0
1,random-access-mlp8-control-r4-mlp8_cycle-scalar-warm-basic-262144,random-access-mlp8-control,4,mlp8_cycle,scalar,warm,basic,262144,262144,282750976,69031,250000576,548730040,4,4,0,0,9160837481068,0
1,random-access-mlp8-control-r4-mlp8_cycle-scalar-warm-basic-32768,random-access-mlp8-control,4,mlp8_cycle,scalar,warm,basic,32768,32768,274847744,536812,250000677,548730224,4,4,0,0,0,0
1,random-access-mlp8-control-r4-mlp8_cycle-scalar-warm-basic-536870912,random-access-mlp8-control,4,mlp8_cycle,scalar,warm,basic,536870912,536870912,25165824,3,321045069,704667088,4,4,0,0,18022522355378459,0
1,random-access-mlp8-control-r5-mlp8_cycle-scalar-warm-basic-32768,random-access-mlp8-control,5,mlp8_cycle,scalar,warm,basic,32768,32768,275117568,537339,250000268,548729360,4,4,0,0,1355790775443,0
1,random-access-mlp8-control-r5-mlp8_cycle-scalar-warm-basic-8388608,random-access-mlp8-control,5,mlp8_cycle,scalar,warm,basic,8388608,8388608,79167488,604,250109417,548969212,4,4,0,0,0,0
1,random-access-mlp8-control-r5-mlp8_cycle-scalar-warm-basic-36864,random-access-mlp8-control,5,mlp8_cycle,scalar,warm,basic,36864,36864,278025408,482683,250000923,548730252,4,4,0,0,1519419037177,0
1,random-access-mlp8-control-r5-mlp8_cycle-scalar-warm-basic-6291456,random-access-mlp8-control,5,mlp8_cycle,scalar,warm,basic,6291456,6291456,85229568,867,250155571,549070368,4,4,0,0,211769981107856,0
1,random-access-mlp8-control-r5-mlp8_cycle-scalar-warm-basic-262144,random-access-mlp8-control,5,mlp8_cycle,scalar,warm,basic,262144,262144,283652096,69251,250001813,548732720,4,4,0,0,9160837481068,0
1,random-access-mlp8-control-r5-mlp8_cycle-scalar-warm-basic-1048576,random-access-mlp8-control,5,mlp8_cycle,scalar,warm,basic,1048576,1048576,199393280,12170,250012936,548757108,4,4,0,0,0,0
1,random-access-mlp8-control-r5-mlp8_cycle-scalar-warm-basic-536870912,random-access-mlp8-control,5,mlp8_cycle,scalar,warm,basic,536870912,536870912,25165824,3,314381655,690041456,4,4,0,0,18022522355378459,0
1,random-access-mlp8-control-r6-mlp8_cycle-scalar-warm-basic-1048576,random-access-mlp8-control,6,mlp8_cycle,scalar,warm,basic,1048576,1048576,191004672,11658,250020224,548773100,4,4,0,0,0,0
1,random-access-mlp8-control-r6-mlp8_cycle-scalar-warm-basic-8388608,random-access-mlp8-control,6,mlp8_cycle,scalar,warm,basic,8388608,8388608,80478208,614,250301020,549389448,4,4,0,0,0,0
1,random-access-mlp8-control-r6-mlp8_cycle-scalar-warm-basic-32768,random-access-mlp8-control,6,mlp8_cycle,scalar,warm,basic,32768,32768,274711552,536546,250000658,548730132,4,4,0,0,0,0
1,random-access-mlp8-control-r6-mlp8_cycle-scalar-warm-basic-6291456,random-access-mlp8-control,6,mlp8_cycle,scalar,warm,basic,6291456,6291456,85327872,868,250274329,549330908,4,4,0,0,0,0
1,random-access-mlp8-control-r6-mlp8_cycle-scalar-warm-basic-536870912,random-access-mlp8-control,6,mlp8_cycle,scalar,warm,basic,536870912,536870912,25165824,3,314690172,690718620,4,4,0,0,18022522355378459,0
1,random-access-mlp8-control-r6-mlp8_cycle-scalar-warm-basic-262144,random-access-mlp8-control,6,mlp8_cycle,scalar,warm,basic,262144,262144,283557888,69228,250002734,548735060,4,4,0,0,0,0
1,random-access-mlp8-control-r6-mlp8_cycle-scalar-warm-basic-36864,random-access-mlp8-control,6,mlp8_cycle,scalar,warm,basic,36864,36864,278273088,483113,250000298,548729320,4,4,0,0,1519419037177,0
1,random-access-mlp8-control-r7-mlp8_cycle-scalar-warm-basic-36864,random-access-mlp8-control,7,mlp8_cycle,scalar,warm,basic,36864,36864,278694144,483844,250000482,548729852,4,4,0,0,0,0
1,random-access-mlp8-control-r7-mlp8_cycle-scalar-warm-basic-8388608,random-access-mlp8-control,7,mlp8_cycle,scalar,warm,basic,8388608,8388608,79822848,609,250277303,549337416,4,4,0,0,282377844726379,0
1,random-access-mlp8-control-r7-mlp8_cycle-scalar-warm-basic-6291456,random-access-mlp8-control,7,mlp8_cycle,scalar,warm,basic,6291456,6291456,86016000,875,250185686,549136304,4,4,0,0,211769981107856,0
1,random-access-mlp8-control-r7-mlp8_cycle-scalar-warm-basic-536870912,random-access-mlp8-control,7,mlp8_cycle,scalar,warm,basic,536870912,536870912,25165824,3,314865764,691104032,4,4,0,0,18022522355378459,0
1,random-access-mlp8-control-r7-mlp8_cycle-scalar-warm-basic-262144,random-access-mlp8-control,7,mlp8_cycle,scalar,warm,basic,262144,262144,282836992,69052,250001583,548732328,4,4,0,0,0,0
1,random-access-mlp8-control-r7-mlp8_cycle-scalar-warm-basic-1048576,random-access-mlp8-control,7,mlp8_cycle,scalar,warm,basic,1048576,1048576,197181440,12035,250004206,548737976,4,4,0,0,34967009685969,0
1,random-access-mlp8-control-r7-mlp8_cycle-scalar-warm-basic-32768,random-access-mlp8-control,7,mlp8_cycle,scalar,warm,basic,32768,32768,273473536,534128,250000302,548729400,4,4,0,0,0,0
1,random-access-mlp8-control-r8-mlp8_cycle-scalar-warm-basic-32768,random-access-mlp8-control,8,mlp8_cycle,scalar,warm,basic,32768,32768,274985472,537081,250000609,548730072,4,4,0,0,1355790775443,0
1,random-access-mlp8-control-r8-mlp8_cycle-scalar-warm-basic-8388608,random-access-mlp8-control,8,mlp8_cycle,scalar,warm,basic,8388608,8388608,80084992,611,250026828,548787712,4,4,0,0,282377844726379,0
1,random-access-mlp8-control-r8-mlp8_cycle-scalar-warm-basic-1048576,random-access-mlp8-control,8,mlp8_cycle,scalar,warm,basic,1048576,1048576,198950912,12143,250003656,548736992,4,4,0,0,34967009685969,0
1,random-access-mlp8-control-r8-mlp8_cycle-scalar-warm-basic-536870912,random-access-mlp8-control,8,mlp8_cycle,scalar,warm,basic,536870912,536870912,25165824,3,329994173,724309636,4,4,0,0,18022522355378459,0
1,random-access-mlp8-control-r8-mlp8_cycle-scalar-warm-basic-36864,random-access-mlp8-control,8,mlp8_cycle,scalar,warm,basic,36864,36864,278454528,483428,250000647,548730156,4,4,0,0,0,0
1,random-access-mlp8-control-r8-mlp8_cycle-scalar-warm-basic-6291456,random-access-mlp8-control,8,mlp8_cycle,scalar,warm,basic,6291456,6291456,85426176,869,250085094,548915504,4,4,0,0,211769981107856,0
1,random-access-mlp8-control-r8-mlp8_cycle-scalar-warm-basic-262144,random-access-mlp8-control,8,mlp8_cycle,scalar,warm,basic,262144,262144,286126080,69855,250003380,548736184,4,4,0,0,9160837481068,0
1,random-access-mlp8-control-r9-mlp8_cycle-scalar-warm-basic-8388608,random-access-mlp8-control,9,mlp8_cycle,scalar,warm,basic,8388608,8388608,80216064,612,250262041,549304120,4,4,0,0,0,0
1,random-access-mlp8-control-r9-mlp8_cycle-scalar-warm-basic-536870912,random-access-mlp8-control,9,mlp8_cycle,scalar,warm,basic,536870912,536870912,25165824,3,314105564,689435432,4,4,0,0,18022522355378459,0
1,random-access-mlp8-control-r9-mlp8_cycle-scalar-warm-basic-32768,random-access-mlp8-control,9,mlp8_cycle,scalar,warm,basic,32768,32768,275215360,537530,250000323,548729404,4,4,0,0,0,0
1,random-access-mlp8-control-r9-mlp8_cycle-scalar-warm-basic-6291456,random-access-mlp8-control,9,mlp8_cycle,scalar,warm,basic,6291456,6291456,85819392,873,250077924,548899940,4,4,0,0,211769981107856,0
1,random-access-mlp8-control-r9-mlp8_cycle-scalar-warm-basic-262144,random-access-mlp8-control,9,mlp8_cycle,scalar,warm,basic,262144,262144,284790784,69529,250002036,548733220,4,4,0,0,9160837481068,0
1,random-access-mlp8-control-r9-mlp8_cycle-scalar-warm-basic-1048576,random-access-mlp8-control,9,mlp8_cycle,scalar,warm,basic,1048576,1048576,202571776,12364,250003067,548735488,4,4,0,0,0,0
1,random-access-mlp8-control-r9-mlp8_cycle-scalar-warm-basic-36864,random-access-mlp8-control,9,mlp8_cycle,scalar,warm,basic,36864,36864,278621568,483718,250000473,548729788,4,4,0,0,0,0
1,random-access-mlp8-control-r10-mlp8_cycle-scalar-warm-basic-536870912,random-access-mlp8-control,10,mlp8_cycle,scalar,warm,basic,536870912,536870912,25165824,3,314807258,690975620,4,4,0,0,18022522355378459,0
1,random-access-mlp8-control-r10-mlp8_cycle-scalar-warm-basic-36864,random-access-mlp8-control,10,mlp8_cycle,scalar,warm,basic,36864,36864,278784576,484001,250000201,548729376,4,4,0,0,1519419037177,0
1,random-access-mlp8-control-r10-mlp8_cycle-scalar-warm-basic-8388608,random-access-mlp8-control,10,mlp8_cycle,scalar,warm,basic,8388608,8388608,79822848,609,250168155,549098132,4,4,0,0,282377844726379,0
1,random-access-mlp8-control-r10-mlp8_cycle-scalar-warm-basic-1048576,random-access-mlp8-control,10,mlp8_cycle,scalar,warm,basic,1048576,1048576,192495616,11749,250021277,548775760,4,4,0,0,34967009685969,0
1,random-access-mlp8-control-r10-mlp8_cycle-scalar-warm-basic-6291456,random-access-mlp8-control,10,mlp8_cycle,scalar,warm,basic,6291456,6291456,84344832,858,250113040,548976864,4,4,0,0,0,0
1,random-access-mlp8-control-r10-mlp8_cycle-scalar-warm-basic-32768,random-access-mlp8-control,10,mlp8_cycle,scalar,warm,basic,32768,32768,274577408,536284,250000480,548729800,4,4,0,0,0,0
1,random-access-mlp8-control-r10-mlp8_cycle-scalar-warm-basic-262144,random-access-mlp8-control,10,mlp8_cycle,scalar,warm,basic,262144,262144,282267648,68913,250000398,548729796,4,4,0,0,9160837481068,0
1,random-access-mlp8-control-r11-mlp8_cycle-scalar-warm-basic-262144,random-access-mlp8-control,11,mlp8_cycle,scalar,warm,basic,262144,262144,279732224,68294,250003091,548735836,4,4,0,0,0,0
1,random-access-mlp8-control-r11-mlp8_cycle-scalar-warm-basic-1048576,random-access-mlp8-control,11,mlp8_cycle,scalar,warm,basic,1048576,1048576,195887104,11956,250016960,548765968,4,4,0,0,0,0
1,random-access-mlp8-control-r11-mlp8_cycle-scalar-warm-basic-536870912,random-access-mlp8-control,11,mlp8_cycle,scalar,warm,basic,536870912,536870912,25165824,3,322102489,706988016,4,4,0,0,18022522355378459,0
1,random-access-mlp8-control-r11-mlp8_cycle-scalar-warm-basic-32768,random-access-mlp8-control,11,mlp8_cycle,scalar,warm,basic,32768,32768,274807808,536734,250000344,548729696,4,4,0,0,0,0
1,random-access-mlp8-control-r11-mlp8_cycle-scalar-warm-basic-8388608,random-access-mlp8-control,11,mlp8_cycle,scalar,warm,basic,8388608,8388608,80084992,611,250378696,549560256,4,4,0,0,282377844726379,0
1,random-access-mlp8-control-r11-mlp8_cycle-scalar-warm-basic-36864,random-access-mlp8-control,11,mlp8_cycle,scalar,warm,basic,36864,36864,277894080,482455,250000104,548729280,4,4,0,0,1519419037177,0
1,random-access-mlp8-control-r11-mlp8_cycle-scalar-warm-basic-6291456,random-access-mlp8-control,11,mlp8_cycle,scalar,warm,basic,6291456,6291456,85426176,869,250251241,549280204,4,4,0,0,211769981107856,0
1,random-access-mlp8-control-r12-mlp8_cycle-scalar-warm-basic-36864,random-access-mlp8-control,12,mlp8_cycle,scalar,warm,basic,36864,36864,276162624,479449,250000404,548729848,4,4,0,0,1519419037177,0
1,random-access-mlp8-control-r12-mlp8_cycle-scalar-warm-basic-262144,random-access-mlp8-control,12,mlp8_cycle,scalar,warm,basic,262144,262144,283029504,69099,250003802,548737088,4,4,0,0,9160837481068,0
1,random-access-mlp8-control-r12-mlp8_cycle-scalar-warm-basic-536870912,random-access-mlp8-control,12,mlp8_cycle,scalar,warm,basic,536870912,536870912,25165824,3,314459799,690212976,4,4,0,0,18022522355378459,0
1,random-access-mlp8-control-r12-mlp8_cycle-scalar-warm-basic-8388608,random-access-mlp8-control,12,mlp8_cycle,scalar,warm,basic,8388608,8388608,81264640,620,250232144,549238280,4,4,0,0,0,0
1,random-access-mlp8-control-r12-mlp8_cycle-scalar-warm-basic-1048576,random-access-mlp8-control,12,mlp8_cycle,scalar,warm,basic,1048576,1048576,199376896,12169,250011409,548753792,4,4,0,0,34967009685969,0
1,random-access-mlp8-control-r12-mlp8_cycle-scalar-warm-basic-32768,random-access-mlp8-control,12,mlp8_cycle,scalar,warm,basic,32768,32768,275950592,538966,250000325,548729792,4,4,0,0,0,0
1,random-access-mlp8-control-r12-mlp8_cycle-scalar-warm-basic-6291456,random-access-mlp8-control,12,mlp8_cycle,scalar,warm,basic,6291456,6291456,84836352,863,250174326,549111456,4,4,0,0,211769981107856,0
1,random-access-mlp8-control-r13-mlp8_cycle-scalar-warm-basic-32768,random-access-mlp8-control,13,mlp8_cycle,scalar,warm,basic,32768,32768,274603520,536335,250000380,548729584,4,4,0,0,1355790775443,0
1,random-access-mlp8-control-r13-mlp8_cycle-scalar-warm-basic-536870912,random-access-mlp8-control,13,mlp8_cycle,scalar,warm,basic,536870912,536870912,25165824,3,314876136,691126776,4,4,0,0,18022522355378459,0
1,random-access-mlp8-control-r13-mlp8_cycle-scalar-warm-basic-262144,random-access-mlp8-control,13,mlp8_cycle,scalar,warm,basic,262144,262144,282853376,69056,250003570,548736656,4,4,0,0,0,0
1,random-access-mlp8-control-r13-mlp8_cycle-scalar-warm-basic-1048576,random-access-mlp8-control,13,mlp8_cycle,scalar,warm,basic,1048576,1048576,203833344,12441,250013787,548759040,4,4,0,0,34967009685969,0
1,random-access-mlp8-control-r13-mlp8_cycle-scalar-warm-basic-36864,random-access-mlp8-control,13,mlp8_cycle,scalar,warm,basic,36864,36864,277656768,482043,250000491,548729824,4,4,0,0,1519419037177,0
1,random-access-mlp8-control-r13-mlp8_cycle-scalar-warm-basic-8388608,random-access-mlp8-control,13,mlp8_cycle,scalar,warm,basic,8388608,8388608,80740352,616,250076727,548897296,4,4,0,0,0,0
1,random-access-mlp8-control-r13-mlp8_cycle-scalar-warm-basic-6291456,random-access-mlp8-control,13,mlp8_cycle,scalar,warm,basic,6291456,6291456,87490560,890,250147108,549051616,4,4,0,0,0,0
1,random-access-mlp8-control-r14-mlp8_cycle-scalar-warm-basic-262144,random-access-mlp8-control,14,mlp8_cycle,scalar,warm,basic,262144,262144,284241920,69395,250001729,548732532,4,4,0,0,9160837481068,0
1,random-access-mlp8-control-r14-mlp8_cycle-scalar-warm-basic-32768,random-access-mlp8-control,14,mlp8_cycle,scalar,warm,basic,32768,32768,275175936,537453,250000555,548729972,4,4,0,0,1355790775443,0
1,random-access-mlp8-control-r14-mlp8_cycle-scalar-warm-basic-8388608,random-access-mlp8-control,14,mlp8_cycle,scalar,warm,basic,8388608,8388608,82837504,632,250272546,549327044,4,4,0,0,0,0
1,random-access-mlp8-control-r14-mlp8_cycle-scalar-warm-basic-1048576,random-access-mlp8-control,14,mlp8_cycle,scalar,warm,basic,1048576,1048576,198082560,12090,250001971,548733360,4,4,0,0,0,0
1,random-access-mlp8-control-r14-mlp8_cycle-scalar-warm-basic-36864,random-access-mlp8-control,14,mlp8_cycle,scalar,warm,basic,36864,36864,278938368,484268,250000309,548729376,4,4,0,0,0,0
1,random-access-mlp8-control-r14-mlp8_cycle-scalar-warm-basic-6291456,random-access-mlp8-control,14,mlp8_cycle,scalar,warm,basic,6291456,6291456,86114304,876,250161781,549083836,4,4,0,0,0,0
1,random-access-mlp8-control-r14-mlp8_cycle-scalar-warm-basic-536870912,random-access-mlp8-control,14,mlp8_cycle,scalar,warm,basic,536870912,536870912,25165824,3,315679735,692890636,4,4,0,0,18022522355378459,0
1,random-access-mlp8-control-r15-mlp8_cycle-scalar-warm-basic-36864,random-access-mlp8-control,15,mlp8_cycle,scalar,warm,basic,36864,36864,278791488,484013,250000334,548729484,4,4,0,0,1519419037177,0
1,random-access-mlp8-control-r15-mlp8_cycle-scalar-warm-basic-262144,random-access-mlp8-control,15,mlp8_cycle,scalar,warm,basic,262144,262144,283389952,69187,250000669,548730220,4,4,0,0,9160837481068,0
1,random-access-mlp8-control-r15-mlp8_cycle-scalar-warm-basic-1048576,random-access-mlp8-control,15,mlp8_cycle,scalar,warm,basic,1048576,1048576,200540160,12240,250003695,548736512,4,4,0,0,0,0
1,random-access-mlp8-control-r15-mlp8_cycle-scalar-warm-basic-8388608,random-access-mlp8-control,15,mlp8_cycle,scalar,warm,basic,8388608,8388608,80609280,615,250089372,548924904,4,4,0,0,282377844726379,0
1,random-access-mlp8-control-r15-mlp8_cycle-scalar-warm-basic-32768,random-access-mlp8-control,15,mlp8_cycle,scalar,warm,basic,32768,32768,275012096,537133,250000513,548730060,4,4,0,0,1355790775443,0
1,random-access-mlp8-control-r15-mlp8_cycle-scalar-warm-basic-536870912,random-access-mlp8-control,15,mlp8_cycle,scalar,warm,basic,536870912,536870912,25165824,3,315109641,691639324,4,4,0,0,18022522355378459,0
1,random-access-mlp8-control-r15-mlp8_cycle-scalar-warm-basic-6291456,random-access-mlp8-control,15,mlp8_cycle,scalar,warm,basic,6291456,6291456,86507520,880,250021492,548775880,4,4,0,0,0,0
