mode,state,perf_profile,round,repetition,iterations,target_instructions_per_iteration,dynamic_target_instructions,tsc_ticks,wall_ns,cpu_before,cpu_after,minor_faults,major_faults,checksum,cycles,cycles_enabled,cycles_running,instructions,instructions_enabled,instructions_running,ref_cycles,ref_cycles_enabled,ref_cycles_running,branches,branches_enabled,branches_running,branch_misses,branch_misses_enabled,branch_misses_running,uops_issued_any,uops_issued_any_enabled,uops_issued_any_running,uops_retired_all,uops_retired_all_enabled,uops_retired_all_running,port0_active_cycles,port0_active_cycles_enabled,port0_active_cycles_running,port1_active_cycles,port1_active_cycles_enabled,port1_active_cycles_running,port5_active_cycles,port5_active_cycles_enabled,port5_active_cycles_running
add_latency,warm,expanded,0,0,1000000000,1,1000000000,718708754,327442636,4,4,0,0,3000000001,501793726,327496917,162495780,1788204686,327496484,195495764,485366310,327495292,228493090,697946315,327493515,228509329,232,327491209,228577918,1400048843,327488034,229576055,1406605994,327484000,230564824,134017835,327479068,131903623,133581589,327474211,130919514,132992226,327469756,129921915
add_latency,warm,basic,0,0,100000,1,100000,68838,31407,4,4,0,0,300001,101382,49342,49342,300674,48493,48493,70092,47330,47330,100272,45766,45766,23,43525,43525,,,,,,,,,,,,,,,
empty,warm,basic,0,0,1000000000,0,0,707326226,322256854,4,4,0,0,0,1003534965,322288900,322288900,2000000674,322288446,322288446,691475246,322287871,322287871,1000000272,322277529,322277529,31,322275493,322275493,,,,,,,,,,,,,,,
shift_throughput,warm,basic,0,0,1000000000,8,8000000000,3194995664,1455634357,4,4,0,0,0,4514714160,1455657643,1455657643,10000000702,1455657928,1455657928,3122581286,1455657442,1455657442,1000000272,1455656442,1455656442,25,1455654170,1455654170,,,,,,,,,,,,,,,
add_throughput_1,warm,basic,0,0,1000000000,1,1000000000,709805340,323386319,4,4,0,0,3000000001,1004162214,323408925,323408925,3000000676,323409021,323409021,692621556,323408971,323408971,1000000272,323407768,323407768,29,323405942,323405942,,,,,,,,,,,,,,,
empty,warm,basic,0,0,1000,0,0,750,394,4,4,0,0,0,2337,18537,18537,2674,17440,17440,2112,16333,16333,1272,14716,14716,25,12432,12432,,,,,,,,,,,,,,,
xor_throughput,warm,basic,0,0,1000000000,8,8000000000,1651566644,752451035,4,4,0,0,0,2341235268,752475546,752475546,10000000703,752474420,752474420,1613028626,752473789,752473789,1000000272,752472446,752472446,30,752470126,752470126,,,,,,,,,,,,,,,
page_state_probe,page_cold,basic,0,0,1,0,0,2239172,1020299,4,4,1027,0,0,741801,1054065,1054065,7866,1050698,1050698,512644,1048773,1048773,2329,1046749,1046749,53,1044048,1044048,,,,,,,,,,,,,,,
add_throughput_4,warm,basic,0,0,1000000000,4,4000000000,1072158036,488473554,4,4,0,0,12000000004,1511505936,488496602,488496602,6000000685,488496783,488496783,1050125186,488496437,488496437,1000000272,488495465,488495465,1179,488494080,488494080,,,,,,,,,,,,,,,
page_state_probe,warm,basic,0,0,1,0,0,30262,13903,4,4,3,0,130560,47583,49577,49577,6842,45916,45916,34936,43646,43646,1305,42301,42301,59,39500,39500,,,,,,,,,,,,,,,
add_throughput_2,warm,basic,0,0,1000000000,2,2000000000,709651436,323316175,4,4,0,0,6000000002,1006162156,323338857,323338857,4000000681,323338905,323338905,693475970,323338373,323338373,1000000272,323337403,323337403,27,323335308,323335308,,,,,,,,,,,,,,,
add_throughput_8,warm,basic,0,0,1000000000,8,8000000000,1658532212,755624565,4,4,0,0,24000000008,2340836779,755647817,755647817,10000000702,755647664,755647664,1622062904,755647472,755647472,1000000272,755646435,755646435,26,755644627,755644627,,,,,,,,,,,,,,,
xor_break,warm,basic,0,0,1000000000,3,3000000000,707503038,322337422,4,4,0,0,1,1003312059,322359675,322359675,5000000674,322358792,322358792,691395452,322358374,322358374,1000000272,322357251,322357251,23,322355717,322355717,,,,,,,,,,,,,,,
imul_throughput_8,warm,basic,0,0,1000000000,8,8000000000,5671976320,2584142112,4,4,0,0,18380974180624777224,8025977322,2584165498,2584165498,10000000702,2584164755,2584164755,5544088000,2584164256,2584164256,1000000272,2584162804,2584162804,24,2584160886,2584160886,,,,,,,,,,,,,,,
add_latency,warm,none,0,0,1000000000,1,1000000000,715044106,325773253,4,4,0,0,3000000001,,,,,,,,,,,,,,,,,,,,,,,,,,,,,,
empty,warm,basic,0,0,10000000,0,0,7238476,3297928,4,4,0,0,0,10024905,3316633,3316633,20000674,3315860,3315860,7126768,3314778,3314778,10000272,3313230,3313230,22,3311013,3311013,,,,,,,,,,,,,,,
add_latency,warm,basic,0,0,10000000,1,10000000,7239716,3298549,4,4,0,0,30000001,10025175,3317431,3317431,30000674,3316829,3316829,7128132,3315741,3315741,10000272,3314420,3314420,16,3312111,3312111,,,,,,,,,,,,,,,
timer_only,warm,none,0,0,1,0,0,76,127,4,4,3,0,1,,,,,,,,,,,,,,,,,,,,,,,,,,,,,,
shift_latency,warm,basic,0,0,1000000000,1,1000000000,708466154,322776137,4,4,0,0,0,1003517676,322799387,322799387,3000000676,322798708,322798708,691646274,322798094,322798094,1000000272,322796780,322796780,24,322794742,322794742,,,,,,,,,,,,,,,
and_zero_control,warm,basic,0,0,1000000000,3,3000000000,3537464416,1611662501,4,4,0,0,1,5016516054,1611686016,1611686016,5000000676,1611685002,1611685002,3456120470,1611684637,1611684637,1000000272,1611683492,1611683492,30,1611681864,1611681864,,,,,,,,,,,,,,,
page_state_probe,cache_evicted,basic,0,0,1,0,0,36680,17532,4,4,3,0,130560,61956,58535,58535,6842,55185,55185,43648,52933,52933,1305,50553,50553,59,47801,47801,,,,,,,,,,,,,,,
add_latency,warm,basic,0,0,1000000000,1,1000000000,721564606,328743852,4,4,0,0,3000000001,1007581204,328767144,328767144,3000000674,328777813,328777813,706526062,328777395,328777395,1000000272,328776563,328776563,35,328774552,328774552,,,,,,,,,,,,,,,
add_latency,warm,basic,0,0,1000,1,1000,804,408,4,4,0,0,3001,2343,18111,18111,3674,17279,17279,2068,16176,16176,1272,14630,14630,24,12438,12438,,,,,,,,,,,,,,,
imul_latency,warm,basic,0,0,1000000000,1,1000000000,2126955962,969037483,4,4,0,0,9215150800219179009,3009379695,969060697,969060697,3000000674,969060679,969060679,2080965634,969060879,969060879,1000000272,969059893,969059893,24,969058003,969058003,,,,,,,,,,,,,,,
empty,warm,basic,0,0,100000,0,0,71068,32415,4,4,0,0,0,101348,50925,50925,200674,49999,49999,72336,48832,48832,100272,47191,47191,20,44998,44998,,,,,,,,,,,,,,,
page_state_probe,page_cold,basic,1,0,1,0,0,2279536,1038720,4,4,1027,0,0,747102,1074298,1074298,7866,1070990,1070990,533082,1069097,1069097,2329,1067235,1067235,56,1064932,1064932,,,,,,,,,,,,,,,
add_latency,warm,basic,1,0,1000000000,1,1000000000,707463176,322319230,4,4,0,0,3000000001,1003338450,322341285,322341285,3000000674,322340653,322340653,691169028,322339857,322339857,1000000272,322338555,322338555,27,322336434,322336434,,,,,,,,,,,,,,,
add_throughput_8,warm,basic,1,0,1000000000,8,8000000000,1657357862,755089490,4,4,0,0,24000000008,2340522656,755112302,755112302,10000000702,755112144,755112144,1622398866,755111854,755111854,1000000272,755110838,755110838,29,755109339,755109339,,,,,,,,,,,,,,,
empty,warm,basic,1,0,100000,0,0,71040,32420,4,4,0,0,0,101332,50855,50855,200674,49960,49960,72358,48796,48796,100272,47169,47169,21,44934,44934,,,,,,,,,,,,,,,
add_throughput_4,warm,basic,1,0,1000000000,4,4000000000,949460266,432572615,4,4,0,0,12000000004,1346258275,432595614,432595614,6000000685,432595463,432595463,927611190,432594961,432594961,1000000272,432593817,432593817,23,432591669,432591669,,,,,,,,,,,,,,,
add_latency,warm,basic,1,0,10000000,1,10000000,7211510,3285632,4,4,0,0,30000001,10055107,3303824,3303824,30000674,3303058,3303058,6938690,3301895,3301895,10000272,3300268,3300268,25,3297951,3297951,,,,,,,,,,,,,,,
add_latency,warm,expanded,1,0,1000000000,1,1000000000,718915584,327536813,4,4,0,0,3000000001,502208424,327590529,162588717,1793899755,327589746,195588650,485615834,327588868,228586614,698578396,327587337,228603807,264,327585013,228585408,1399905867,327581841,229477854,1404421494,327577806,230467846,133730844,327573007,131984860,133724658,327567924,131110756,133312221,327563324,130112240
add_throughput_1,warm,basic,1,0,1000000000,1,1000000000,722076072,328976856,4,4,0,0,3000000001,1011919951,329000513,329000513,3000000676,329000339,329000339,706665938,329000008,329000008,1000000272,328998924,328998924,32,328996914,328996914,,,,,,,,,,,,,,,
empty,warm,basic,1,0,1000000000,0,0,707576760,322370934,4,4,0,0,0,1003351235,322393294,322393294,2000000674,322393300,322393300,691515770,322392911,322392911,1000000272,322391909,322391909,27,322390042,322390042,,,,,,,,,,,,,,,
imul_latency,warm,basic,1,0,1000000000,1,1000000000,2133674038,972098262,4,4,0,0,9215150800219179009,3009684675,972121747,972121747,3000000674,972121135,972121135,2086100676,972120692,972120692,1000000272,972119622,972119622,28,972117873,972117873,,,,,,,,,,,,,,,
add_throughput_2,warm,basic,1,0,1000000000,2,2000000000,710205518,323568394,4,4,0,0,6000000002,1006223934,323587931,323587931,4000000681,323587399,323587399,693486662,323586538,323586538,1000000272,323585121,323585121,27,323582945,323582945,,,,,,,,,,,,,,,
empty,warm,basic,1,0,1000,0,0,768,400,4,4,0,0,0,2544,18313,18313,2674,17525,17525,2244,16428,16428,1272,14768,14768,21,12531,12531,,,,,,,,,,,,,,,
page_state_probe,warm,basic,1,0,1,0,0,26297,12130,4,4,3,0,130560,39462,53058,53058,6842,52054,52054,31064,50578,50578,1305,48821,48821,53,56227,56227,,,,,,,,,,,,,,,
timer_only,warm,none,1,0,1,0,0,70,130,4,4,3,0,1,,,,,,,,,,,,,,,,,,,,,,,,,,,,,,
and_zero_control,warm,basic,1,0,1000000000,3,3000000000,3544547938,1614889751,4,4,0,0,1,5016054558,1614912734,1614912734,5000000676,1614913388,1614913388,3465497794,1614913198,1614913198,1000000272,1614921606,1614921606,25,1614919716,1614919716,,,,,,,,,,,,,,,
empty,warm,basic,1,0,10000000,0,0,7296746,3324453,4,4,0,0,0,10035864,3343725,3343725,20000674,3343447,3343447,7146436,3342441,3342441,10000272,3340910,3340910,21,3338795,3338795,,,,,,,,,,,,,,,
add_latency,warm,basic,1,0,100000,1,100000,71068,32435,4,4,0,0,300001,101563,51081,51081,300674,50286,50286,72468,49105,49105,100272,47438,47438,20,45103,45103,,,,,,,,,,,,,,,
page_state_probe,cache_evicted,basic,1,0,1,0,0,37932,17666,4,4,3,0,130560,61544,57645,57645,6842,54418,54418,45144,51691,51691,1305,49571,49571,58,46921,46921,,,,,,,,,,,,,,,
xor_break,warm,basic,1,0,1000000000,3,3000000000,707148650,322175939,4,4,0,0,1,1003252083,322198034,322198034,5000000674,322197394,322197394,691352310,322196852,322196852,1000000272,322195670,322195670,25,322193646,322193646,,,,,,,,,,,,,,,
add_latency,warm,basic,1,0,1000,1,1000,746,386,4,4,0,0,3001,2238,18208,18208,3674,17352,17352,1980,16227,16227,1272,14669,14669,21,12437,12437,,,,,,,,,,,,,,,
imul_throughput_8,warm,basic,1,0,1000000000,8,8000000000,5673139946,2584672274,4,4,0,0,18380974180624777224,8025990633,2584695666,2584695666,10000000702,2584695553,2584695553,5545245706,2584695110,2584695110,1000000272,2584693628,2584693628,32,2584691449,2584691449,,,,,,,,,,,,,,,
add_latency,warm,none,1,0,1000000000,1,1000000000,718316402,327264000,4,4,0,0,3000000001,,,,,,,,,,,,,,,,,,,,,,,,,,,,,,
xor_throughput,warm,basic,1,0,1000000000,8,8000000000,1648034912,750841894,4,4,0,0,0,2340741787,750864287,750864287,10000000703,750863508,750863508,1611856026,750862755,750862755,1000000272,750861831,750861831,23,750859671,750859671,,,,,,,,,,,,,,,
shift_throughput,warm,basic,1,0,1000000000,8,8000000000,3194884244,1455583561,4,4,0,0,0,4514766657,1455607267,1455607267,10000000702,1455606351,1455606351,3122215536,1455606069,1455606069,1000000272,1455605014,1455605014,22,1455603108,1455603108,,,,,,,,,,,,,,,
shift_latency,warm,basic,1,0,1000000000,1,1000000000,707373414,322278360,4,4,0,0,0,1003537115,322301033,322301033,3000000676,322300341,322300341,691322170,322299789,322299789,1000000272,322298561,322298561,24,322296904,322296904,,,,,,,,,,,,,,,
add_throughput_1,warm,basic,2,0,1000000000,1,1000000000,707214282,322205647,4,4,0,0,3000000001,1003247264,322227554,322227554,3000000676,322225982,322225982,691256808,322225170,322225170,1000000272,322223754,322223754,27,322221686,322221686,,,,,,,,,,,,,,,
and_zero_control,warm,basic,2,0,1000000000,3,3000000000,3550331033,1617524526,4,4,0,0,1,5015998460,1617552152,1617552152,5000000676,1617551246,1617551246,3468217522,1617549349,1617549349,1000000272,1617547650,1617547650,30,1617545294,1617545294,,,,,,,,,,,,,,,
xor_break,warm,basic,2,0,1000000000,3,3000000000,707014768,322114747,4,4,0,0,1,1003244378,322136448,322136448,5000000674,322135011,322135011,691009528,322134189,322134189,1000000272,322132843,322132843,24,322130885,322130885,,,,,,,,,,,,,,,
page_state_probe,page_cold,basic,2,0,1,0,0,2239122,1020319,4,4,1027,0,0,750075,1053222,1053222,7866,1049736,1049736,518078,1047883,1047883,2329,1045955,1045955,58,1043373,1043373,,,,,,,,,,,,,,,
page_state_probe,warm,basic,2,0,1,0,0,28950,13333,4,4,3,0,130560,47041,44316,44316,6842,42604,42604,33286,40647,40647,1305,38574,38574,58,35884,35884,,,,,,,,,,,,,,,
add_latency,warm,basic,2,0,1000000000,1,1000000000,707425360,322301931,4,4,0,0,3000000001,1003337078,322322830,322322830,3000000674,322323658,322323658,691189312,322323027,322323027,1000000272,322322018,322322018,26,322320047,322320047,,,,,,,,,,,,,,,
add_latency,warm,expanded,2,0,1000000000,1,1000000000,738059986,336259140,4,4,0,0,3000000001,505176236,336337760,166344031,1785019312,336337272,200337315,498929310,336336266,234332750,696385319,336325425,234523668,198,336322981,235507531,1407492240,336319745,236502113,1414718356,336315684,237311965,132853908,336300172,134815197,132840990,336294877,133827129,132524600,336289894,132821042
shift_throughput,warm,basic,2,0,1000000000,8,8000000000,3194314824,1455324148,4,4,0,0,0,4514661843,1455346571,1455346571,10000000702,1455347077,1455347077,3121956486,1455346499,1455346499,1000000272,1455345623,1455345623,25,1455343765,1455343765,,,,,,,,,,,,,,,
imul_latency,warm,basic,2,0,1000000000,1,1000000000,2143982500,976794765,4,4,0,0,9215150800219179009,3008944386,976816919,976816919,3000000674,976816801,976816801,2100018866,976816513,976816513,1000000272,976815442,976815442,29,976813718,976813718,,,,,,,,,,,,,,,
xor_throughput,warm,basic,2,0,1000000000,8,8000000000,1652066232,752678729,4,4,0,0,0,2340196595,752701033,752701033,10000000703,752701690,752701690,1618720840,752701605,752701605,1000000272,752700663,752700663,24,752698989,752698989,,,,,,,,,,,,,,,
add_latency,warm,basic,2,0,100000,1,100000,110416,50367,4,4,0,0,300001,157023,69664,69664,300674,68627,68627,112068,67464,67464,100272,65768,65768,28,63340,63340,,,,,,,,,,,,,,,
add_latency,warm,none,2,0,1000000000,1,1000000000,704758836,321087080,4,4,0,0,3000000001,,,,,,,,,,,,,,,,,,,,,,,,,,,,,,
add_latency,warm,basic,2,0,10000000,1,10000000,7094644,3232384,4,4,0,0,30000001,10036024,3250624,3250624,30000674,3249843,3249843,6918164,3248672,3248672,10000272,3247133,3247133,19,3244914,3244914,,,,,,,,,,,,,,,
add_throughput_8,warm,basic,2,0,1000000000,8,8000000000,1650713210,752062244,4,4,0,0,24000000008,2339932398,752085451,752085451,10000000702,752085454,752085454,1618620960,752085311,752085311,1000000272,752084344,752084344,27,752082591,752082591,,,,,,,,,,,,,,,
timer_only,warm,none,2,0,1,0,0,82,137,4,4,3,0,1,,,,,,,,,,,,,,,,,,,,,,,,,,,,,,
page_state_probe,cache_evicted,basic,2,0,1,0,0,38420,17873,4,4,3,0,130560,63310,58642,58642,6842,56449,56449,46552,54381,54381,1305,52379,52379,61,50125,50125,,,,,,,,,,,,,,,
empty,warm,basic,2,0,10000000,0,0,7246026,3301380,4,4,0,0,0,10024838,3320273,3320273,20000674,3319648,3319648,7134710,3318733,3318733,10000272,3317253,3317253,24,3314981,3314981,,,,,,,,,,,,,,,
imul_throughput_8,warm,basic,2,0,1000000000,8,8000000000,5637269166,2568329586,4,4,0,0,18380974180624777224,8021158103,2568352333,2568352333,10000000702,2568352282,2568352282,5533257202,2568351785,2568351785,1000000272,2568350506,2568350506,28,2568348560,2568348560,,,,,,,,,,,,,,,
shift_latency,warm,basic,2,0,1000000000,1,1000000000,704191614,320828474,4,4,0,0,0,1002802413,320847018,320847018,3000000676,320846339,320846339,690382374,320845214,320845214,1000000272,320843864,320843864,29,320841710,320841710,,,,,,,,,,,,,,,
empty,warm,basic,2,0,100000,0,0,68842,31415,4,4,0,0,0,101550,49356,49356,200674,48592,48592,70290,47475,47475,100272,45906,45906,22,43631,43631,,,,,,,,,,,,,,,
add_throughput_4,warm,basic,2,0,1000000000,4,4000000000,977275388,445245217,4,4,0,0,12000000004,1349676437,445266431,445266431,6000000685,445268360,445268360,954335140,445268162,445268162,1000000272,445267194,445267194,26,445265475,445265475,,,,,,,,,,,,,,,
empty,warm,basic,2,0,1000,0,0,861,468,4,4,0,0,0,2775,20587,20587,2674,19453,19453,2552,18223,18223,1272,16465,16465,25,13998,13998,,,,,,,,,,,,,,,
add_latency,warm,basic,2,0,1000,1,1000,796,406,4,4,0,0,3001,2397,18955,18955,3674,18059,18059,2156,16857,16857,1272,15149,15149,19,12851,12851,,,,,,,,,,,,,,,
empty,warm,basic,2,0,1000000000,0,0,772965196,352161968,4,4,0,0,0,1026532752,352188024,352188024,2000000674,352188397,352188397,768076452,352187612,352187612,1000000272,352186298,352186298,46,352184050,352184050,,,,,,,,,,,,,,,
add_throughput_2,warm,basic,2,0,1000000000,2,2000000000,810106934,369083601,4,4,0,0,6000000002,1097981075,369108612,369108612,4000000681,369108328,369108328,802205888,369107562,369107562,1000000272,369106188,369106188,29,369103982,369103982,,,,,,,,,,,,,,,
page_state_probe,cache_evicted,basic,3,0,1,0,0,38201,17822,4,4,3,0,130560,57431,62433,62433,6842,60572,60572,46266,58379,58379,1305,56069,56069,58,53059,53059,,,,,,,,,,,,,,,
add_latency,warm,basic,3,0,1000,1,1000,856,438,4,4,0,0,3001,2354,20120,20120,3674,19118,19118,2156,17864,17864,1272,16168,16168,23,13727,13727,,,,,,,,,,,,,,,
add_latency,warm,basic,3,0,1000000000,1,1000000000,897864146,409065582,4,4,0,0,3000000001,1186121238,409090529,409090529,3000000674,409090433,409090433,896086136,409089897,409089897,1000000272,409088592,409088592,36,409086152,409086152,,,,,,,,,,,,,,,
xor_throughput,warm,basic,3,0,1000000000,8,8000000000,1725808489,786275556,4,4,0,0,0,2337529031,786299982,786299982,10000000703,786300587,786300587,1705976932,786300502,786300502,1000000272,786299432,786299432,26,786297651,786297651,,,,,,,,,,,,,,,
empty,warm,basic,3,0,10000000,0,0,7634664,3478699,4,4,0,0,0,10066817,3503139,3503139,20000674,3502206,3502206,7638774,3501341,3501341,10000272,3499964,3499964,22,3497856,3497856,,,,,,,,,,,,,,,
empty,warm,basic,3,0,100000,0,0,75950,34663,4,4,0,0,0,101569,55065,55065,200674,54040,54040,77484,52798,52798,100272,51072,51072,25,48485,48485,,,,,,,,,,,,,,,
imul_throughput_8,warm,basic,3,0,1000000000,8,8000000000,5680083180,2587835558,4,4,0,0,18380974180624777224,8026889215,2587859410,2587859410,10000000702,2587859232,2587859232,5547529614,2587858756,2587858756,1000000272,2587857267,2587857267,23,2587855199,2587855199,,,,,,,,,,,,,,,
add_latency,warm,basic,3,0,10000000,1,10000000,7277176,3315575,4,4,0,0,30000001,10062919,3333663,3333663,30000674,3332915,3332915,6966432,3331845,3331845,10000272,3330249,3330249,20,3328030,3328030,,,,,,,,,,,,,,,
add_latency,warm,expanded,3,0,1000000000,1,1000000000,722534440,329185704,4,4,0,0,3000000001,503617248,329239151,164225814,1796631196,329240397,197238202,487449358,329240051,230223752,699617700,329239014,230226305,257,329237246,230241725,1398311305,329234547,230250218,1396690718,329230961,230283196,133268161,329226506,132000531,133742413,329221463,131992629,134314375,329217263,131953458
shift_latency,warm,basic,3,0,1000000000,1,1000000000,708516240,322798938,4,4,0,0,0,1003549601,322821495,322821495,3000000676,322821280,322821280,691583134,322820917,322820917,1000000272,322819758,322819758,24,322817758,322817758,,,,,,,,,,,,,,,
imul_latency,warm,basic,3,0,1000000000,1,1000000000,2123945614,967665966,4,4,0,0,9215150800219179009,3010069308,967688486,967688486,3000000674,967688710,967688710,2074594808,967688282,967688282,1000000272,967687543,967687543,26,967685563,967685563,,,,,,,,,,,,,,,
page_state_probe,warm,basic,3,0,1,0,0,33604,15477,4,4,3,0,130560,49399,54788,54788,6842,50506,50506,39446,48618,48618,1305,46765,46765,60,44301,44301,,,,,,,,,,,,,,,
add_throughput_4,warm,basic,3,0,1000000000,4,4000000000,964624786,439481638,4,4,0,0,12000000004,1348878872,439504839,439504839,6000000685,439505121,439505121,942172110,439504769,439504769,1000000272,439503592,439503592,28,439501482,439501482,,,,,,,,,,,,,,,
add_latency,warm,none,3,0,1000000000,1,1000000000,707451000,322313680,4,4,0,0,3000000001,,,,,,,,,,,,,,,,,,,,,,,,,,,,,,
add_throughput_2,warm,basic,3,0,1000000000,2,2000000000,708327576,322712859,4,4,0,0,6000000002,1006021505,322734136,322734136,4000000681,322732576,322732576,692698776,322731596,322731596,1000000272,322730093,322730093,21,322728124,322728124,,,,,,,,,,,,,,,
add_throughput_1,warm,basic,3,0,1000000000,1,1000000000,721945639,328917485,4,4,0,0,3000000001,1008229769,328940159,328940159,3000000676,328940768,328940768,706566872,328940695,328940695,1000000272,328939740,328939740,36,328952346,328952346,,,,,,,,,,,,,,,
timer_only,warm,none,3,0,1,0,0,70,132,4,4,3,0,1,,,,,,,,,,,,,,,,,,,,,,,,,,,,,,
add_latency,warm,basic,3,0,100000,1,100000,68838,31408,4,4,0,0,300001,101612,49503,49503,300674,48629,48629,70334,47449,47449,100272,45820,45820,21,43591,43591,,,,,,,,,,,,,,,
shift_throughput,warm,basic,3,0,1000000000,8,8000000000,3196197344,1456181802,4,4,0,0,0,4514811537,1456204801,1456204801,10000000702,1456204621,1456204621,3123490348,1456204225,1456204225,1000000272,1456203071,1456203071,28,1456201324,1456201324,,,,,,,,,,,,,,,
page_state_probe,page_cold,basic,3,0,1,0,0,2237222,1019393,4,4,1027,0,0,741918,1052799,1052799,7866,1049433,1049433,512512,1047609,1047609,2329,1045648,1045648,56,1042936,1042936,,,,,,,,,,,,,,,
empty,warm,basic,3,0,1000,0,0,758,402,4,4,0,0,0,2577,18368,18368,2674,17631,17631,2222,16482,16482,1272,14829,14829,22,12572,12572,,,,,,,,,,,,,,,
add_throughput_8,warm,basic,3,0,1000000000,8,8000000000,1663837628,758041693,4,4,0,0,24000000008,2341143468,758064128,758064128,10000000702,758064457,758064457,1625751952,758064281,758064281,1000000272,758063254,758063254,31,758061293,758061293,,,,,,,,,,,,,,,
empty,warm,basic,3,0,1000000000,0,0,707897648,322517123,4,4,0,0,0,1003385239,322539734,322539734,2000000674,322539197,322539197,691565072,322538686,322538686,1000000272,322537401,322537401,26,322535519,322535519,,,,,,,,,,,,,,,
xor_break,warm,basic,3,0,1000000000,3,3000000000,707685994,322420564,4,4,0,0,1,1003384275,322441628,322441628,5000000674,322441126,322441126,691233400,322440297,322440297,1000000272,322438949,322438949,26,322436880,322436880,,,,,,,,,,,,,,,
and_zero_control,warm,basic,3,0,1000000000,3,3000000000,3550130054,1617432966,4,4,0,0,1,5016442565,1617455786,1617455786,5000000676,1617455876,1617455876,3469210272,1617455503,1617455503,1000000272,1617454262,1617454262,26,1617452260,1617452260,,,,,,,,,,,,,,,
shift_latency,warm,basic,4,0,1000000000,1,1000000000,707084140,322146367,4,4,0,0,0,1003285276,322168425,322168425,3000000676,322167642,322167642,691140054,322166941,322166941,1000000272,322165945,322165945,29,322163900,322163900,,,,,,,,,,,,,,,
xor_break,warm,basic,4,0,1000000000,3,3000000000,707607894,322385104,4,4,0,0,1,1003366805,322407378,322407378,5000000674,322407565,322407565,691267016,322406835,322406835,1000000272,322405753,322405753,22,322403788,322403788,,,,,,,,,,,,,,,
empty,warm,basic,4,0,1000000000,0,0,726015038,330771464,4,4,0,0,0,1013013601,330795004,330795004,2000000674,330794974,330794974,709855762,330794617,330794617,1000000272,330793398,330793398,35,330791503,330791503,,,,,,,,,,,,,,,
and_zero_control,warm,basic,4,0,1000000000,3,3000000000,3548802664,1616828163,4,4,0,0,1,5016149154,1616850834,1616850834,5000000676,1616850862,1616850862,3469309690,1616850252,1616850252,1000000272,1616849045,1616849045,27,1616847130,1616847130,,,,,,,,,,,,,,,
add_latency,warm,none,4,0,1000000000,1,1000000000,705935992,321623254,4,4,0,0,3000000001,,,,,,,,,,,,,,,,,,,,,,,,,,,,,,
empty,warm,basic,4,0,1000,0,0,762,399,4,4,0,0,0,2519,18289,18289,2674,17577,17577,2178,16467,16467,1272,14844,14844,20,12579,12579,,,,,,,,,,,,,,,
imul_latency,warm,basic,4,0,1000000000,1,1000000000,2121712784,966648695,4,4,0,0,9215150800219179009,3009839050,966671312,966671312,3000000674,966671737,966671737,2073524508,966671139,966671139,1000000272,966669802,966669802,23,966667606,966667606,,,,,,,,,,,,,,,
imul_throughput_8,warm,basic,4,0,1000000000,8,8000000000,5684924520,2590041273,4,4,0,0,18380974180624777224,8025994429,2590064263,2590064263,10000000702,2590064411,2590064411,5556723876,2590064041,2590064041,1000000272,2590063236,2590063236,25,2590061249,2590061249,,,,,,,,,,,,,,,
xor_throughput,warm,basic,4,0,1000000000,8,8000000000,1655095858,754058974,4,4,0,0,0,2341403195,754082258,754082258,10000000703,754091929,754091929,1615635538,754091906,754091906,1000000272,754090938,754090938,26,754089232,754089232,,,,,,,,,,,,,,,
add_throughput_2,warm,basic,4,0,1000000000,2,2000000000,720042744,328050516,4,4,0,0,6000000002,1007839609,328073610,328073610,4000000681,328073576,328073576,703621138,328072929,328072929,1000000272,328071704,328071704,24,328069740,328069740,,,,,,,,,,,,,,,
add_latency,warm,basic,4,0,1000,1,1000,774,401,4,4,0,0,3001,2327,18252,18252,3674,17410,17410,2046,16302,16302,1272,14678,14678,22,12480,12480,,,,,,,,,,,,,,,
add_latency,warm,expanded,4,0,1000000000,1,1000000000,717733594,326998299,4,4,0,0,3000000001,499563880,327050455,162050167,1785470486,327049682,195051525,484639254,327048649,228047205,696729665,327046970,228048395,230,327044648,228466950,1403939354,327041339,229464878,1411185781,327037145,230456437,133972568,327032241,131580856,132965129,327027491,130583536,132297819,327022793,129584565
empty,warm,basic,4,0,100000,0,0,68878,31441,4,4,0,0,0,101480,49530,49530,200674,48712,48712,70158,47479,47479,100272,45850,45850,25,43581,43581,,,,,,,,,,,,,,,
add_latency,warm,basic,4,0,1000000000,1,1000000000,1071108020,487995144,4,4,0,0,3000000001,1505551314,488017902,488017902,3000000674,488017592,488017592,1040213196,488017233,488017233,1000000272,488016053,488016053,1576,488014066,488014066,,,,,,,,,,,,,,,
page_state_probe,cache_evicted,basic,4,0,1,0,0,36788,17162,4,4,3,0,130560,61208,57682,57682,6842,54898,54898,43802,52931,52931,1305,50887,50887,61,48164,48164,,,,,,,,,,,,,,,
add_throughput_1,warm,basic,4,0,1000000000,1,1000000000,709689066,323333327,4,4,0,0,3000000001,1003283873,323355894,323355894,3000000676,323354608,323354608,690887736,323353744,323353744,1000000272,323352462,323352462,25,323350185,323350185,,,,,,,,,,,,,,,
add_latency,warm,basic,4,0,10000000,1,10000000,7099158,3234448,4,4,0,0,30000001,10036079,3253656,3253656,30000674,3252759,3252759,6919572,3251347,3251347,10000272,3249649,3249649,28,3247391,3247391,,,,,,,,,,,,,,,
add_throughput_4,warm,basic,4,0,1000000000,4,4000000000,949704120,432683688,4,4,0,0,12000000004,1346093059,432706243,432706243,6000000685,432705647,432705647,927703150,432705188,432705188,1000000272,432703991,432703991,30,432702202,432702202,,,,,,,,,,,,,,,
add_throughput_8,warm,basic,4,0,1000000000,8,8000000000,1658809386,755750757,4,4,0,0,24000000008,2340871823,755774554,755774554,10000000702,755774477,755774477,1622085256,755773875,755773875,1000000272,755772645,755772645,24,755770566,755770566,,,,,,,,,,,,,,,
page_state_probe,warm,basic,4,0,1,0,0,29282,13484,4,4,3,0,130560,47458,46866,46866,6842,43611,43611,33858,41851,41851,1305,39863,39863,52,37227,37227,,,,,,,,,,,,,,,
add_latency,warm,basic,4,0,100000,1,100000,68846,31408,4,4,0,0,300001,101396,49308,49308,300674,48460,48460,70334,47369,47369,100272,45776,45776,24,43653,43653,,,,,,,,,,,,,,,
shift_throughput,warm,basic,4,0,1000000000,8,8000000000,3187858168,1452382485,4,4,0,0,0,4514585261,1452406022,1452406022,10000000702,1452405956,1452405956,3116095422,1452405386,1452405386,1000000272,1452404144,1452404144,23,1452402110,1452402110,,,,,,,,,,,,,,,
page_state_probe,page_cold,basic,4,0,1,0,0,2274376,1036328,4,4,1027,0,0,742284,1069646,1069646,7866,1066061,1066061,513590,1064314,1064314,2329,1062220,1062220,59,1059420,1059420,,,,,,,,,,,,,,,
timer_only,warm,none,4,0,1,0,0,70,136,4,4,3,0,1,,,,,,,,,,,,,,,,,,,,,,,,,,,,,,
empty,warm,basic,4,0,10000000,0,0,7133770,3250211,4,4,0,0,0,10043643,3268352,3268352,20000674,3267600,3267600,6927096,3266527,3266527,10000272,3264915,3264915,22,3262647,3262647,,,,,,,,,,,,,,,
add_latency,warm,expanded,5,0,1000000000,1,1000000000,720374278,328201679,4,4,0,0,3000000001,502010582,328264664,163265886,1792943308,328265469,196266650,488090856,328264891,229265710,698631362,328263715,229262347,266,328261652,229293410,1397103786,328259005,229258020,1401861000,328255552,230051131,133416323,328250944,132000266,133912082,328246064,131969077,133696306,328241452,131211409
empty,warm,basic,5,0,10000000,0,0,7239994,3298596,4,4,0,0,0,10024760,3318000,3318000,20000674,3317225,3317225,7128770,3316576,3316576,10000272,3314870,3314870,25,3312626,3312626,,,,,,,,,,,,,,,
add_latency,warm,basic,5,0,1000000000,1,1000000000,708130200,322623018,4,4,0,0,3000000001,1003396853,322644956,322644956,3000000674,322643688,322643688,691471044,322642737,322642737,1000000272,322641365,322641365,26,322639361,322639361,,,,,,,,,,,,,,,
add_latency,warm,basic,5,0,1000,1,1000,782,412,4,4,0,0,3001,2433,18733,18733,3674,17806,17806,2200,16592,16592,1272,15015,15015,25,12787,12787,,,,,,,,,,,,,,,
add_throughput_8,warm,basic,5,0,1000000000,8,8000000000,1656786896,754829383,4,4,0,0,24000000008,2341136565,754851694,754851694,10000000702,754852874,754852874,1618663090,754853291,754853291,1000000272,754852866,754852866,23,754851153,754851153,,,,,,,,,,,,,,,
and_zero_control,warm,basic,5,0,1000000000,3,3000000000,3549119512,1616972548,4,4,0,0,1,5016216840,1616995796,1616995796,5000000676,1616995230,1616995230,3469268396,1616995073,1616995073,1000000272,1616994269,1616994269,25,1616992472,1616992472,,,,,,,,,,,,,,,
add_latency,warm,none,5,0,1000000000,1,1000000000,706583458,321918198,4,4,0,0,3000000001,,,,,,,,,,,,,,,,,,,,,,,,,,,,,,
add_throughput_1,warm,basic,5,0,1000000000,1,1000000000,725901420,330719697,4,4,0,0,3000000001,1009683567,330742842,330742842,3000000676,330742590,330742590,708989820,330742180,330742180,1000000272,330741002,330741002,41,330739175,330739175,,,,,,,,,,,,,,,
add_latency,warm,basic,5,0,100000,1,100000,68814,31413,4,4,0,0,300001,101339,49386,49386,300674,48537,48537,70136,47390,47390,100272,45776,45776,22,43519,43519,,,,,,,,,,,,,,,
xor_throughput,warm,basic,5,0,1000000000,8,8000000000,1649962136,751719917,4,4,0,0,0,2340909259,751743438,751743438,10000000703,751743700,751743700,1613002402,751743816,751743816,1000000272,751742779,751742779,27,751740663,751740663,,,,,,,,,,,,,,,
page_state_probe,warm,basic,5,0,1,0,0,28106,12941,4,4,3,0,130560,44874,47357,47357,6842,44178,44178,32934,42028,42028,1305,39931,39931,66,37136,37136,,,,,,,,,,,,,,,
empty,warm,basic,5,0,1000000000,0,0,722155722,329013173,4,4,0,0,0,1006403939,329034924,329034924,2000000674,329035737,329035737,705366882,329035436,329035436,1000000272,329034218,329034218,30,329032434,329032434,,,,,,,,,,,,,,,
imul_latency,warm,basic,5,0,1000000000,1,1000000000,2124274298,967815756,4,4,0,0,9215150800219179009,3009762428,967838441,967838441,3000000674,967838522,967838522,2076235260,967838224,967838224,1000000272,967837166,967837166,26,967835315,967835315,,,,,,,,,,,,,,,
xor_break,warm,basic,5,0,1000000000,3,3000000000,707320118,322253875,4,4,0,0,1,1003337192,322275750,322275750,5000000674,322274077,322274077,690968740,322273154,322273154,1000000272,322271680,322271680,31,322269651,322269651,,,,,,,,,,,,,,,
imul_throughput_8,warm,basic,5,0,1000000000,8,8000000000,5685451845,2590281560,4,4,0,0,18380974180624777224,8026373546,2590305741,2590305741,10000000702,2590306715,2590306715,5555319396,2590306793,2590306793,1000000272,2590306148,2590306148,24,2590304454,2590304454,,,,,,,,,,,,,,,
add_latency,warm,basic,5,0,10000000,1,10000000,7777378,3543851,4,4,0,0,30000001,10177963,3567848,3567848,30000674,3567534,3567534,7495730,3567044,3567044,10000272,3575818,3575818,26,3573441,3573441,,,,,,,,,,,,,,,
add_throughput_2,warm,basic,5,0,1000000000,2,2000000000,710471826,323689991,4,4,0,0,6000000002,1006211165,323712495,323712495,4000000681,323712292,323712292,694804352,323711860,323711860,1000000272,323710809,323710809,29,323709325,323709325,,,,,,,,,,,,,,,
page_state_probe,cache_evicted,basic,5,0,1,0,0,37340,17289,4,4,3,0,130560,60377,57526,57526,6842,54898,54898,45386,53090,53090,1305,50987,50987,58,48302,48302,,,,,,,,,,,,,,,
page_state_probe,page_cold,basic,5,0,1,0,0,2338438,1065572,4,4,1027,0,0,742843,1099173,1099173,7866,1096814,1096814,530046,1095126,1095126,2329,1093095,1093095,61,1090995,1090995,,,,,,,,,,,,,,,
empty,warm,basic,5,0,100000,0,0,71062,32408,4,4,0,0,0,101647,51369,51369,200674,50476,50476,72688,49223,49223,100272,47548,47548,19,45182,45182,,,,,,,,,,,,,,,
add_throughput_4,warm,basic,5,0,1000000000,4,4000000000,946290400,431128349,4,4,0,0,12000000004,1345741602,431150946,431150946,6000000685,431149888,431149888,926626932,431149126,431149126,1000000272,431147934,431147934,25,431145928,431145928,,,,,,,,,,,,,,,
shift_latency,warm,basic,5,0,1000000000,1,1000000000,706596888,321924495,4,4,0,0,0,1003239254,321945355,321945355,3000000676,321946781,321946781,691141682,321946466,321946466,1000000272,321945370,321945370,20,321943591,321943591,,,,,,,,,,,,,,,
timer_only,warm,none,5,0,1,0,0,76,130,4,4,3,0,1,,,,,,,,,,,,,,,,,,,,,,,,,,,,,,
shift_throughput,warm,basic,5,0,1000000000,8,8000000000,3185675796,1451388194,4,4,0,0,0,4513536827,1451410879,1451410879,10000000702,1451411205,1451411205,3119300932,1451410859,1451410859,1000000272,1451409823,1451409823,22,1451407903,1451407903,,,,,,,,,,,,,,,
empty,warm,basic,5,0,1000,0,0,804,428,4,4,0,0,0,2397,18855,18855,2674,18021,18021,2266,16891,16891,1272,15242,15242,25,12904,12904,,,,,,,,,,,,,,,
add_latency,warm,basic,6,0,100000,1,100000,71074,32418,4,4,0,0,300001,101407,50828,50828,300674,50056,50056,72446,48885,48885,100272,47196,47196,20,44905,44905,,,,,,,,,,,,,,,
timer_only,warm,none,6,0,1,0,0,72,128,4,4,3,0,1,,,,,,,,,,,,,,,,,,,,,,,,,,,,,,
add_throughput_8,warm,basic,6,0,1000000000,8,8000000000,1643182640,748631133,4,4,0,0,24000000008,2339852239,748652479,748652479,10000000702,748650660,748650660,1611162476,748649720,748649720,1000000272,748648359,748648359,24,748646113,748646113,,,,,,,,,,,,,,,
add_latency,warm,none,6,0,1000000000,1,1000000000,723529128,329639063,4,4,0,0,3000000001,,,,,,,,,,,,,,,,,,,,,,,,,,,,,,
imul_latency,warm,basic,6,0,1000000000,1,1000000000,2110722814,961641482,4,4,0,0,9215150800219179009,3008074085,961663258,961663258,3000000674,961661144,961661144,2070948506,961660197,961660197,1000000272,961658718,961658718,24,961656502,961656502,,,,,,,,,,,,,,,
imul_throughput_8,warm,basic,6,0,1000000000,8,8000000000,5977830426,2723488725,4,4,0,0,18380974180624777224,8009822081,2723514519,2723514519,10000000702,2723514675,2723514675,5931122208,2723513928,2723513928,1000000272,2723512703,2723512703,28,2723510475,2723510475,,,,,,,,,,,,,,,
empty,warm,basic,6,0,10000000,0,0,7617789,3470905,4,4,0,0,0,10076250,3497165,3497165,20000674,3496290,3496290,7546792,3495799,3495799,10000272,3494276,3494276,25,3491811,3491811,,,,,,,,,,,,,,,
add_throughput_2,warm,basic,6,0,1000000000,2,2000000000,725379278,330481790,4,4,0,0,6000000002,1020031863,330507074,330507074,4000000681,330507393,330507393,710325704,330506630,330506630,1000000272,330504965,330504965,31,330501969,330501969,,,,,,,,,,,,,,,
add_throughput_1,warm,basic,6,0,1000000000,1,1000000000,715663620,326055430,4,4,0,0,3000000001,1005402817,326090317,326090317,3000000676,326089923,326089923,699629568,326089140,326089140,1000000272,326087578,326087578,34,326085204,326085204,,,,,,,,,,,,,,,
add_latency,warm,basic,6,0,1000000000,1,1000000000,708133500,322624579,4,4,0,0,3000000001,1003416167,322647578,322647578,3000000674,322647343,322647343,691617586,322646700,322646700,1000000272,322645474,322645474,30,322643640,322643640,,,,,,,,,,,,,,,
xor_break,warm,basic,6,0,1000000000,3,3000000000,708100550,322609662,4,4,0,0,1,1003354582,322631948,322631948,5000000674,322632659,322632659,691944572,322632237,322632237,1000000272,322631165,322631165,30,322629351,322629351,,,,,,,,,,,,,,,
add_latency,warm,expanded,6,0,1000000000,1,1000000000,718652100,327416725,4,4,0,0,3000000001,499999965,327470769,162476281,1788682163,327470659,195479876,485461812,327469794,228473612,697983386,327468349,228482125,237,327466072,228935119,1405394990,327462970,229919812,1410821480,327459066,230900558,133452431,327454662,131538930,132830667,327449468,130531670,132192598,327444954,129566392
empty,warm,basic,6,0,100000,0,0,68826,31414,4,4,0,0,0,101592,49387,49387,200674,48532,48532,70378,47376,47376,100272,45792,45792,24,43582,43582,,,,,,,,,,,,,,,
page_state_probe,page_cold,basic,6,0,1,0,0,2303644,1049663,4,4,1027,0,0,742444,1080515,1080515,7866,1078781,1078781,513700,1077132,1077132,2329,1075188,1075188,53,1072488,1072488,,,,,,,,,,,,,,,
page_state_probe,warm,basic,6,0,1,0,0,28240,13014,4,4,3,0,130560,45838,43141,43141,6842,41228,41228,32516,39598,39598,1305,37730,37730,59,35175,35175,,,,,,,,,,,,,,,
shift_throughput,warm,basic,6,0,1000000000,8,8000000000,3199588842,1457726948,4,4,0,0,0,4515050259,1457759919,1457759919,10000000702,1457760018,1457760018,3125569106,1457759770,1457759770,1000000272,1457758673,1457758673,27,1457756875,1457756875,,,,,,,,,,,,,,,
empty,warm,basic,6,0,1000,0,0,778,390,4,4,0,0,0,2413,18543,18543,2674,17518,17518,2112,16362,16362,1272,14714,14714,24,12488,12488,,,,,,,,,,,,,,,
empty,warm,basic,6,0,1000000000,0,0,706528126,321892966,4,4,0,0,0,1003211036,321914877,321914877,2000000674,321913876,321913876,690843868,321913036,321913036,1000000272,321911561,321911561,25,321909465,321909465,,,,,,,,,,,,,,,
add_latency,warm,basic,6,0,1000,1,1000,802,417,4,4,0,0,3001,2588,18495,18495,3674,17525,17525,2156,16393,16393,1272,14850,14850,17,12709,12709,,,,,,,,,,,,,,,
shift_latency,warm,basic,6,0,1000000000,1,1000000000,708222196,322664979,4,4,0,0,0,1003447629,322687033,322687033,3000000676,322686496,322686496,691596554,322685836,322685836,1000000272,322684632,322684632,23,322682981,322682981,,,,,,,,,,,,,,,
add_throughput_4,warm,basic,6,0,1000000000,4,4000000000,950498886,433045867,4,4,0,0,12000000004,1345738529,433068519,433068519,6000000685,433068651,433068651,927947680,433068158,433068158,1000000272,433067200,433067200,28,433065308,433065308,,,,,,,,,,,,,,,
add_latency,warm,basic,6,0,10000000,1,10000000,7162962,3263508,4,4,0,0,30000001,10047752,3281702,3281702,30000674,3280988,3280988,6934488,3279995,3279995,10000272,3278394,3278394,22,3276160,3276160,,,,,,,,,,,,,,,
xor_throughput,warm,basic,6,0,1000000000,8,8000000000,1651643024,752485802,4,4,0,0,0,2341081647,752508457,752508457,10000000703,752508469,752508469,1613870962,752508024,752508024,1000000272,752506886,752506886,25,752505331,752505331,,,,,,,,,,,,,,,
page_state_probe,cache_evicted,basic,6,0,1,0,0,38284,18246,4,4,3,0,130560,65132,58170,58170,6842,55304,55304,48114,53313,53313,1305,51141,51141,55,48477,48477,,,,,,,,,,,,,,,
and_zero_control,warm,basic,6,0,1000000000,3,3000000000,3549483548,1617138412,4,4,0,0,1,5016256923,1617162317,1617162317,5000000676,1617162182,1617162182,3469510506,1617161767,1617161767,1000000272,1617160448,1617160448,25,1617158188,1617158188,,,,,,,,,,,,,,,
imul_throughput_8,warm,basic,7,0,1000000000,8,8000000000,5669212720,2582883040,4,4,0,0,18380974180624777224,8025961247,2582905621,2582905621,10000000702,2582906272,2582906272,5541333028,2582905879,2582905879,1000000272,2582904835,2582904835,23,2582902591,2582902591,,,,,,,,,,,,,,,
page_state_probe,cache_evicted,basic,7,0,1,0,0,37186,17190,4,4,3,0,130560,60313,57876,57876,6842,55187,55187,42680,53074,53074,1305,51423,51423,53,48538,48538,,,,,,,,,,,,,,,
add_throughput_2,warm,basic,7,0,1000000000,2,2000000000,717926008,327086233,4,4,0,0,6000000002,1012574878,327109734,327109734,4000000681,327109537,327109537,701408884,327109143,327109143,1000000272,327107965,327107965,21,327105916,327105916,,,,,,,,,,,,,,,
empty,warm,basic,7,0,100000,0,0,68854,31419,4,4,0,0,0,101703,49465,49465,200674,48616,48616,70488,47451,47451,100272,45777,45777,24,43621,43621,,,,,,,,,,,,,,,
add_latency,warm,basic,7,0,10000000,1,10000000,7142158,3254018,4,4,0,0,30000001,10043613,3272126,3272126,30000674,3271459,3271459,6930572,3270387,3270387,10000272,3268966,3268966,20,3266706,3266706,,,,,,,,,,,,,,,
add_throughput_4,warm,basic,7,0,1000000000,4,4000000000,947743948,431790634,4,4,0,0,12000000004,1344915334,431811480,431811480,6000000685,431811799,431811799,926248070,431811435,431811435,1000000272,431810128,431810128,25,431808245,431808245,,,,,,,,,,,,,,,
add_throughput_1,warm,basic,7,0,1000000000,1,1000000000,709292828,323152841,4,4,0,0,3000000001,1003508313,323175752,323175752,3000000676,323175539,323175539,692334918,323175242,323175242,1000000272,323174069,323174069,30,323172240,323172240,,,,,,,,,,,,,,,
add_latency,warm,none,7,0,1000000000,1,1000000000,710336638,323628384,4,4,0,0,3000000001,,,,,,,,,,,,,,,,,,,,,,,,,,,,,,
add_throughput_8,warm,basic,7,0,1000000000,8,8000000000,1655334348,754167625,4,4,0,0,24000000008,2341203599,754190172,754190172,10000000702,754189776,754189776,1613432282,754189522,754189522,1000000272,754188227,754188227,28,754186266,754186266,,,,,,,,,,,,,,,
xor_break,warm,basic,7,0,1000000000,3,3000000000,710412180,323662884,4,4,0,0,1,1003301226,323686005,323686005,5000000674,323685918,323685918,694446126,323685411,323685411,1000000272,323684446,323684446,25,323682324,323682324,,,,,,,,,,,,,,,
add_latency,warm,basic,7,0,100000,1,100000,68838,31413,4,4,0,0,300001,101584,49467,49467,300674,48599,48599,70224,47419,47419,100272,45865,45865,24,43633,43633,,,,,,,,,,,,,,,
empty,warm,basic,7,0,1000000000,0,0,709092446,323061532,4,4,0,0,0,1003589152,323083375,323083375,2000000674,323083208,323083208,691800450,323082792,323082792,1000000272,323081599,323081599,31,323079758,323079758,,,,,,,,,,,,,,,
shift_latency,warm,basic,7,0,1000000000,1,1000000000,709229514,323123795,4,4,0,0,0,1004441547,323144555,323144555,3000000676,323145228,323145228,692313204,323144619,323144619,1000000272,323143364,323143364,34,323141497,323141497,,,,,,,,,,,,,,,
imul_latency,warm,basic,7,0,1000000000,1,1000000000,2122054638,966804480,4,4,0,0,9215150800219179009,3009799876,966827620,966827620,3000000674,966827048,966827048,2073941210,966826751,966826751,1000000272,966825581,966825581,23,966823651,966823651,,,,,,,,,,,,,,,
empty,warm,basic,7,0,1000,0,0,770,404,4,4,0,0,0,2416,18243,18243,2674,17479,17479,2156,16343,16343,1272,14776,14776,24,12550,12550,,,,,,,,,,,,,,,
shift_throughput,warm,basic,7,0,1000000000,8,8000000000,3191429218,1454009481,4,4,0,0,0,4514749314,1454033003,1454033003,10000000702,1454032667,1454032667,3118949262,1454032849,1454032849,1000000272,1454031876,1454031876,23,1454030571,1454030571,,,,,,,,,,,,,,,
empty,warm,basic,7,0,10000000,0,0,7238574,3297978,4,4,0,0,0,10025628,3316948,3316948,20000674,3316345,3316345,7127120,3315400,3315400,10000272,3313902,3313902,26,3311795,3311795,,,,,,,,,,,,,,,
page_state_probe,warm,basic,7,0,1,0,0,27242,12574,4,4,3,0,130560,43359,46096,46096,6842,43075,43075,31790,41158,41158,1305,39259,39259,57,36608,36608,,,,,,,,,,,,,,,
add_latency,warm,basic,7,0,1000000000,1,1000000000,709238870,323128125,4,4,0,0,3000000001,1003564650,323150605,323150605,3000000674,323150447,323150447,691972424,323150085,323150085,1000000272,323149045,323149045,22,323147141,323147141,,,,,,,,,,,,,,,
add_latency,warm,basic,7,0,1000,1,1000,740,390,4,4,0,0,3001,2503,18559,18559,3674,17829,17829,2134,16635,16635,1272,15087,15087,23,12785,12785,,,,,,,,,,,,,,,
timer_only,warm,none,7,0,1,0,0,78,148,4,4,3,0,1,,,,,,,,,,,,,,,,,,,,,,,,,,,,,,
page_state_probe,page_cold,basic,7,0,1,0,0,2233050,1017499,4,4,1027,0,0,742086,1047702,1047702,7866,1045972,1045972,512512,1044247,1044247,2329,1042250,1042250,56,1039682,1039682,,,,,,,,,,,,,,,
and_zero_control,warm,basic,7,0,1000000000,3,3000000000,3537320748,1611597055,4,4,0,0,1,5016421627,1611619863,1611619863,5000000676,1611620068,1611620068,3456508528,1611619518,1611619518,1000000272,1611618259,1611618259,23,1611616393,1611616393,,,,,,,,,,,,,,,
add_latency,warm,expanded,7,0,1000000000,1,1000000000,737619040,336058238,4,4,0,0,3000000001,505225045,336113141,166108948,1792382299,336112937,200113649,497343066,336111934,234110150,698061037,336110423,234306324,221,336108000,235308439,1402670475,336104670,236294932,1408219888,336100611,237097569,132453574,336095842,134814023,132805545,336090925,133804617,133342915,336086355,132820766
xor_throughput,warm,basic,7,0,1000000000,8,8000000000,1652394346,752828195,4,4,0,0,0,2341210468,752851079,752851079,10000000703,752851341,752851341,1613772798,752850646,752850646,1000000272,752849557,752849557,29,752847622,752847622,,,,,,,,,,,,,,,
xor_break,warm,basic,8,0,1000000000,3,3000000000,718215784,327218145,4,4,0,0,1,1003440173,327240967,327240967,5000000674,327241073,327241073,701602198,327240435,327240435,1000000272,327239433,327239433,27,327237436,327237436,,,,,,,,,,,,,,,
page_state_probe,page_cold,basic,8,0,1,0,0,2236844,1019230,4,4,1027,0,0,745834,1052846,1052846,7866,1049579,1049579,515262,1047840,1047840,2329,1045905,1045905,55,1043288,1043288,,,,,,,,,,,,,,,
empty,warm,basic,8,0,1000000000,0,0,706917488,322070496,4,4,0,0,0,1003220803,322092429,322092429,2000000674,322090507,322090507,691045718,322089490,322089490,1000000272,322088009,322088009,27,322085660,322085660,,,,,,,,,,,,,,,
add_latency,warm,expanded,8,0,1000000000,1,1000000000,716876404,326607768,4,4,0,0,3000000001,499979501,326661194,161644906,1788321185,326661045,194645710,484401236,326660151,227657628,696455907,326658629,227659268,236,326656656,228547866,1406229877,326653622,229577714,1411748744,326649721,230554773,133526134,326645278,131112546,132791272,326640859,130099820,132209827,326636413,129085422
and_zero_control,warm,basic,8,0,1000000000,3,3000000000,3547433542,1616204408,4,4,0,0,1,5016095387,1616227689,1616227689,5000000676,1616227432,1616227432,3468203156,1616227135,1616227135,1000000272,1616225927,1616225927,30,1616223902,1616223902,,,,,,,,,,,,,,,
add_throughput_1,warm,basic,8,0,1000000000,1,1000000000,709436222,323218087,4,4,0,0,3000000001,1003640586,323239384,323239384,3000000676,323240460,323240460,691995656,323239929,323239929,1000000272,323238695,323238695,26,323236956,323236956,,,,,,,,,,,,,,,
add_latency,warm,basic,8,0,10000000,1,10000000,7153496,3259207,4,4,0,0,30000001,10043677,3277210,3277210,30000674,3276552,3276552,6936930,3275467,3275467,10000272,3273847,3273847,20,3271614,3271614,,,,,,,,,,,,,,,
add_throughput_8,warm,basic,8,0,1000000000,8,8000000000,1660152876,756362876,4,4,0,0,24000000008,2340530324,756385536,756385536,10000000702,756385679,756385679,1625068214,756385324,756385324,1000000272,756384238,756384238,23,756382342,756382342,,,,,,,,,,,,,,,
shift_latency,warm,basic,8,0,1000000000,1,1000000000,706332068,321803879,4,4,0,0,0,1003116402,321826416,321826416,3000000676,321826306,321826306,691398070,321826166,321826166,1000000272,321824942,321824942,26,321823007,321823007,,,,,,,,,,,,,,,
imul_throughput_8,warm,basic,8,0,1000000000,8,8000000000,5667405566,2582059675,4,4,0,0,18380974180624777224,8025507500,2582082892,2582082892,10000000702,2582082253,2582082253,5541774898,2582082249,2582082249,1000000272,2582081065,2582081065,31,2582079432,2582079432,,,,,,,,,,,,,,,
add_latency,warm,basic,8,0,1000000000,1,1000000000,706496350,321878559,4,4,0,0,3000000001,1004010404,321899573,321899573,3000000674,321897699,321897699,691211510,321896584,321896584,1000000272,321895113,321895113,27,321892955,321892955,,,,,,,,,,,,,,,
add_throughput_2,warm,basic,8,0,1000000000,2,2000000000,710264124,323595281,4,4,0,0,6000000002,1006297282,323626118,323626118,4000000681,323616750,323616750,693323906,323616140,323616140,1000000272,323615227,323615227,29,323613302,323613302,,,,,,,,,,,,,,,
shift_throughput,warm,basic,8,0,1000000000,8,8000000000,3182179742,1449795419,4,4,0,0,0,4514585076,1449817701,1449817701,10000000702,1449817950,1449817950,3110427034,1449817539,1449817539,1000000272,1449816298,1449816298,26,1449814362,1449814362,,,,,,,,,,,,,,,
add_latency,warm,basic,8,0,100000,1,100000,68848,31414,4,4,0,0,300001,101392,49348,49348,300674,48501,48501,70202,47378,47378,100272,45861,45861,25,43587,43587,,,,,,,,,,,,,,,
empty,warm,basic,8,0,1000,0,0,784,406,4,4,0,0,0,2673,18493,18493,2674,17733,17733,2244,16585,16585,1272,14983,14983,25,12715,12715,,,,,,,,,,,,,,,
page_state_probe,warm,basic,8,0,1,0,0,26578,12248,4,4,3,0,130560,43565,42137,42137,6842,40599,40599,31042,38896,38896,1305,36967,36967,58,34369,34369,,,,,,,,,,,,,,,
page_state_probe,cache_evicted,basic,8,0,1,0,0,36978,17119,4,4,3,0,130560,62209,57171,57171,6842,54943,54943,44748,52998,52998,1305,50937,50937,56,48402,48402,,,,,,,,,,,,,,,
add_throughput_4,warm,basic,8,0,1000000000,4,4000000000,949016048,432370287,4,4,0,0,12000000004,1345516853,432393495,432393495,6000000685,432393489,432393489,927607032,432393128,432393128,1000000272,432391924,432391924,32,432390004,432390004,,,,,,,,,,,,,,,
add_latency,warm,basic,8,0,1000,1,1000,738,386,4,4,0,0,3001,2538,18383,18383,3674,17553,17553,2200,16447,16447,1272,14852,14852,23,12555,12555,,,,,,,,,,,,,,,
empty,warm,basic,8,0,10000000,0,0,7188697,3275268,4,4,0,0,0,10062399,3305618,3305618,20000674,3304867,3304867,6942408,3303800,3303800,10000272,3290850,3290850,22,3288214,3288214,,,,,,,,,,,,,,,
imul_latency,warm,basic,8,0,1000000000,1,1000000000,2136923430,973578673,4,4,0,0,9215150800219179009,3010053710,973602106,973602106,3000000674,973601662,973601662,2087471430,973601135,973601135,1000000272,973599878,973599878,26,973597956,973597956,,,,,,,,,,,,,,,
add_latency,warm,none,8,0,1000000000,1,1000000000,705900486,321607137,4,4,0,0,3000000001,,,,,,,,,,,,,,,,,,,,,,,,,,,,,,
timer_only,warm,none,8,0,1,0,0,82,121,4,4,3,0,1,,,,,,,,,,,,,,,,,,,,,,,,,,,,,,
xor_throughput,warm,basic,8,0,1000000000,8,8000000000,1671193177,761392860,4,4,0,0,0,2341889706,761415617,761415617,10000000703,761424981,761424981,1628941776,761424604,761424604,1000000272,761423436,761423436,20,761421400,761421400,,,,,,,,,,,,,,,
empty,warm,basic,8,0,100000,0,0,68856,31412,4,4,0,0,0,101384,49454,49454,200674,48552,48552,70026,47365,47365,100272,45788,45788,21,43552,43552,,,,,,,,,,,,,,,
page_state_probe,cache_evicted,basic,9,0,1,0,0,40635,18809,4,4,3,0,130560,61036,70118,70118,6842,68375,68375,48246,66925,66925,1305,65573,65573,64,72697,72697,,,,,,,,,,,,,,,
and_zero_control,warm,basic,9,0,1000000000,3,3000000000,3559747134,1621814489,4,4,0,0,1,5015407588,1621836933,1621836933,5000000676,1621837230,1621837230,3483876484,1621836714,1621836714,1000000272,1621835526,1621835526,29,1621833404,1621833404,,,,,,,,,,,,,,,
shift_latency,warm,basic,9,0,1000000000,1,1000000000,707487152,322330252,4,4,0,0,0,1003385067,322351913,322351913,3000000676,322353576,322353576,693253990,322353201,322353201,1000000272,322352075,322352075,23,322350215,322350215,,,,,,,,,,,,,,,
add_latency,warm,basic,9,0,100000,1,100000,71014,32421,4,4,0,0,300001,101362,50936,50936,300674,50033,50033,72402,48918,48918,100272,47237,47237,22,44910,44910,,,,,,,,,,,,,,,
add_latency,warm,basic,9,0,1000,1,1000,790,404,4,4,0,0,3001,2331,18990,18990,3674,18110,18110,2002,16962,16962,1272,15299,15299,20,12930,12930,,,,,,,,,,,,,,,
page_state_probe,warm,basic,9,0,1,0,0,30142,13885,4,4,3,0,130560,47641,46695,46695,6842,44773,44773,35156,43016,43016,1305,40884,40884,59,38250,38250,,,,,,,,,,,,,,,
shift_throughput,warm,basic,9,0,1000000000,8,8000000000,3185699580,1451399061,4,4,0,0,0,4513297961,1451421951,1451421951,10000000702,1451421543,1451421543,3120410304,1451421465,1451421465,1000000272,1451420270,1451420270,25,1451418426,1451418426,,,,,,,,,,,,,,,
add_latency,warm,none,9,0,1000000000,1,1000000000,705965564,321636662,4,4,0,0,3000000001,,,,,,,,,,,,,,,,,,,,,,,,,,,,,,
add_throughput_8,warm,basic,9,0,1000000000,8,8000000000,1652313510,752791325,4,4,0,0,24000000008,2339723556,752814625,752814625,10000000702,752813980,752813980,1621194080,752813241,752813241,1000000272,752811936,752811936,27,752809984,752809984,,,,,,,,,,,,,,,
timer_only,warm,none,9,0,1,0,0,70,130,4,4,3,0,1,,,,,,,,,,,,,,,,,,,,,,,,,,,,,,
add_latency,warm,expanded,9,0,1000000000,1,1000000000,719657962,327874925,4,4,0,0,3000000001,505305480,327926534,162919032,1795308516,327925598,195919372,488851484,327924351,228916393,697691370,327922623,228940163,264,327920208,228918411,1398609542,327917089,229394831,1404668441,327912931,230379104,133972284,327907969,131984094,133839835,327902822,131535398,133674312,327898193,130530809
empty,warm,basic,9,0,10000000,0,0,7095946,3232975,4,4,0,0,0,10035964,3251112,3251112,20000674,3250444,3250444,6917966,3249258,3249258,10000272,3247669,3247669,23,3245402,3245402,,,,,,,,,,,,,,,
empty,warm,basic,9,0,100000,0,0,68832,31402,4,4,0,0,0,101484,49288,49288,200674,48403,48403,70202,47272,47272,100272,45712,45712,23,43524,43524,,,,,,,,,,,,,,,
add_latency,warm,basic,9,0,1000000000,1,1000000000,703644184,320579051,4,4,0,0,3000000001,1002719368,320597487,320597487,3000000674,320597059,320597059,690268260,320595994,320595994,1000000272,320594689,320594689,22,320592707,320592707,,,,,,,,,,,,,,,
xor_break,warm,basic,9,0,1000000000,3,3000000000,702979904,320276488,4,4,0,0,1,1002662411,320297636,320297636,5000000674,320295150,320295150,689957906,320294290,320294290,1000000272,320292732,320292732,26,320290679,320290679,,,,,,,,,,,,,,,
add_throughput_1,warm,basic,9,0,1000000000,1,1000000000,703434122,320483351,4,4,0,0,3000000001,1002648910,320501869,320501869,3000000676,320500973,320500973,690413680,320500224,320500224,1000000272,320498738,320498738,21,320496555,320496555,,,,,,,,,,,,,,,
xor_throughput,warm,basic,9,0,1000000000,8,8000000000,1652736406,752983972,4,4,0,0,0,2339417809,753005528,753005528,10000000703,753007243,753007243,1623112238,753006775,753006775,1000000272,753005623,753005623,25,753003819,753003819,,,,,,,,,,,,,,,
imul_throughput_8,warm,basic,9,0,1000000000,8,8000000000,5847092910,2663924917,4,4,0,0,18380974180624777224,8016737600,2663948206,2663948206,10000000702,2663948023,2663948023,5765854930,2663947499,2663947499,1000000272,2663946191,2663946191,30,2663944079,2663944079,,,,,,,,,,,,,,,
add_latency,warm,basic,9,0,10000000,1,10000000,7219320,3289166,4,4,0,0,30000001,10055532,3307392,3307392,30000674,3306658,3306658,6945708,3305643,3305643,10000272,3304112,3304112,22,3301959,3301959,,,,,,,,,,,,,,,
add_throughput_2,warm,basic,9,0,1000000000,2,2000000000,709371088,323188448,4,4,0,0,6000000002,1006446535,323211141,323211141,4000000681,323210326,323210326,693608454,323209696,323209696,1000000272,323208657,323208657,26,323206462,323206462,,,,,,,,,,,,,,,
page_state_probe,page_cold,basic,9,0,1,0,0,2250914,1025632,4,4,1027,0,0,753944,1059587,1059587,7866,1056197,1056197,521136,1054094,1054094,2329,1052218,1052218,57,1049347,1049347,,,,,,,,,,,,,,,
empty,warm,basic,9,0,1000000000,0,0,708239010,322672730,4,4,0,0,0,1003305425,322695209,322695209,2000000674,322694913,322694913,692484474,322694608,322694608,1000000272,322693406,322693406,26,322691439,322691439,,,,,,,,,,,,,,,
add_throughput_4,warm,basic,9,0,1000000000,4,4000000000,948903346,432318914,4,4,0,0,12000000004,1345901828,432341246,432341246,6000000685,432340854,432340854,927665244,432340428,432340428,1000000272,432339200,432339200,27,432337225,432337225,,,,,,,,,,,,,,,
empty,warm,basic,9,0,1000,0,0,810,427,4,4,0,0,0,2746,18343,18343,2674,17560,17560,2354,16459,16459,1272,14847,14847,26,12613,12613,,,,,,,,,,,,,,,
imul_latency,warm,basic,9,0,1000000000,1,1000000000,2127072628,969090616,4,4,0,0,9215150800219179009,3010214947,969113707,969113707,3000000674,969113732,969113732,2076892180,969113503,969113503,1000000272,969112461,969112461,30,969110677,969110677,,,,,,,,,,,,,,,
add_throughput_1,warm,basic,10,0,1000000000,1,1000000000,719281159,327703517,4,4,0,0,3000000001,1010876807,327725648,327725648,3000000676,327726266,327726266,698833322,327726020,327726020,1000000272,327725093,327725093,32,327723446,327723446,,,,,,,,,,,,,,,
xor_throughput,warm,basic,10,0,1000000000,8,8000000000,1656601646,754745006,4,4,0,0,0,2341269321,754767815,754767815,10000000703,754768364,754768364,1614636958,754768014,754768014,1000000272,754766842,754766842,26,754764963,754764963,,,,,,,,,,,,,,,
empty,warm,basic,10,0,10000000,0,0,7060220,3216701,4,4,0,0,0,10032237,3234721,3234721,20000674,3234033,3234033,6911894,3233015,3233015,10000272,3231387,3231387,25,3229140,3229140,,,,,,,,,,,,,,,
shift_latency,warm,basic,10,0,1000000000,1,1000000000,709340800,323174671,4,4,0,0,0,1003621185,323197245,323197245,3000000676,323196694,323196694,691884512,323196319,323196319,1000000272,323195344,323195344,24,323193725,323193725,,,,,,,,,,,,,,,
add_latency,warm,basic,10,0,10000000,1,10000000,7184808,3273463,4,4,0,0,30000001,10051278,3291691,3291691,30000674,3290963,3290963,6937964,3289847,3289847,10000272,3288279,3288279,22,3286070,3286070,,,,,,,,,,,,,,,
add_latency,warm,basic,10,0,1000000000,1,1000000000,717580270,326928595,4,4,0,0,3000000001,1006066132,326951826,326951826,3000000674,326951529,326951529,701824596,326951167,326951167,1000000272,326949873,326949873,33,326947751,326947751,,,,,,,,,,,,,,,
page_state_probe,cache_evicted,basic,10,0,1,0,0,60266,27785,4,4,3,0,130560,66496,69017,69017,6842,67043,67043,48290,65066,65066,1305,63174,63174,59,60674,60674,,,,,,,,,,,,,,,
add_throughput_2,warm,basic,10,0,1000000000,2,2000000000,710856054,323864899,4,4,0,0,6000000002,1006351290,323886303,323886303,4000000681,323886389,323886389,693655556,323885989,323885989,1000000272,323884808,323884808,23,323882819,323882819,,,,,,,,,,,,,,,
empty,warm,basic,10,0,1000,0,0,762,391,4,4,0,0,0,2597,18252,18252,2674,17394,17394,2266,16306,16306,1272,14704,14704,23,12490,12490,,,,,,,,,,,,,,,
imul_latency,warm,basic,10,0,1000000000,1,1000000000,2133088008,971831234,4,4,0,0,9215150800219179009,3009662758,971853866,971853866,3000000674,971854581,971854581,2085597338,971853951,971853951,1000000272,971852840,971852840,26,971850869,971850869,,,,,,,,,,,,,,,
page_state_probe,page_cold,basic,10,0,1,0,0,2252356,1026310,4,4,1027,0,0,742505,1061315,1061315,7866,1057904,1057904,513018,1056065,1056065,2329,1053685,1053685,58,1050556,1050556,,,,,,,,,,,,,,,
add_throughput_4,warm,basic,10,0,1000000000,4,4000000000,950027628,432831150,4,4,0,0,12000000004,1346262739,432853399,432853399,6000000685,432853513,432853513,928377142,432853328,432853328,1000000272,432852282,432852282,28,432850438,432850438,,,,,,,,,,,,,,,
add_throughput_8,warm,basic,10,0,1000000000,8,8000000000,1660447578,756497152,4,4,0,0,24000000008,2342185967,756520289,756520289,10000000702,756519829,756519829,1617135190,756519534,756519534,1000000272,756518484,756518484,29,756516542,756516542,,,,,,,,,,,,,,,
imul_throughput_8,warm,basic,10,0,1000000000,8,8000000000,5671586742,2583964620,4,4,0,0,18380974180624777224,8026347768,2583986653,2583986653,10000000702,2583986656,2583986656,5541859598,2583986464,2583986464,1000000272,2583985518,2583985518,26,2583983737,2583983737,,,,,,,,,,,,,,,
shift_throughput,warm,basic,10,0,1000000000,8,8000000000,3194059384,1455207775,4,4,0,0,0,4514532643,1455230187,1455230187,10000000702,1455230129,1455230129,3122607268,1455229761,1455229761,1000000272,1455228896,1455228896,23,1455227150,1455227150,,,,,,,,,,,,,,,
empty,warm,basic,10,0,1000000000,0,0,708294140,322697818,4,4,0,0,0,1003471212,322721333,322721333,2000000674,322722037,322722037,691686732,322721255,322721255,1000000272,322719978,322719978,26,322717455,322717455,,,,,,,,,,,,,,,
add_latency,warm,basic,10,0,1000,1,1000,786,408,4,4,0,0,3001,2363,18269,18269,3674,17509,17509,2156,16413,16413,1272,14850,14850,19,12647,12647,,,,,,,,,,,,,,,
timer_only,warm,none,10,0,1,0,0,70,134,4,4,3,0,1,,,,,,,,,,,,,,,,,,,,,,,,,,,,,,
add_latency,warm,expanded,10,0,1000000000,1,1000000000,718958658,327556540,4,4,0,0,3000000001,501497443,327609786,162596786,1789718096,327609691,195594551,486490884,327608679,228595451,696869011,327607251,228591032,237,327605040,228765495,1403384121,327601899,229754276,1409524564,327597991,230755206,134213949,327593250,131860966,133202776,327588544,130851657,132559982,327584051,129850472
add_latency,warm,basic,10,0,100000,1,100000,68838,31413,4,4,0,0,300001,101612,49343,49343,300674,48489,48489,70290,47334,47334,100272,45690,45690,23,43456,43456,,,,,,,,,,,,,,,
add_latency,warm,none,10,0,1000000000,1,1000000000,727026220,331232132,4,4,0,0,3000000001,,,,,,,,,,,,,,,,,,,,,,,,,,,,,,
and_zero_control,warm,basic,10,0,1000000000,3,3000000000,3549503376,1617147425,4,4,0,0,1,5016445581,1617170377,1617170377,5000000682,1617170031,1617170031,3468534542,1617169535,1617169535,1000000273,1617168421,1617168421,26,1617166380,1617166380,,,,,,,,,,,,,,,
page_state_probe,warm,basic,10,0,1,0,0,26218,12116,4,4,3,0,130560,42972,45141,45141,6842,42029,42029,30778,40361,40361,1305,38407,38407,58,35744,35744,,,,,,,,,,,,,,,
empty,warm,basic,10,0,100000,0,0,68824,31411,4,4,0,0,0,101340,49138,49138,200674,48473,48473,70026,47423,47423,100272,45826,45826,24,43571,43571,,,,,,,,,,,,,,,
xor_break,warm,basic,10,0,1000000000,3,3000000000,706205414,321746074,4,4,0,0,1,1003176794,321767197,321767197,5000000674,321767690,321767690,690815620,321767256,321767256,1000000272,321766160,321766160,23,321764457,321764457,,,,,,,,,,,,,,,
page_state_probe,cache_evicted,basic,11,0,1,0,0,36178,16684,4,4,3,0,130560,57346,60161,60161,6842,57394,57394,42262,54690,54690,1305,52508,52508,53,49546,49546,,,,,,,,,,,,,,,
xor_break,warm,basic,11,0,1000000000,3,3000000000,708452254,322769851,4,4,0,0,1,1003442294,322792434,322792434,5000000674,322792328,322792328,691766262,322791945,322791945,1000000272,322791123,322791123,22,322789380,322789380,,,,,,,,,,,,,,,
add_latency,warm,none,11,0,1000000000,1,1000000000,706634698,321941587,4,4,0,0,3000000001,,,,,,,,,,,,,,,,,,,,,,,,,,,,,,
add_throughput_8,warm,basic,11,0,1000000000,8,8000000000,1667006720,759485564,4,4,0,0,24000000008,2341263591,759507476,759507476,10000000702,759508189,759508189,1628098120,759507635,759507635,1000000272,759506454,759506454,27,759504551,759504551,,,,,,,,,,,,,,,
imul_throughput_8,warm,basic,11,0,1000000000,8,8000000000,5676062406,2586003723,4,4,0,0,18380974180624777224,8026698409,2586026959,2586026959,10000000702,2586026820,2586026820,5543599094,2586026425,2586026425,1000000272,2586025265,2586025265,28,2586023222,2586023222,,,,,,,,,,,,,,,
empty,warm,basic,11,0,100000,0,0,68860,31424,4,4,0,0,0,101461,49263,49263,200674,48531,48531,70180,47322,47322,100272,45717,45717,25,43449,43449,,,,,,,,,,,,,,,
empty,warm,basic,11,0,1000,0,0,760,404,4,4,0,0,0,2467,18407,18407,2674,17563,17563,2244,16445,16445,1272,14847,14847,22,12658,12658,,,,,,,,,,,,,,,
add_throughput_1,warm,basic,11,0,1000000000,1,1000000000,709130222,323078784,4,4,0,0,3000000001,1003448894,323101509,323101509,3000000676,323101615,323101615,692416758,323101024,323101024,1000000272,323099866,323099866,28,323097706,323097706,,,,,,,,,,,,,,,
add_latency,warm,basic,11,0,1000000000,1,1000000000,708930970,322987960,4,4,0,0,3000000001,1003465630,323010906,323010906,3000000674,323011188,323011188,692308320,323011366,323011366,1000000272,323010370,323010370,25,323009030,323009030,,,,,,,,,,,,,,,
page_state_probe,page_cold,basic,11,0,1,0,0,2252432,1026352,4,4,1027,0,0,743085,1061422,1061422,7866,1057368,1057368,513194,1055317,1055317,2329,1053327,1053327,60,1050206,1050206,,,,,,,,,,,,,,,
imul_latency,warm,basic,11,0,1000000000,1,1000000000,2133446050,971994385,4,4,0,0,9215150800219179009,3009572691,972017128,972017128,3000000674,972017356,972017356,2086444998,972016890,972016890,1000000272,972016299,972016299,22,972014306,972014306,,,,,,,,,,,,,,,
timer_only,warm,none,11,0,1,0,0,68,131,4,4,3,0,1,,,,,,,,,,,,,,,,,,,,,,,,,,,,,,
empty,warm,basic,11,0,1000000000,0,0,707056000,322133669,4,4,0,0,0,1003231489,322155651,322155651,2000000674,322155730,322155730,691530752,322155190,322155190,1000000272,322154052,322154052,21,322152259,322152259,,,,,,,,,,,,,,,
add_throughput_2,warm,basic,11,0,1000000000,2,2000000000,709252788,323134336,4,4,0,0,6000000002,1006199230,323156402,323156402,4000000681,323155225,323155225,692966692,323154383,323154383,1000000272,323153111,323153111,27,323150845,323150845,,,,,,,,,,,,,,,
and_zero_control,warm,basic,11,0,1000000000,3,3000000000,3549743922,1617256994,4,4,0,0,1,5015871609,1617279878,1617279878,5000000676,1617280279,1617280279,3471610010,1617279834,1617279834,1000000272,1617278612,1617278612,26,1617276369,1617276369,,,,,,,,,,,,,,,
add_latency,warm,basic,11,0,1000,1,1000,740,380,4,4,0,0,3001,2251,18270,18270,3674,17395,17395,2090,16344,16344,1272,14736,14736,22,12532,12532,,,,,,,,,,,,,,,
shift_latency,warm,basic,11,0,1000000000,1,1000000000,706509398,321884446,4,4,0,0,0,1003217262,321904392,321904392,3000000676,321903197,321903197,690778396,321902570,321902570,1000000272,321901081,321901081,22,321899113,321899113,,,,,,,,,,,,,,,
add_latency,warm,basic,11,0,10000000,1,10000000,7088048,3229376,4,4,0,0,30000001,10035915,3247816,3247816,30000674,3247031,3247031,6918824,3245863,3245863,10000272,3244314,3244314,24,3242058,3242058,,,,,,,,,,,,,,,
page_state_probe,warm,basic,11,0,1,0,0,28002,12909,4,4,3,0,130560,45481,43247,43247,6842,41541,41541,32450,40033,40033,1305,38013,38013,60,35424,35424,,,,,,,,,,,,,,,
add_latency,warm,basic,11,0,100000,1,100000,68836,31404,4,4,0,0,300001,101351,49294,49294,300674,48504,48504,70180,47374,47374,100272,45805,45805,20,43510,43510,,,,,,,,,,,,,,,
add_throughput_4,warm,basic,11,0,1000000000,4,4000000000,950145192,432884567,4,4,0,0,12000000004,1346958127,432907154,432907154,6000000685,432907174,432907174,928120864,432906858,432906858,1000000272,432905793,432905793,25,432903964,432903964,,,,,,,,,,,,,,,
add_latency,warm,expanded,11,0,1000000000,1,1000000000,717322552,326811157,4,4,0,0,3000000001,500148178,326897479,161865814,1788916465,326896957,194866141,484688336,326895967,227864346,696674729,326881422,227933689,234,326878565,228932844,1406798590,326865657,229950816,1413032197,326861644,230876151,133156758,326856771,130941382,132565205,326842062,129952137,132072066,326837608,128923299
xor_throughput,warm,basic,11,0,1000000000,8,8000000000,1648759910,751172196,4,4,0,0,0,2340792986,751195643,751195643,10000000703,751195199,751195199,1612433042,751194882,751194882,1000000272,751193466,751193466,24,751191426,751191426,,,,,,,,,,,,,,,
shift_throughput,warm,basic,11,0,1000000000,8,8000000000,3194196852,1455270396,4,4,0,0,0,4514375641,1455293443,1455293443,10000000702,1455302829,1455302829,3123705420,1455302775,1455302775,1000000272,1455301765,1455301765,22,1455299834,1455299834,,,,,,,,,,,,,,,
empty,warm,basic,11,0,10000000,0,0,7087520,3229130,4,4,0,0,0,10035985,3247303,3247303,20000674,3246566,3246566,6918934,3245383,3245383,10000272,3243802,3243802,20,3241568,3241568,,,,,,,,,,,,,,,
imul_throughput_8,warm,basic,12,0,1000000000,8,8000000000,5669635534,2583075647,4,4,0,0,18380974180624777224,8026100324,2583099048,2583099048,10000000702,2583098846,2583098846,5541138878,2583098276,2583098276,1000000272,2583097189,2583097189,25,2583095229,2583095229,,,,,,,,,,,,,,,
xor_break,warm,basic,12,0,1000000000,3,3000000000,707228906,322212248,4,4,0,0,1,1003318531,322232935,322232935,5000000674,322231451,322231451,691031044,322230591,322230591,1000000272,322229267,322229267,27,322227095,322227095,,,,,,,,,,,,,,,
empty,warm,basic,12,0,1000000000,0,0,707433900,322305771,4,4,0,0,0,1003327822,322327424,322327424,2000000674,322326020,322326020,691171822,322325278,322325278,1000000272,322324053,322324053,27,322321823,322321823,,,,,,,,,,,,,,,
add_latency,warm,basic,12,0,1000,1,1000,742,391,4,4,0,0,3001,2326,18254,18254,3674,17427,17427,2046,16325,16325,1272,14669,14669,24,12482,12482,,,,,,,,,,,,,,,
empty,warm,basic,12,0,1000,0,0,756,383,4,4,0,0,0,2404,18263,18263,2674,17460,17460,2156,16373,16373,1272,14751,14751,22,12486,12486,,,,,,,,,,,,,,,
page_state_probe,page_cold,basic,12,0,1,0,0,2250692,1025535,4,4,1027,0,0,746106,1055142,1055142,7866,1053674,1053674,515504,1052029,1052029,2329,1050135,1050135,52,1047520,1047520,,,,,,,,,,,,,,,
add_latency,warm,basic,12,0,10000000,1,10000000,7083020,3227104,4,4,0,0,30000001,10036175,3245322,3245322,30000674,3244530,3244530,6915766,3243423,3243423,10000272,3241801,3241801,22,3239548,3239548,,,,,,,,,,,,,,,
add_throughput_8,warm,basic,12,0,1000000000,8,8000000000,1651617782,752474293,4,4,0,0,24000000008,2341245514,752496616,752496616,10000000702,752496151,752496151,1613001368,752495752,752495752,1000000272,752494543,752494543,22,752492421,752492421,,,,,,,,,,,,,,,
and_zero_control,warm,basic,12,0,1000000000,3,3000000000,3560639808,1622221172,4,4,0,0,1,5015514964,1622244385,1622244385,5000000676,1622243831,1622243831,3484217968,1622243323,1622243323,1000000272,1622242243,1622242243,27,1622240257,1622240257,,,,,,,,,,,,,,,
page_state_probe,cache_evicted,basic,12,0,1,0,0,37570,17341,4,4,3,0,130560,61469,57257,57257,6842,53772,53772,43362,51723,51723,1305,49816,49816,60,47205,47205,,,,,,,,,,,,,,,
add_latency,warm,basic,12,0,100000,1,100000,68798,31392,4,4,0,0,300001,101395,49137,49137,300674,48345,48345,70158,47279,47279,100272,45648,45648,20,43442,43442,,,,,,,,,,,,,,,
xor_throughput,warm,basic,12,0,1000000000,8,8000000000,1659564252,756094718,4,4,0,0,0,2340476266,756117127,756117127,10000000703,756117028,756117028,1624832066,756116613,756116613,1000000272,756115489,756115489,26,756113734,756113734,,,,,,,,,,,,,,,
empty,warm,basic,12,0,100000,0,0,68860,31427,4,4,0,0,0,101383,49275,49275,200674,48316,48316,70048,47179,47179,100272,45587,45587,17,43423,43423,,,,,,,,,,,,,,,
timer_only,warm,none,12,0,1,0,0,70,140,4,4,3,0,1,,,,,,,,,,,,,,,,,,,,,,,,,,,,,,
add_throughput_1,warm,basic,12,0,1000000000,1,1000000000,705649790,321492864,4,4,0,0,3000000001,1003018267,321513070,321513070,3000000676,321512419,321512419,690893236,321511481,321511481,1000000272,321509926,321509926,19,321507647,321507647,,,,,,,,,,,,,,,
add_latency,warm,basic,12,0,1000000000,1,1000000000,706161218,321725893,4,4,0,0,3000000001,1003143927,321746183,321746183,3000000674,321746253,321746253,690841382,321745485,321745485,1000000272,321744259,321744259,23,321742087,321742087,,,,,,,,,,,,,,,
shift_throughput,warm,basic,12,0,1000000000,8,8000000000,3189542668,1453149955,4,4,0,0,0,4512659564,1453173661,1453173661,10000000702,1453173411,1453173411,3122482352,1453173162,1453173162,1000000272,1453172329,1453172329,31,1453170272,1453170272,,,,,,,,,,,,,,,
shift_latency,warm,basic,12,0,1000000000,1,1000000000,702435408,320028341,4,4,0,0,0,1002566962,320047299,320047299,3000000676,320046474,320046474,689895118,320045451,320045451,1000000272,320044004,320044004,27,320041743,320041743,,,,,,,,,,,,,,,
add_throughput_4,warm,basic,12,0,1000000000,4,4000000000,940649978,428558453,4,4,0,0,12000000004,1340715020,428577354,428577354,6000000685,428576328,428576328,922853536,428575167,428575167,1000000272,428573661,428573661,27,428571331,428571331,,,,,,,,,,,,,,,
add_latency,warm,none,12,0,1000000000,1,1000000000,717754008,327007674,4,4,0,0,3000000001,,,,,,,,,,,,,,,,,,,,,,,,,,,,,,
add_latency,warm,expanded,12,0,1000000000,1,1000000000,713527132,325081722,4,4,0,0,3000000001,497253382,325133534,160475502,1784095264,325132333,193473240,483629586,325130850,226467921,699022125,325128963,227482057,237,325126363,228474202,1410097523,325123088,229139222,1410418661,325119091,229117835,132726312,325114364,129655093,131971468,325109321,128657628,131570455,325104721,127985551
add_throughput_2,warm,basic,12,0,1000000000,2,2000000000,705972552,321639861,4,4,0,0,6000000002,1005629849,321658649,321658649,4000000681,321657956,321657956,692325216,321656921,321656921,1000000272,321655350,321655350,25,321653112,321653112,,,,,,,,,,,,,,,
empty,warm,basic,12,0,10000000,0,0,7157262,3260904,4,4,0,0,0,10047403,3278901,3278901,20000674,3278372,3278372,6931584,3277278,3277278,10000272,3275661,3275661,23,3273436,3273436,,,,,,,,,,,,,,,
page_state_probe,warm,basic,12,0,1,0,0,54306,24928,4,4,3,0,130560,50829,55331,55331,6842,54305,54305,38522,52898,52898,1305,51188,51188,62,48787,48787,,,,,,,,,,,,,,,
imul_latency,warm,basic,12,0,1000000000,1,1000000000,2233704463,1017671934,4,4,0,0,9215150800219179009,3004892227,1017697188,1017697188,3000000674,1017697158,1017697158,2210334632,1017697205,1017697205,1000000272,1017695959,1017695959,26,1017693541,1017693541,,,,,,,,,,,,,,,
add_throughput_1,warm,basic,13,0,1000000000,1,1000000000,899479562,409801628,4,4,0,0,3000000001,1195704036,409829171,409829171,3000000676,409828261,409828261,897474314,409827228,409827228,1000000272,409825771,409825771,34,409822830,409822830,,,,,,,,,,,,,,,
timer_only,warm,none,13,0,1,0,0,61,172,4,4,3,0,1,,,,,,,,,,,,,,,,,,,,,,,,,,,,,,
page_state_probe,warm,basic,13,0,1,0,0,30300,14014,4,4,3,0,130560,45392,51214,51214,6842,47956,47956,35728,46104,46104,1305,43918,43918,58,41061,41061,,,,,,,,,,,,,,,
shift_throughput,warm,basic,13,0,1000000000,8,8000000000,3220236250,1467133894,4,4,0,0,0,4515426196,1467161517,1467161517,10000000702,1467159722,1467159722,3144428210,1467158809,1467158809,1000000272,1467157278,1467157278,28,1467154151,1467154151,,,,,,,,,,,,,,,
empty,warm,basic,13,0,10000000,0,0,7093548,3231885,4,4,0,0,0,10036049,3250247,3250247,20000674,3249537,3249537,6917790,3248537,3248537,10000272,3246935,3246935,24,3244712,3244712,,,,,,,,,,,,,,,
add_latency,warm,expanded,13,0,1000000000,1,1000000000,718195312,327208796,4,4,0,0,3000000001,500025829,327262499,162261671,1786268702,327262286,195263711,484977592,327261462,228268861,696860385,327260214,228255194,237,327257895,228400943,1403951896,327254756,229385917,1408326251,327250762,230385840,133930302,327245955,131878464,133147850,327241283,130857476,132591939,327236937,129877197
add_latency,warm,basic,13,0,1000,1,1000,732,382,4,4,0,0,3001,2426,18166,18166,3674,17299,17299,2090,16223,16223,1272,14672,14672,20,12448,12448,,,,,,,,,,,,,,,
empty,warm,basic,13,0,100000,0,0,68868,31424,4,4,0,0,0,101479,49183,49183,200674,48422,48422,70224,47317,47317,100272,45714,45714,25,43469,43469,,,,,,,,,,,,,,,
page_state_probe,page_cold,basic,13,0,1,0,0,2359092,1074947,4,4,1027,0,0,746496,1105921,1105921,7866,1104079,1104079,517396,1102195,1102195,2329,1100193,1100193,60,1097603,1097603,,,,,,,,,,,,,,,
add_latency,warm,none,13,0,1000000000,1,1000000000,708284122,322693256,4,4,0,0,3000000001,,,,,,,,,,,,,,,,,,,,,,,,,,,,,,
add_throughput_2,warm,basic,13,0,1000000000,2,2000000000,709887524,323423681,4,4,0,0,6000000002,1006435016,323447331,323447331,4000000681,323445951,323445951,693472692,323445359,323445359,1000000272,323444317,323444317,26,323442329,323442329,,,,,,,,,,,,,,,
add_latency,warm,basic,13,0,100000,1,100000,68800,31396,4,4,0,0,300001,101283,49149,49149,300674,48406,48406,70092,47287,47287,100272,45703,45703,18,43450,43450,,,,,,,,,,,,,,,
xor_break,warm,basic,13,0,1000000000,3,3000000000,707670830,322413829,4,4,0,0,1,1003285010,322436065,322436065,5000000674,322435818,322435818,691775458,322435370,322435370,1000000272,322434239,322434239,22,322432369,322432369,,,,,,,,,,,,,,,
shift_latency,warm,basic,13,0,1000000000,1,1000000000,708125724,322621029,4,4,0,0,0,1003405789,322643938,322643938,3000000676,322643568,322643568,691907678,322643140,322643140,1000000272,322642327,322642327,30,322640518,322640518,,,,,,,,,,,,,,,
imul_latency,warm,basic,13,0,1000000000,1,1000000000,2121923842,966744926,4,4,0,0,9215150800219179009,3009780330,966767556,966767556,3000000674,966767244,966767244,2073950846,966776469,966776469,1000000272,966775391,966775391,25,966773500,966773500,,,,,,,,,,,,,,,
xor_throughput,warm,basic,13,0,1000000000,8,8000000000,1652148536,752716094,4,4,0,0,0,2341182708,752738561,752738561,10000000703,752738187,752738187,1613865726,752737971,752737971,1000000272,752737081,752737081,26,752735343,752735343,,,,,,,,,,,,,,,
add_throughput_8,warm,basic,13,0,1000000000,8,8000000000,1775613254,808966452,4,4,0,0,24000000008,2502479646,808989516,808989516,10000000702,808988932,808988932,1736317594,808988579,808988579,1000000272,808987308,808987308,33,808985553,808985553,,,,,,,,,,,,,,,
add_throughput_4,warm,basic,13,0,1000000000,4,4000000000,948385518,432083088,4,4,0,0,12000000004,1345189836,432106613,432106613,6000000685,432106515,432106515,927186502,432105982,432105982,1000000272,432104210,432104210,31,432101789,432101789,,,,,,,,,,,,,,,
page_state_probe,cache_evicted,basic,13,0,1,0,0,35956,16762,4,4,3,0,130560,59627,56965,56965,6842,54302,54302,42438,51983,51983,1305,50057,50057,54,47494,47494,,,,,,,,,,,,,,,
empty,warm,basic,13,0,1000000000,0,0,706882612,322054541,4,4,0,0,0,1003271852,322074844,322074844,2000000674,322073834,322073834,690833374,322072696,322072696,1000000272,322071285,322071285,28,322069643,322069643,,,,,,,,,,,,,,,
add_latency,warm,basic,13,0,10000000,1,10000000,7132234,3249505,4,4,0,0,30000001,10043528,3267747,3267747,30000674,3266960,3266960,6925754,3265868,3265868,10000272,3264212,3264212,23,3261935,3261935,,,,,,,,,,,,,,,
imul_throughput_8,warm,basic,13,0,1000000000,8,8000000000,5675044352,2585539910,4,4,0,0,18380974180624777224,8026422012,2585563520,2585563520,10000000702,2585563252,2585563252,5544581482,2585562685,2585562685,1000000272,2585561329,2585561329,25,2585559399,2585559399,,,,,,,,,,,,,,,
and_zero_control,warm,basic,13,0,1000000000,3,3000000000,3536031356,1611009571,4,4,0,0,1,5016364238,1611033131,1611033131,5000000676,1611032805,1611032805,3455613876,1611032260,1611032260,1000000272,1611031225,1611031225,22,1611029399,1611029399,,,,,,,,,,,,,,,
add_latency,warm,basic,13,0,1000000000,1,1000000000,726551940,331016085,4,4,0,0,3000000001,1015866543,331038792,331038792,3000000674,331039465,331039465,711504750,331038849,331038849,1000000272,331037672,331037672,39,331035639,331035639,,,,,,,,,,,,,,,
empty,warm,basic,13,0,1000,0,0,816,417,4,4,0,0,0,2410,18393,18393,2674,17544,17544,2178,16450,16450,1272,14805,14805,27,12565,12565,,,,,,,,,,,,,,,
add_latency,warm,none,14,0,1000000000,1,1000000000,709135036,323080871,4,4,0,0,3000000001,,,,,,,,,,,,,,,,,,,,,,,,,,,,,,
empty,warm,basic,14,0,100000,0,0,68822,31416,4,4,0,0,0,101471,49422,49422,200674,48631,48631,70246,47450,47450,100272,45856,45856,20,43608,43608,,,,,,,,,,,,,,,
shift_latency,warm,basic,14,0,1000000000,1,1000000000,708450094,322768809,4,4,0,0,0,1003514505,322789948,322789948,3000000676,322789873,322789873,691681870,322789451,322789451,1000000272,322788209,322788209,24,322786147,322786147,,,,,,,,,,,,,,,
page_state_probe,warm,basic,14,0,1,0,0,25498,11756,4,4,3,0,130560,41924,45543,45543,6842,42122,42122,29700,40254,40254,1305,38346,38346,50,35727,35727,,,,,,,,,,,,,,,
xor_break,warm,basic,14,0,1000000000,3,3000000000,714918976,325716107,4,4,0,0,1,1003310652,325748964,325748964,5000000674,325749556,325749556,698968380,325749321,325749321,1000000272,325737699,325737699,24,325735768,325735768,,,,,,,,,,,,,,,
add_throughput_2,warm,basic,14,0,1000000000,2,2000000000,712743704,324725036,4,4,0,0,6000000002,1006898685,324747822,324747822,4000000681,324748174,324748174,694892792,324747910,324747910,1000000272,324746782,324746782,28,324744795,324744795,,,,,,,,,,,,,,,
add_latency,warm,basic,14,0,100000,1,100000,68806,31389,4,4,0,0,300001,101249,49358,49358,300674,48590,48590,70026,47406,47406,100272,45748,45748,19,43462,43462,,,,,,,,,,,,,,,
add_latency,warm,basic,14,0,10000000,1,10000000,7227996,3293145,4,4,0,0,30000001,10058880,3312144,3312144,30000674,3311389,3311389,6946126,3310279,3310279,10000272,3308928,3308928,28,3306708,3306708,,,,,,,,,,,,,,,
imul_throughput_8,warm,basic,14,0,1000000000,8,8000000000,5672195010,2584241705,4,4,0,0,18380974180624777224,8026048524,2584264941,2584264941,10000000702,2584274199,2584274199,5543911208,2584273469,2584273469,1000000272,2584272174,2584272174,23,2584270234,2584270234,,,,,,,,,,,,,,,
page_state_probe,page_cold,basic,14,0,1,0,0,2230740,1016453,4,4,1027,0,0,750029,1049777,1049777,7866,1046105,1046105,518980,1044333,1044333,2329,1042521,1042521,54,1039860,1039860,,,,,,,,,,,,,,,
imul_latency,warm,basic,14,0,1000000000,1,1000000000,2123774818,967588173,4,4,0,0,9215150800219179009,3010004973,967610915,967610915,3000000674,967611286,967611286,2074664790,967610695,967610695,1000000272,967609721,967609721,26,967608040,967608040,,,,,,,,,,,,,,,
and_zero_control,warm,basic,14,0,1000000000,3,3000000000,3546764724,1615899750,4,4,0,0,1,5015912049,1615922249,1615922249,5000000676,1615922084,1615922084,3468465088,1615921802,1615921802,1000000272,1615920670,1615920670,25,1615918387,1615918387,,,,,,,,,,,,,,,
add_latency,warm,basic,14,0,1000,1,1000,800,429,4,4,0,0,3001,2544,18383,18383,3674,17515,17515,2266,16369,16369,1272,14794,14794,22,12666,12666,,,,,,,,,,,,,,,
page_state_probe,cache_evicted,basic,14,0,1,0,0,37540,17291,4,4,3,0,130560,62064,88765,88765,6842,75058,75058,44308,72511,72511,1305,70011,70011,59,66776,66776,,,,,,,,,,,,,,,
empty,warm,basic,14,0,1000,0,0,788,412,4,4,0,0,0,2512,18244,18244,2674,17440,17440,2178,16384,16384,1272,14762,14762,27,12534,12534,,,,,,,,,,,,,,,
add_throughput_8,warm,basic,14,0,1000000000,8,8000000000,1650294780,751871578,4,4,0,0,24000000008,2340989847,751893787,751893787,10000000702,751894612,751894612,1612988938,751894018,751894018,1000000272,751892742,751892742,27,751890850,751890850,,,,,,,,,,,,,,,
add_throughput_1,warm,basic,14,0,1000000000,1,1000000000,729377752,332303573,4,4,0,0,3000000001,1019309007,332337877,332337877,3000000676,332338302,332338302,714083678,332337669,332337669,1000000272,332325712,332325712,36,332323462,332323462,,,,,,,,,,,,,,,
timer_only,warm,none,14,0,1,0,0,70,128,4,4,3,0,1,,,,,,,,,,,,,,,,,,,,,,,,,,,,,,
shift_throughput,warm,basic,14,0,1000000000,8,8000000000,3193169114,1454802138,4,4,0,0,0,4514411108,1454825715,1454825715,10000000702,1454824792,1454824792,3122236172,1454824704,1454824704,1000000272,1454823486,1454823486,23,1454821149,1454821149,,,,,,,,,,,,,,,
add_latency,warm,basic,14,0,1000000000,1,1000000000,706521124,321889975,4,4,0,0,3000000001,1003180441,321911146,321911146,3000000674,321910338,321910338,690972920,321909789,321909789,1000000272,321909054,321909054,23,321907464,321907464,,,,,,,,,,,,,,,
add_throughput_4,warm,basic,14,0,1000000000,4,4000000000,960300382,437511407,4,4,0,0,12000000004,1347024196,437533129,437533129,6000000685,437533925,437533925,939896584,437533779,437533779,1000000272,437533003,437533003,26,437531087,437531087,,,,,,,,,,,,,,,
add_latency,warm,expanded,14,0,1000000000,1,1000000000,718516712,327355149,4,4,0,0,3000000001,500970365,327410866,162377948,1792569065,327411375,195378542,485601314,327410490,228376913,698140810,327408745,228399543,236,327406112,228418603,1402220527,327402420,229454653,1408209023,327397918,230425105,133594851,327393103,131991649,133137249,327388284,130986164,132756325,327383938,129956966
empty,warm,basic,14,0,1000000000,0,0,708838144,322945687,4,4,0,0,0,1003314100,322966810,322966810,2000000674,322968511,322968511,693075240,322968299,322968299,1000000272,322967110,322967110,33,322965472,322965472,,,,,,,,,,,,,,,
xor_throughput,warm,basic,14,0,1000000000,8,8000000000,1648117602,750879648,4,4,0,0,0,2340717918,750902369,750902369,10000000703,750902484,750902484,1612185146,750902219,750902219,1000000272,750901261,750901261,28,750899548,750899548,,,,,,,,,,,,,,,
empty,warm,basic,14,0,10000000,0,0,7107616,3238296,4,4,0,0,0,10035947,3275763,3275763,20000674,3265262,3265262,6918846,3264095,3264095,10000272,3262307,3262307,24,3250668,3250668,,,,,,,,,,,,,,,
