round,sample_id,variant,footprint_bytes,passes,target_operations,shuffle_key
1,r01-o01-gcc13_prefetch-6291456,gcc13_prefetch,6291456,102,10000000,0121193505
1,r01-o02-gcc13_prefetch-36864,gcc13_prefetch,36864,173612,100000000,0153768444
1,r01-o03-gcc13_no_prefetch-1048576,gcc13_no_prefetch,1048576,1221,20000000,0328102030
1,r01-o04-gcc13_no_prefetch-32768,gcc13_no_prefetch,32768,195313,100000000,0349056586
1,r01-o05-gcc13_no_prefetch-6291456,gcc13_no_prefetch,6291456,102,10000000,0386225427
1,r01-o06-gcc13_no_prefetch-536870912,gcc13_no_prefetch,536870912,1,4000000,0443292937
1,r01-o07-gcc13_prefetch-262144,gcc13_prefetch,262144,9766,40000000,0846759907
1,r01-o08-gcc13_no_prefetch-36864,gcc13_no_prefetch,36864,173612,100000000,0853076292
1,r01-o09-gcc13_no_prefetch-262144,gcc13_no_prefetch,262144,9766,40000000,0891217446
1,r01-o10-gcc13_prefetch-8388608,gcc13_prefetch,8388608,62,8000000,1182047110
1,r01-o11-gcc13_prefetch-1048576,gcc13_prefetch,1048576,1221,20000000,1564919162
1,r01-o12-gcc13_prefetch-536870912,gcc13_prefetch,536870912,1,4000000,1645578420
1,r01-o13-gcc13_prefetch-32768,gcc13_prefetch,32768,195313,100000000,1669733490
1,r01-o14-gcc13_no_prefetch-8388608,gcc13_no_prefetch,8388608,62,8000000,2103029667
2,r02-o01-gcc13_no_prefetch-8388608,gcc13_no_prefetch,8388608,62,8000000,0120478140
2,r02-o02-gcc13_prefetch-536870912,gcc13_prefetch,536870912,1,4000000,0214579864
2,r02-o03-gcc13_prefetch-36864,gcc13_prefetch,36864,173612,100000000,0276179925
2,r02-o04-gcc13_prefetch-32768,gcc13_prefetch,32768,195313,100000000,0282656108
2,r02-o05-gcc13_no_prefetch-1048576,gcc13_no_prefetch,1048576,1221,20000000,0372096274
2,r02-o06-gcc13_no_prefetch-536870912,gcc13_no_prefetch,536870912,1,4000000,0670985663
2,r02-o07-gcc13_prefetch-262144,gcc13_prefetch,262144,9766,40000000,0917007465
2,r02-o08-gcc13_no_prefetch-262144,gcc13_no_prefetch,262144,9766,40000000,0934411051
2,r02-o09-gcc13_no_prefetch-6291456,gcc13_no_prefetch,6291456,102,10000000,1063834277
2,r02-o10-gcc13_no_prefetch-32768,gcc13_no_prefetch,32768,195313,100000000,1129379877
2,r02-o11-gcc13_prefetch-1048576,gcc13_prefetch,1048576,1221,20000000,1356804880
2,r02-o12-gcc13_prefetch-8388608,gcc13_prefetch,8388608,62,8000000,1715418003
2,r02-o13-gcc13_no_prefetch-36864,gcc13_no_prefetch,36864,173612,100000000,2050162746
2,r02-o14-gcc13_prefetch-6291456,gcc13_prefetch,6291456,102,10000000,2053502393
3,r03-o01-gcc13_prefetch-8388608,gcc13_prefetch,8388608,62,8000000,0101305249
3,r03-o02-gcc13_no_prefetch-8388608,gcc13_no_prefetch,8388608,62,8000000,0285410260
3,r03-o03-gcc13_prefetch-36864,gcc13_prefetch,36864,173612,100000000,0398591406
3,r03-o04-gcc13_no_prefetch-1048576,gcc13_no_prefetch,1048576,1221,20000000,0416090518
3,r03-o05-gcc13_no_prefetch-536870912,gcc13_no_prefetch,536870912,1,4000000,0898678389
3,r03-o06-gcc13_prefetch-536870912,gcc13_prefetch,536870912,1,4000000,0931064955
3,r03-o07-gcc13_no_prefetch-262144,gcc13_no_prefetch,262144,9766,40000000,0977604656
3,r03-o08-gcc13_prefetch-262144,gcc13_prefetch,262144,9766,40000000,0987255023
3,r03-o09-gcc13_prefetch-32768,gcc13_prefetch,32768,195313,100000000,1043062373
3,r03-o10-gcc13_no_prefetch-36864,gcc13_no_prefetch,36864,173612,100000000,1099765553
3,r03-o11-gcc13_prefetch-1048576,gcc13_prefetch,1048576,1221,20000000,1148690598
3,r03-o12-gcc13_no_prefetch-6291456,gcc13_no_prefetch,6291456,102,10000000,1741443127
3,r03-o13-gcc13_prefetch-6291456,gcc13_prefetch,6291456,102,10000000,1838327634
3,r03-o14-gcc13_no_prefetch-32768,gcc13_no_prefetch,32768,195313,100000000,1909703168
4,r04-o01-gcc13_no_prefetch-36864,gcc13_no_prefetch,36864,173612,100000000,0149368360
4,r04-o02-gcc13_no_prefetch-6291456,gcc13_no_prefetch,6291456,102,10000000,0271568330
4,r04-o03-gcc13_no_prefetch-8388608,gcc13_no_prefetch,8388608,62,8000000,0450342380
4,r04-o04-gcc13_no_prefetch-1048576,gcc13_no_prefetch,1048576,1221,20000000,0460084762
4,r04-o05-gcc13_prefetch-36864,gcc13_prefetch,36864,173612,100000000,0521002887
4,r04-o06-gcc13_no_prefetch-32768,gcc13_no_prefetch,32768,195313,100000000,0542542812
4,r04-o07-gcc13_prefetch-8388608,gcc13_prefetch,8388608,62,8000000,0634676142
4,r04-o08-gcc13_prefetch-1048576,gcc13_prefetch,1048576,1221,20000000,0940576316
4,r04-o09-gcc13_no_prefetch-262144,gcc13_no_prefetch,262144,9766,40000000,1020798261
4,r04-o10-gcc13_prefetch-262144,gcc13_prefetch,262144,9766,40000000,1057502581
4,r04-o11-gcc13_no_prefetch-536870912,gcc13_no_prefetch,536870912,1,4000000,1126371115
4,r04-o12-gcc13_prefetch-6291456,gcc13_prefetch,6291456,102,10000000,1623152875
4,r04-o13-gcc13_prefetch-536870912,gcc13_prefetch,536870912,1,4000000,1647550046
4,r04-o14-gcc13_prefetch-32768,gcc13_prefetch,32768,195313,100000000,1803468638
5,r05-o01-gcc13_prefetch-536870912,gcc13_prefetch,536870912,1,4000000,0216551490
5,r05-o02-gcc13_prefetch-32768,gcc13_prefetch,32768,195313,100000000,0416391256
5,r05-o03-gcc13_no_prefetch-1048576,gcc13_no_prefetch,1048576,1221,20000000,0504079006
5,r05-o04-gcc13_no_prefetch-8388608,gcc13_no_prefetch,8388608,62,8000000,0615274500
5,r05-o05-gcc13_prefetch-36864,gcc13_prefetch,36864,173612,100000000,0643414368
5,r05-o06-gcc13_prefetch-1048576,gcc13_prefetch,1048576,1221,20000000,0732462034
5,r05-o07-gcc13_no_prefetch-6291456,gcc13_no_prefetch,6291456,102,10000000,0949177180
5,r05-o08-gcc13_no_prefetch-262144,gcc13_no_prefetch,262144,9766,40000000,1063991866
5,r05-o09-gcc13_prefetch-262144,gcc13_prefetch,262144,9766,40000000,1127750139
5,r05-o10-gcc13_prefetch-8388608,gcc13_prefetch,8388608,62,8000000,1168047035
5,r05-o11-gcc13_no_prefetch-32768,gcc13_no_prefetch,32768,195313,100000000,1322866103
5,r05-o12-gcc13_no_prefetch-36864,gcc13_no_prefetch,36864,173612,100000000,1346454814
5,r05-o13-gcc13_no_prefetch-536870912,gcc13_no_prefetch,536870912,1,4000000,1354063841
5,r05-o14-gcc13_prefetch-6291456,gcc13_prefetch,6291456,102,10000000,1407978116
6,r06-o01-gcc13_no_prefetch-36864,gcc13_no_prefetch,36864,173612,100000000,0396057621
6,r06-o02-gcc13_prefetch-1048576,gcc13_prefetch,1048576,1221,20000000,0524347752
6,r06-o03-gcc13_no_prefetch-1048576,gcc13_no_prefetch,1048576,1221,20000000,0548073250
6,r06-o04-gcc13_prefetch-36864,gcc13_prefetch,36864,173612,100000000,0765825849
6,r06-o05-gcc13_no_prefetch-8388608,gcc13_no_prefetch,8388608,62,8000000,0780206620
6,r06-o06-gcc13_prefetch-536870912,gcc13_prefetch,536870912,1,4000000,0933036581
6,r06-o07-gcc13_no_prefetch-262144,gcc13_no_prefetch,262144,9766,40000000,1107185471
6,r06-o08-gcc13_prefetch-32768,gcc13_prefetch,32768,195313,100000000,1176797521
6,r06-o09-gcc13_prefetch-6291456,gcc13_prefetch,6291456,102,10000000,1192803357
6,r06-o10-gcc13_prefetch-262144,gcc13_prefetch,262144,9766,40000000,1197997697
6,r06-o11-gcc13_no_prefetch-536870912,gcc13_no_prefetch,536870912,1,4000000,1581756567
6,r06-o12-gcc13_no_prefetch-6291456,gcc13_no_prefetch,6291456,102,10000000,1626786030
6,r06-o13-gcc13_prefetch-8388608,gcc13_prefetch,8388608,62,8000000,1701417928
6,r06-o14-gcc13_no_prefetch-32768,gcc13_no_prefetch,32768,195313,100000000,2103189394
7,r07-o01-gcc13_prefetch-8388608,gcc13_prefetch,8388608,62,8000000,0087305174
7,r07-o02-gcc13_no_prefetch-6291456,gcc13_no_prefetch,6291456,102,10000000,0156911233
7,r07-o03-gcc13_prefetch-1048576,gcc13_prefetch,1048576,1221,20000000,0316233470
7,r07-o04-gcc13_no_prefetch-1048576,gcc13_no_prefetch,1048576,1221,20000000,0592067494
7,r07-o05-gcc13_no_prefetch-32768,gcc13_no_prefetch,32768,195313,100000000,0736029038
7,r07-o06-gcc13_prefetch-36864,gcc13_prefetch,36864,173612,100000000,0888237330
7,r07-o07-gcc13_no_prefetch-8388608,gcc13_no_prefetch,8388608,62,8000000,0945138740
7,r07-o08-gcc13_prefetch-6291456,gcc13_prefetch,6291456,102,10000000,0977628598
7,r07-o09-gcc13_no_prefetch-262144,gcc13_no_prefetch,262144,9766,40000000,1150379076
7,r07-o10-gcc13_prefetch-262144,gcc13_prefetch,262144,9766,40000000,1268245255
7,r07-o11-gcc13_no_prefetch-36864,gcc13_no_prefetch,36864,173612,100000000,1593144075
7,r07-o12-gcc13_prefetch-536870912,gcc13_prefetch,536870912,1,4000000,1649521672
7,r07-o13-gcc13_no_prefetch-536870912,gcc13_no_prefetch,536870912,1,4000000,1809449293
7,r07-o14-gcc13_prefetch-32768,gcc13_prefetch,32768,195313,100000000,1937203786
8,r08-o01-gcc13_prefetch-1048576,gcc13_prefetch,1048576,1221,20000000,0108119188
8,r08-o02-gcc13_prefetch-536870912,gcc13_prefetch,536870912,1,4000000,0218523116
8,r08-o03-gcc13_prefetch-32768,gcc13_prefetch,32768,195313,100000000,0550126404
8,r08-o04-gcc13_prefetch-8388608,gcc13_prefetch,8388608,62,8000000,0620676067
8,r08-o05-gcc13_no_prefetch-1048576,gcc13_no_prefetch,1048576,1221,20000000,0636061738
8,r08-o06-gcc13_no_prefetch-36864,gcc13_no_prefetch,36864,173612,100000000,0642746882
8,r08-o07-gcc13_prefetch-6291456,gcc13_prefetch,6291456,102,10000000,0762453839
8,r08-o08-gcc13_no_prefetch-6291456,gcc13_no_prefetch,6291456,102,10000000,0834520083
8,r08-o09-gcc13_prefetch-36864,gcc13_prefetch,36864,173612,100000000,1010648811
8,r08-o10-gcc13_no_prefetch-8388608,gcc13_no_prefetch,8388608,62,8000000,1110070860
8,r08-o11-gcc13_no_prefetch-262144,gcc13_no_prefetch,262144,9766,40000000,1193572681
8,r08-o12-gcc13_prefetch-262144,gcc13_prefetch,262144,9766,40000000,1338492813
8,r08-o13-gcc13_no_prefetch-32768,gcc13_no_prefetch,32768,195313,100000000,1516352329
8,r08-o14-gcc13_no_prefetch-536870912,gcc13_no_prefetch,536870912,1,4000000,2037142019
9,r09-o01-gcc13_no_prefetch-536870912,gcc13_no_prefetch,536870912,1,4000000,0117351098
9,r09-o02-gcc13_no_prefetch-32768,gcc13_no_prefetch,32768,195313,100000000,0149191973
9,r09-o03-gcc13_prefetch-6291456,gcc13_prefetch,6291456,102,10000000,0547279080
9,r09-o04-gcc13_no_prefetch-1048576,gcc13_no_prefetch,1048576,1221,20000000,0680055982
9,r09-o05-gcc13_prefetch-536870912,gcc13_prefetch,536870912,1,4000000,0935008207
9,r09-o06-gcc13_prefetch-36864,gcc13_prefetch,36864,173612,100000000,1133060292
9,r09-o07-gcc13_prefetch-8388608,gcc13_prefetch,8388608,62,8000000,1154046960
9,r09-o08-gcc13_no_prefetch-262144,gcc13_no_prefetch,262144,9766,40000000,1236766286
9,r09-o09-gcc13_no_prefetch-8388608,gcc13_no_prefetch,8388608,62,8000000,1275002980
9,r09-o10-gcc13_prefetch-32768,gcc13_prefetch,32768,195313,100000000,1310532669
9,r09-o11-gcc13_prefetch-262144,gcc13_prefetch,262144,9766,40000000,1408740371
9,r09-o12-gcc13_no_prefetch-6291456,gcc13_no_prefetch,6291456,102,10000000,1512128933
9,r09-o13-gcc13_no_prefetch-36864,gcc13_no_prefetch,36864,173612,100000000,1839833336
9,r09-o14-gcc13_prefetch-1048576,gcc13_prefetch,1048576,1221,20000000,2047488553
10,r10-o01-gcc13_no_prefetch-6291456,gcc13_no_prefetch,6291456,102,10000000,0042254136
10,r10-o02-gcc13_prefetch-6291456,gcc13_prefetch,6291456,102,10000000,0332104321
10,r10-o03-gcc13_no_prefetch-536870912,gcc13_no_prefetch,536870912,1,4000000,0345043824
10,r10-o04-gcc13_no_prefetch-1048576,gcc13_no_prefetch,1048576,1221,20000000,0724050226
10,r10-o05-gcc13_no_prefetch-36864,gcc13_no_prefetch,36864,173612,100000000,0889436143
10,r10-o06-gcc13_no_prefetch-32768,gcc13_no_prefetch,32768,195313,100000000,0929515264
10,r10-o07-gcc13_prefetch-36864,gcc13_prefetch,36864,173612,100000000,1255471773
10,r10-o08-gcc13_no_prefetch-262144,gcc13_no_prefetch,262144,9766,40000000,1279959891
10,r10-o09-gcc13_no_prefetch-8388608,gcc13_no_prefetch,8388608,62,8000000,1439935100
10,r10-o10-gcc13_prefetch-262144,gcc13_prefetch,262144,9766,40000000,1478987929
10,r10-o11-gcc13_prefetch-536870912,gcc13_prefetch,536870912,1,4000000,1651493298
10,r10-o12-gcc13_prefetch-8388608,gcc13_prefetch,8388608,62,8000000,1687417853
10,r10-o13-gcc13_prefetch-1048576,gcc13_prefetch,1048576,1221,20000000,1839374271
10,r10-o14-gcc13_prefetch-32768,gcc13_prefetch,32768,195313,100000000,2070938934
11,r11-o01-gcc13_prefetch-8388608,gcc13_prefetch,8388608,62,8000000,0073305099
11,r11-o02-gcc13_prefetch-6291456,gcc13_prefetch,6291456,102,10000000,0116929562
11,r11-o03-gcc13_prefetch-536870912,gcc13_prefetch,536870912,1,4000000,0220494742
11,r11-o04-gcc13_no_prefetch-536870912,gcc13_no_prefetch,536870912,1,4000000,0572736550
11,r11-o05-gcc13_prefetch-32768,gcc13_prefetch,32768,195313,100000000,0683861552
11,r11-o06-gcc13_no_prefetch-6291456,gcc13_no_prefetch,6291456,102,10000000,0719862986
11,r11-o07-gcc13_no_prefetch-1048576,gcc13_no_prefetch,1048576,1221,20000000,0768044470
11,r11-o08-gcc13_no_prefetch-262144,gcc13_no_prefetch,262144,9766,40000000,1323153496
11,r11-o09-gcc13_prefetch-36864,gcc13_prefetch,36864,173612,100000000,1377883254
11,r11-o10-gcc13_prefetch-262144,gcc13_prefetch,262144,9766,40000000,1549235487
11,r11-o11-gcc13_no_prefetch-8388608,gcc13_no_prefetch,8388608,62,8000000,1604867220
11,r11-o12-gcc13_prefetch-1048576,gcc13_prefetch,1048576,1221,20000000,1631259989
11,r11-o13-gcc13_no_prefetch-32768,gcc13_no_prefetch,32768,195313,100000000,1709838555
11,r11-o14-gcc13_no_prefetch-36864,gcc13_no_prefetch,36864,173612,100000000,2086522597
12,r12-o01-gcc13_no_prefetch-32768,gcc13_no_prefetch,32768,195313,100000000,0342678199
12,r12-o02-gcc13_prefetch-8388608,gcc13_prefetch,8388608,62,8000000,0606675992
12,r12-o03-gcc13_no_prefetch-536870912,gcc13_no_prefetch,536870912,1,4000000,0800429276
12,r12-o04-gcc13_no_prefetch-1048576,gcc13_no_prefetch,1048576,1221,20000000,0812038714
12,r12-o05-gcc13_prefetch-536870912,gcc13_prefetch,536870912,1,4000000,0936979833
12,r12-o06-gcc13_no_prefetch-36864,gcc13_no_prefetch,36864,173612,100000000,1136125404
12,r12-o07-gcc13_no_prefetch-262144,gcc13_no_prefetch,262144,9766,40000000,1366347101
12,r12-o08-gcc13_no_prefetch-6291456,gcc13_no_prefetch,6291456,102,10000000,1397471836
12,r12-o09-gcc13_prefetch-1048576,gcc13_prefetch,1048576,1221,20000000,1423145707
12,r12-o10-gcc13_prefetch-32768,gcc13_prefetch,32768,195313,100000000,1444267817
12,r12-o11-gcc13_prefetch-36864,gcc13_prefetch,36864,173612,100000000,1500294735
12,r12-o12-gcc13_prefetch-262144,gcc13_prefetch,262144,9766,40000000,1619483045
12,r12-o13-gcc13_no_prefetch-8388608,gcc13_no_prefetch,8388608,62,8000000,1769799340
12,r12-o14-gcc13_prefetch-6291456,gcc13_prefetch,6291456,102,10000000,2049238450
13,r13-o01-gcc13_prefetch-32768,gcc13_prefetch,32768,195313,100000000,0057190435
13,r13-o02-gcc13_no_prefetch-36864,gcc13_no_prefetch,36864,173612,100000000,0185728211
13,r13-o03-gcc13_no_prefetch-1048576,gcc13_no_prefetch,1048576,1221,20000000,0856032958
13,r13-o04-gcc13_no_prefetch-536870912,gcc13_no_prefetch,536870912,1,4000000,1028122002
13,r13-o05-gcc13_no_prefetch-32768,gcc13_no_prefetch,32768,195313,100000000,1123001490
13,r13-o06-gcc13_prefetch-8388608,gcc13_prefetch,8388608,62,8000000,1140046885
13,r13-o07-gcc13_prefetch-1048576,gcc13_prefetch,1048576,1221,20000000,1215031425
13,r13-o08-gcc13_no_prefetch-262144,gcc13_no_prefetch,262144,9766,40000000,1409540706
13,r13-o09-gcc13_prefetch-36864,gcc13_prefetch,36864,173612,100000000,1622706216
13,r13-o10-gcc13_prefetch-536870912,gcc13_prefetch,536870912,1,4000000,1653464924
13,r13-o11-gcc13_prefetch-262144,gcc13_prefetch,262144,9766,40000000,1689730603
13,r13-o12-gcc13_prefetch-6291456,gcc13_prefetch,6291456,102,10000000,1834063691
13,r13-o13-gcc13_no_prefetch-8388608,gcc13_no_prefetch,8388608,62,8000000,1934731460
13,r13-o14-gcc13_no_prefetch-6291456,gcc13_no_prefetch,6291456,102,10000000,2075080686
14,r14-o01-gcc13_prefetch-536870912,gcc13_prefetch,536870912,1,4000000,0222466368
14,r14-o02-gcc13_no_prefetch-6291456,gcc13_no_prefetch,6291456,102,10000000,0605205889
14,r14-o03-gcc13_prefetch-32768,gcc13_prefetch,32768,195313,100000000,0817596700
14,r14-o04-gcc13_no_prefetch-1048576,gcc13_no_prefetch,1048576,1221,20000000,0900027202
14,r14-o05-gcc13_prefetch-1048576,gcc13_prefetch,1048576,1221,20000000,1006917143
14,r14-o06-gcc13_no_prefetch-536870912,gcc13_no_prefetch,536870912,1,4000000,1255814728
14,r14-o07-gcc13_no_prefetch-36864,gcc13_no_prefetch,36864,173612,100000000,1382814665
14,r14-o08-gcc13_no_prefetch-262144,gcc13_no_prefetch,262144,9766,40000000,1452734311
14,r14-o09-gcc13_prefetch-6291456,gcc13_prefetch,6291456,102,10000000,1618888932
14,r14-o10-gcc13_prefetch-8388608,gcc13_prefetch,8388608,62,8000000,1673417778
14,r14-o11-gcc13_prefetch-36864,gcc13_prefetch,36864,173612,100000000,1745117697
14,r14-o12-gcc13_prefetch-262144,gcc13_prefetch,262144,9766,40000000,1759978161
14,r14-o13-gcc13_no_prefetch-32768,gcc13_no_prefetch,32768,195313,100000000,1903324781
14,r14-o14-gcc13_no_prefetch-8388608,gcc13_no_prefetch,8388608,62,8000000,2099663580
15,r15-o01-gcc13_prefetch-8388608,gcc13_prefetch,8388608,62,8000000,0059305024
15,r15-o02-gcc13_no_prefetch-8388608,gcc13_no_prefetch,8388608,62,8000000,0117112053
15,r15-o03-gcc13_no_prefetch-36864,gcc13_no_prefetch,36864,173612,100000000,0432417472
15,r15-o04-gcc13_no_prefetch-32768,gcc13_no_prefetch,32768,195313,100000000,0536164425
15,r15-o05-gcc13_prefetch-1048576,gcc13_prefetch,1048576,1221,20000000,0798802861
15,r15-o06-gcc13_prefetch-536870912,gcc13_prefetch,536870912,1,4000000,0938951459
15,r15-o07-gcc13_no_prefetch-1048576,gcc13_no_prefetch,1048576,1221,20000000,0944021446
15,r15-o08-gcc13_no_prefetch-6291456,gcc13_no_prefetch,6291456,102,10000000,1282814739
15,r15-o09-gcc13_prefetch-6291456,gcc13_prefetch,6291456,102,10000000,1403714173
15,r15-o10-gcc13_no_prefetch-536870912,gcc13_no_prefetch,536870912,1,4000000,1483507454
15,r15-o11-gcc13_no_prefetch-262144,gcc13_no_prefetch,262144,9766,40000000,1495927916
15,r15-o12-gcc13_prefetch-32768,gcc13_prefetch,32768,195313,100000000,1578002965
15,r15-o13-gcc13_prefetch-262144,gcc13_prefetch,262144,9766,40000000,1830225719
15,r15-o14-gcc13_prefetch-36864,gcc13_prefetch,36864,173612,100000000,1867529178
