sample_id,round,variant,footprint_bytes,passes,operations,elapsed_ns,checksum,expected_checksum,pmu_cycles,pmu_instructions,pmu_ref_cycles,pmu_time_enabled,pmu_time_running,pmu_available
r01-o01-gcc13_prefetch-6291456,1,gcc13_prefetch,6291456,102,10027008,513237385,21549733755203228,21549733755203228,1126518121,120324379,1126518096,513270905,513270905,1
r01-o02-gcc13_prefetch-36864,1,gcc13_prefetch,36864,173612,100000512,875133352,221395076082124221,221395076082124221,1920849268,1200006427,1920849260,875160650,875160650,1
r01-o03-gcc13_no_prefetch-1048576,1,gcc13_no_prefetch,1048576,1221,20004864,423936549,43272497840938563,43272497840938563,930508914,180044059,930508920,423962962,423962962,1
r01-o04-gcc13_no_prefetch-32768,1,gcc13_no_prefetch,32768,195313,100000256,368094149,221271359518073939,221271359518073939,807939812,900002587,807939858,368121503,368121503,1
r01-o05-gcc13_no_prefetch-6291456,1,gcc13_no_prefetch,6291456,102,10027008,474720323,21549733755203228,21549733755203228,1041975183,90243355,1041975154,474748723,474748723,1
r01-o06-gcc13_no_prefetch-536870912,1,gcc13_no_prefetch,536870912,1,8388608,833394549,18012249170480756,18012249170480756,1829236590,75497755,1829236596,833428850,833428850,1
r01-o07-gcc13_prefetch-262144,1,gcc13_prefetch,262144,9766,40001536,616682286,86445885965269521,86445885965269521,1353570153,480018715,1353570174,616709297,616709297,1
r01-o08-gcc13_no_prefetch-36864,1,gcc13_no_prefetch,36864,173612,100000512,723399064,221395076082124221,221395076082124221,1587804533,900004891,1587804526,723426289,723426289,1
r01-o09-gcc13_no_prefetch-262144,1,gcc13_no_prefetch,262144,9766,40001536,565106988,86445885965269521,86445885965269521,1240366584,360014107,1240366578,565134038,565134038,1
r01-o10-gcc13_prefetch-8388608,1,gcc13_prefetch,8388608,62,8126464,464147228,17462239205602153,17462239205602153,1018768452,97517851,1018768454,464176615,464176615,1
r01-o11-gcc13_prefetch-1048576,1,gcc13_prefetch,1048576,1221,20004864,422544290,43272497840938563,43272497840938563,927453306,240058651,927453318,422571680,422571680,1
r01-o12-gcc13_prefetch-536870912,1,gcc13_prefetch,536870912,1,8388608,898720086,18012249170480756,18012249170480756,1972620417,100663579,1972620386,898752999,898752999,1
r01-o13-gcc13_prefetch-32768,1,gcc13_prefetch,32768,195313,100000256,340128377,221271359518073939,221271359518073939,746557183,1200003355,746557152,340156540,340156540,1
r01-o14-gcc13_no_prefetch-8388608,1,gcc13_no_prefetch,8388608,62,8126464,546615280,17462239205602153,17462239205602153,1199778937,73138459,1199778932,546644917,546644917,1
r02-o01-gcc13_no_prefetch-8388608,2,gcc13_no_prefetch,8388608,62,8126464,464285807,17462239205602153,17462239205602153,1019072387,73138459,1019072384,464314883,464314883,1
r02-o02-gcc13_prefetch-536870912,2,gcc13_prefetch,536870912,1,8388608,910373081,18012249170480756,18012249170480756,1998197610,100663579,1998197586,910406435,910406435,1
r02-o03-gcc13_prefetch-36864,2,gcc13_prefetch,36864,173612,100000512,875182775,221395076082124221,221395076082124221,1920957033,1200006427,1920957038,875210472,875210472,1
r02-o04-gcc13_prefetch-32768,2,gcc13_prefetch,32768,195313,100000256,339928103,221271359518073939,221271359518073939,746117484,1200003355,746117482,339954440,339954440,1
r02-o05-gcc13_no_prefetch-1048576,2,gcc13_no_prefetch,1048576,1221,20004864,425217472,43272497840938563,43272497840938563,933320607,180044059,933320608,425243411,425243411,1
r02-o06-gcc13_no_prefetch-536870912,2,gcc13_no_prefetch,536870912,1,8388608,830457640,18012249170480756,18012249170480756,1822790612,75497755,1822790596,830491132,830491132,1
r02-o07-gcc13_prefetch-262144,2,gcc13_prefetch,262144,9766,40001536,634213363,86445885965269521,86445885965269521,1392049434,480018715,1392049450,634240919,634240919,1
r02-o08-gcc13_no_prefetch-262144,2,gcc13_no_prefetch,262144,9766,40001536,424934673,86445885965269521,86445885965269521,932700256,360014107,932700230,424961953,424961953,1
r02-o09-gcc13_no_prefetch-6291456,2,gcc13_no_prefetch,6291456,102,10027008,459350518,21549733755203228,21549733755203228,1007380390,90243357,1007380396,459044742,459044742,1
r02-o10-gcc13_no_prefetch-32768,2,gcc13_no_prefetch,32768,195313,100000256,367821021,221271359518073939,221271359518073939,807340112,900002587,807340094,367848053,367848053,1
r02-o11-gcc13_prefetch-1048576,2,gcc13_prefetch,1048576,1221,20004864,421322017,43272497840938563,43272497840938563,924770604,240058651,924770638,421349277,421349277,1
r02-o12-gcc13_prefetch-8388608,2,gcc13_prefetch,8388608,62,8126464,487563627,17462239205602153,17462239205602153,1070165789,97517851,1070165822,487593406,487593406,1
r02-o13-gcc13_no_prefetch-36864,2,gcc13_no_prefetch,36864,173612,100000512,722451565,221395076082124221,221395076082124221,1585713970,900004892,1585714020,722479270,722479270,1
r02-o14-gcc13_prefetch-6291456,2,gcc13_prefetch,6291456,102,10027008,470835869,21549733755203228,21549733755203228,1033449389,120324379,1033449362,470866045,470866045,1
r03-o01-gcc13_prefetch-8388608,3,gcc13_prefetch,8388608,62,8126464,452262622,17462239205602153,17462239205602153,992682820,97517851,992682834,452292436,452292436,1
r03-o02-gcc13_no_prefetch-8388608,3,gcc13_no_prefetch,8388608,62,8126464,428496088,17462239205602153,17462239205602153,940517209,73138459,940517226,428526097,428526097,1
r03-o03-gcc13_prefetch-36864,3,gcc13_prefetch,36864,173612,100000512,875186420,221395076082124221,221395076082124221,1920965408,1200006427,1920965398,875213865,875213865,1
r03-o04-gcc13_no_prefetch-1048576,3,gcc13_no_prefetch,1048576,1221,20004864,422980768,43272497840938563,43272497840938563,928411296,180044059,928411286,423008724,423008724,1
r03-o05-gcc13_no_prefetch-536870912,3,gcc13_no_prefetch,536870912,1,8388608,841937248,18012249170480756,18012249170480756,1847986387,75497755,1847986404,841969639,841969639,1
r03-o06-gcc13_prefetch-536870912,3,gcc13_prefetch,536870912,1,8388608,903758840,18012249170480756,18012249170480756,1983680002,100663579,1983680006,903791792,903791792,1
r03-o07-gcc13_no_prefetch-262144,3,gcc13_no_prefetch,262144,9766,40001536,408653428,86445885965269521,86445885965269521,896963993,360014107,896964002,408680682,408680682,1
r03-o08-gcc13_prefetch-262144,3,gcc13_prefetch,262144,9766,40001536,589135542,86445885965269521,86445885965269521,1293107483,480018715,1293107464,589162907,589162907,1
r03-o09-gcc13_prefetch-32768,3,gcc13_prefetch,32768,195313,100000256,339938795,221271359518073939,221271359518073939,746140991,1200003355,746140956,339964786,339964786,1
r03-o10-gcc13_no_prefetch-36864,3,gcc13_no_prefetch,36864,173612,100000512,722282661,221395076082124221,221395076082124221,1585353972,900004891,1585353968,722309015,722309015,1
r03-o11-gcc13_prefetch-1048576,3,gcc13_prefetch,1048576,1221,20004864,419501507,43272497840938563,43272497840938563,920774757,240058651,920774778,419529139,419529139,1
r03-o12-gcc13_no_prefetch-6291456,3,gcc13_no_prefetch,6291456,102,10027008,444076569,21549733755203228,21549733755203228,974715181,90243355,974715192,444108310,444108310,1
r03-o13-gcc13_prefetch-6291456,3,gcc13_prefetch,6291456,102,10027008,453437197,21549733755203228,21549733755203228,995260921,120324379,995260926,453466657,453466657,1
r03-o14-gcc13_no_prefetch-32768,3,gcc13_no_prefetch,32768,195313,100000256,367748878,221271359518073939,221271359518073939,807181982,900002587,807181980,367775731,367775731,1
r04-o01-gcc13_no_prefetch-36864,4,gcc13_no_prefetch,36864,173612,100000512,722833493,221395076082124221,221395076082124221,1586563192,900004891,1586563176,722860720,722860720,1
r04-o02-gcc13_no_prefetch-6291456,4,gcc13_no_prefetch,6291456,102,10027008,521731202,21549733755203228,21549733755203228,1145160771,90243355,1145160786,521762113,521762113,1
r04-o03-gcc13_no_prefetch-8388608,4,gcc13_no_prefetch,8388608,62,8126464,433229562,17462239205602153,17462239205602153,950906647,73138459,950906660,433258848,433258848,1
r04-o04-gcc13_no_prefetch-1048576,4,gcc13_no_prefetch,1048576,1221,20004864,422788524,43272497840938563,43272497840938563,927989391,180044059,927989392,422815723,422815723,1
r04-o05-gcc13_prefetch-36864,4,gcc13_prefetch,36864,173612,100000512,875269483,221395076082124221,221395076082124221,1921147545,1200006427,1921147536,875296916,875296916,1
r04-o06-gcc13_no_prefetch-32768,4,gcc13_no_prefetch,32768,195313,100000256,366501153,221271359518073939,221271359518073939,804443041,900002587,804443046,366526953,366526953,1
r04-o07-gcc13_prefetch-8388608,4,gcc13_prefetch,8388608,62,8126464,458924429,17462239205602153,17462239205602153,1007305318,97517851,1007305332,458955288,458955288,1
r04-o08-gcc13_prefetch-1048576,4,gcc13_prefetch,1048576,1221,20004864,421749170,43272497840938563,43272497840938563,925708181,240058651,925708168,421777273,421777273,1
r04-o09-gcc13_no_prefetch-262144,4,gcc13_no_prefetch,262144,9766,40001536,570684418,86445885965269521,86445885965269521,1252608427,360014107,1252608478,570710818,570710818,1
r04-o10-gcc13_prefetch-262144,4,gcc13_prefetch,262144,9766,40001536,456414677,86445885965269521,86445885965269521,1001796345,480018715,1001796334,456441602,456441602,1
r04-o11-gcc13_no_prefetch-536870912,4,gcc13_no_prefetch,536870912,1,8388608,832853082,18012249170480756,18012249170480756,1828048575,75497755,1828048552,832886903,832886903,1
r04-o12-gcc13_prefetch-6291456,4,gcc13_prefetch,6291456,102,10027008,562372874,21549733755203228,21549733755203228,1234339666,120324382,1234339634,562402336,562402336,1
r04-o13-gcc13_prefetch-536870912,4,gcc13_prefetch,536870912,1,8388608,897562216,18012249170480756,18012249170480756,1970079477,100663579,1970079496,897595911,897595911,1
r04-o14-gcc13_prefetch-32768,4,gcc13_prefetch,32768,195313,100000256,340784557,221271359518073939,221271359518073939,747998112,1200003355,747998086,340812838,340812838,1
r05-o01-gcc13_prefetch-536870912,5,gcc13_prefetch,536870912,1,8388608,897847965,18012249170480756,18012249170480756,1970707276,100663579,1970707288,897882630,897882630,1
r05-o02-gcc13_prefetch-32768,5,gcc13_prefetch,32768,195313,100000256,342419930,221271359518073939,221271359518073939,751587237,1200003355,751587232,342447375,342447375,1
r05-o03-gcc13_no_prefetch-1048576,5,gcc13_no_prefetch,1048576,1221,20004864,443733900,43272497840938563,43272497840938563,973962948,180044059,973962924,443763282,443763282,1
r05-o04-gcc13_no_prefetch-8388608,5,gcc13_no_prefetch,8388608,62,8126464,671368748,17462239205602153,17462239205602153,1473603304,73138459,1473603296,671402427,671402427,1
r05-o05-gcc13_prefetch-36864,5,gcc13_prefetch,36864,173612,100000512,875180162,221395076082124221,221395076082124221,1920951600,1200006427,1920951626,875208317,875208317,1
r05-o06-gcc13_prefetch-1048576,5,gcc13_prefetch,1048576,1221,20004864,467683703,43272497840938563,43272497840938563,1026530516,240058651,1026530494,467711962,467711962,1
r05-o07-gcc13_no_prefetch-6291456,5,gcc13_no_prefetch,6291456,102,10027008,787542533,21549733755203228,21549733755203228,1728595054,90243355,1728595044,787575317,787575317,1
r05-o08-gcc13_no_prefetch-262144,5,gcc13_no_prefetch,262144,9766,40001536,580228125,86445885965269521,86445885965269521,1273556222,360014107,1273556196,580256756,580256756,1
r05-o09-gcc13_prefetch-262144,5,gcc13_prefetch,262144,9766,40001536,456666280,86445885965269521,86445885965269521,1002348376,480018715,1002348358,456693526,456693526,1
r05-o10-gcc13_prefetch-8388608,5,gcc13_prefetch,8388608,62,8126464,686088696,17462239205602153,17462239205602153,1505911318,97517851,1505911330,686118686,686118686,1
r05-o11-gcc13_no_prefetch-32768,5,gcc13_no_prefetch,32768,195313,100000256,390914318,221271359518073939,221271359518073939,858028346,900002587,858028358,390942214,390942214,1
r05-o12-gcc13_no_prefetch-36864,5,gcc13_no_prefetch,36864,173612,100000512,723463108,221395076082124221,221395076082124221,1587945093,900004891,1587945084,723490000,723490000,1
r05-o13-gcc13_no_prefetch-536870912,5,gcc13_no_prefetch,536870912,1,8388608,839954553,18012249170480756,18012249170480756,1843634848,75497755,1843634870,839986641,839986641,1
r05-o14-gcc13_prefetch-6291456,5,gcc13_prefetch,6291456,102,10027008,473634132,21549733755203228,21549733755203228,1039592322,120324379,1039592312,473665299,473665299,1
r06-o01-gcc13_no_prefetch-36864,6,gcc13_no_prefetch,36864,173612,100000512,723121313,221395076082124221,221395076082124221,1587194898,900004891,1587194906,723147752,723147752,1
r06-o02-gcc13_prefetch-1048576,6,gcc13_prefetch,1048576,1221,20004864,422665324,43272497840938563,43272497840938563,927718999,240058651,927719034,422692583,422692583,1
r06-o03-gcc13_no_prefetch-1048576,6,gcc13_no_prefetch,1048576,1221,20004864,419244539,43272497840938563,43272497840938563,920210589,180044059,920210566,419271708,419271708,1
r06-o04-gcc13_prefetch-36864,6,gcc13_prefetch,36864,173612,100000512,875277124,221395076082124221,221395076082124221,1921164229,1200006427,1921164234,875305147,875305147,1
r06-o05-gcc13_no_prefetch-8388608,6,gcc13_no_prefetch,8388608,62,8126464,464126834,17462239205602153,17462239205602153,1018723669,73138459,1018723640,464156558,464156558,1
r06-o06-gcc13_prefetch-536870912,6,gcc13_prefetch,536870912,1,8388608,899016061,18012249170480756,18012249170480756,1973270452,100663579,1973270442,899050533,899050533,1
r06-o07-gcc13_no_prefetch-262144,6,gcc13_no_prefetch,262144,9766,40001536,294884251,86445885965269521,86445885965269521,647250158,360014107,647250142,294911445,294911445,1
r06-o08-gcc13_prefetch-32768,6,gcc13_prefetch,32768,195313,100000256,340721763,221271359518073939,221271359518073939,747859602,1200003355,747859574,340749227,340749227,1
r06-o09-gcc13_prefetch-6291456,6,gcc13_prefetch,6291456,102,10027008,474248113,21549733755203228,21549733755203228,1040939365,120324379,1040939394,474279194,474279194,1
r06-o10-gcc13_prefetch-262144,6,gcc13_prefetch,262144,9766,40001536,411910492,86445885965269521,86445885965269521,904112974,480018715,904112968,411937245,411937245,1
r06-o11-gcc13_no_prefetch-536870912,6,gcc13_no_prefetch,536870912,1,8388608,844671883,18012249170480756,18012249170480756,1853989334,75497755,1853989324,844705796,844705796,1
r06-o12-gcc13_no_prefetch-6291456,6,gcc13_no_prefetch,6291456,102,10027008,453291609,21549733755203228,21549733755203228,994940893,90243355,994940892,453320436,453320436,1
r06-o13-gcc13_prefetch-8388608,6,gcc13_prefetch,8388608,62,8126464,472849539,17462239205602153,17462239205602153,1037869375,97517851,1037869382,472879064,472879064,1
r06-o14-gcc13_no_prefetch-32768,6,gcc13_no_prefetch,32768,195313,100000256,366885680,221271359518073939,221271359518073939,805287060,900002587,805287032,366912190,366912190,1
r07-o01-gcc13_prefetch-8388608,7,gcc13_prefetch,8388608,62,8126464,563823701,17462239205602153,17462239205602153,1237550073,97517851,1237550072,563852608,563852608,1
r07-o02-gcc13_no_prefetch-6291456,7,gcc13_no_prefetch,6291456,102,10027008,442468570,21549733755203228,21549733755203228,971185742,90243355,971185710,442499148,442499148,1
r07-o03-gcc13_prefetch-1048576,7,gcc13_prefetch,1048576,1221,20004864,419968922,43272497840938563,43272497840938563,921800852,240058651,921800880,419997235,419997235,1
r07-o04-gcc13_no_prefetch-1048576,7,gcc13_no_prefetch,1048576,1221,20004864,420022147,43272497840938563,43272497840938563,921917341,180044059,921917348,420049015,420049015,1
r07-o05-gcc13_no_prefetch-32768,7,gcc13_no_prefetch,32768,195313,100000256,366590578,221271359518073939,221271359518073939,804639453,900002587,804639462,366617256,366617256,1
r07-o06-gcc13_prefetch-36864,7,gcc13_prefetch,36864,173612,100000512,875256957,221395076082124221,221395076082124221,1921119980,1200006427,1921120014,875283270,875283270,1
r07-o07-gcc13_no_prefetch-8388608,7,gcc13_no_prefetch,8388608,62,8126464,459274812,17462239205602153,17462239205602153,1008073877,73138459,1008073902,459304517,459304517,1
r07-o08-gcc13_prefetch-6291456,7,gcc13_prefetch,6291456,102,10027008,452147850,21549733755203228,21549733755203228,992430655,120324379,992430626,452177716,452177716,1
r07-o09-gcc13_no_prefetch-262144,7,gcc13_no_prefetch,262144,9766,40001536,420437220,86445885965269521,86445885965269521,922828493,360014107,922828478,420464144,420464144,1
r07-o10-gcc13_prefetch-262144,7,gcc13_prefetch,262144,9766,40001536,459811665,86445885965269521,86445885965269521,1009252185,480018715,1009252134,459838226,459838226,1
r07-o11-gcc13_no_prefetch-36864,7,gcc13_no_prefetch,36864,173612,100000512,720387424,221395076082124221,221395076082124221,1581194194,900004891,1581194208,720414508,720414508,1
r07-o12-gcc13_prefetch-536870912,7,gcc13_prefetch,536870912,1,8388608,910673368,18012249170480756,18012249170480756,1998857593,100663579,1998857564,910706274,910706274,1
r07-o13-gcc13_no_prefetch-536870912,7,gcc13_no_prefetch,536870912,1,8388608,832538087,18012249170480756,18012249170480756,1827356390,75497755,1827356388,832571644,832571644,1
r07-o14-gcc13_prefetch-32768,7,gcc13_prefetch,32768,195313,100000256,340587677,221271359518073939,221271359518073939,747565317,1200003355,747565324,340615336,340615336,1
r08-o01-gcc13_prefetch-1048576,8,gcc13_prefetch,1048576,1221,20004864,415951700,43272497840938563,43272497840938563,912983565,240058651,912983566,415979447,415979447,1
r08-o02-gcc13_prefetch-536870912,8,gcc13_prefetch,536870912,1,8388608,903053057,18012249170480756,18012249170480756,1982131334,100663579,1982131360,903086799,903086799,1
r08-o03-gcc13_prefetch-32768,8,gcc13_prefetch,32768,195313,100000256,340365872,221271359518073939,221271359518073939,747078701,1200003355,747078706,340393571,340393571,1
r08-o04-gcc13_prefetch-8388608,8,gcc13_prefetch,8388608,62,8126464,472012656,17462239205602153,17462239205602153,1036032424,97517851,1036032404,472041940,472041940,1
r08-o05-gcc13_no_prefetch-1048576,8,gcc13_no_prefetch,1048576,1221,20004864,422895652,43272497840938563,43272497840938563,928224716,180044059,928224726,422923623,422923623,1
r08-o06-gcc13_no_prefetch-36864,8,gcc13_no_prefetch,36864,173612,100000512,721915984,221395076082124221,221395076082124221,1584549570,900004891,1584549560,721943462,721943462,1
r08-o07-gcc13_prefetch-6291456,8,gcc13_prefetch,6291456,102,10027008,606893359,21549733755203228,21549733755203228,1332084316,120324379,1332084336,606922363,606922363,1
r08-o08-gcc13_no_prefetch-6291456,8,gcc13_no_prefetch,6291456,102,10027008,472157750,21549733755203228,21549733755203228,1036351036,90243355,1036351030,472187750,472187750,1
r08-o09-gcc13_prefetch-36864,8,gcc13_prefetch,36864,173612,100000512,875202819,221395076082124221,221395076082124221,1921001110,1200006427,1921001126,875230166,875230166,1
r08-o10-gcc13_no_prefetch-8388608,8,gcc13_no_prefetch,8388608,62,8126464,509501664,17462239205602153,17462239205602153,1118317620,73138459,1118317618,509530651,509530651,1
r08-o11-gcc13_no_prefetch-262144,8,gcc13_no_prefetch,262144,9766,40001536,376568973,86445885965269521,86445885965269521,826541951,360014107,826541936,376597019,376597019,1
r08-o12-gcc13_prefetch-262144,8,gcc13_prefetch,262144,9766,40001536,458502295,86445885965269521,86445885965269521,1006378124,480018715,1006378098,458529144,458529144,1
r08-o13-gcc13_no_prefetch-32768,8,gcc13_no_prefetch,32768,195313,100000256,366860688,221271359518073939,221271359518073939,805232297,900002587,805232274,366886883,366886883,1
r08-o14-gcc13_no_prefetch-536870912,8,gcc13_no_prefetch,536870912,1,8388608,844924150,18012249170480756,18012249170480756,1854542969,75497755,1854542976,844957465,844957465,1
r09-o01-gcc13_no_prefetch-536870912,9,gcc13_no_prefetch,536870912,1,8388608,842806771,18012249170480756,18012249170480756,1849895153,75497755,1849895146,842838141,842838141,1
r09-o02-gcc13_no_prefetch-32768,9,gcc13_no_prefetch,32768,195313,100000256,366321675,221271359518073939,221271359518073939,804048953,900002587,804048960,366348271,366348271,1
r09-o03-gcc13_prefetch-6291456,9,gcc13_prefetch,6291456,102,10027008,484784748,21549733755203228,21549733755203228,1064066156,120324379,1064066168,484814985,484814985,1
r09-o04-gcc13_no_prefetch-1048576,9,gcc13_no_prefetch,1048576,1221,20004864,422806732,43272497840938563,43272497840938563,928029450,180044059,928029454,422833944,422833944,1
r09-o05-gcc13_prefetch-536870912,9,gcc13_prefetch,536870912,1,8388608,904965946,18012249170480756,18012249170480756,1986329126,100663579,1986329136,904997286,904997286,1
r09-o06-gcc13_prefetch-36864,9,gcc13_prefetch,36864,173612,100000512,875217231,221395076082124221,221395076082124221,1921032648,1200006427,1921032608,875244380,875244380,1
r09-o07-gcc13_prefetch-8388608,9,gcc13_prefetch,8388608,62,8126464,586295887,17462239205602153,17462239205602153,1286874544,97517851,1286874534,586325008,586325008,1
r09-o08-gcc13_no_prefetch-262144,9,gcc13_no_prefetch,262144,9766,40001536,461151737,86445885965269521,86445885965269521,1012193368,360014107,1012193402,461179452,461179452,1
r09-o09-gcc13_no_prefetch-8388608,9,gcc13_no_prefetch,8388608,62,8126464,466075048,17462239205602153,17462239205602153,1023000056,73138459,1023000044,466104626,466104626,1
r09-o10-gcc13_prefetch-32768,9,gcc13_prefetch,32768,195313,100000256,339985778,221271359518073939,221271359518073939,746244104,1200003355,746244136,340012568,340012568,1
r09-o11-gcc13_prefetch-262144,9,gcc13_prefetch,262144,9766,40001536,443635314,86445885965269521,86445885965269521,973746440,480018715,973746422,443662462,443662462,1
r09-o12-gcc13_no_prefetch-6291456,9,gcc13_no_prefetch,6291456,102,10027008,559001207,21549733755203228,21549733755203228,1226965026,90243355,1226965058,559030557,559030557,1
r09-o13-gcc13_no_prefetch-36864,9,gcc13_no_prefetch,36864,173612,100000512,722658987,221395076082124221,221395076082124221,1586180038,900004891,1586180024,722686445,722686445,1
r09-o14-gcc13_prefetch-1048576,9,gcc13_prefetch,1048576,1221,20004864,421750187,43272497840938563,43272497840938563,925710458,240058651,925710456,421776863,421776863,1
r10-o01-gcc13_no_prefetch-6291456,10,gcc13_no_prefetch,6291456,102,10027008,440222228,21549733755203228,21549733755203228,966255290,90243355,966255290,440251532,440251532,1
r10-o02-gcc13_prefetch-6291456,10,gcc13_prefetch,6291456,102,10027008,576726916,21549733755203228,21549733755203228,1265871459,120324379,1265871464,576756837,576756837,1
r10-o03-gcc13_no_prefetch-536870912,10,gcc13_no_prefetch,536870912,1,8388608,833254091,18012249170480756,18012249170480756,1828928154,75497755,1828928112,833286134,833286134,1
r10-o04-gcc13_no_prefetch-1048576,10,gcc13_no_prefetch,1048576,1221,20004864,423475143,43272497840938563,43272497840938563,929496558,180044059,929496568,423502861,423502861,1
r10-o05-gcc13_no_prefetch-36864,10,gcc13_no_prefetch,36864,173612,100000512,723975660,221395076082124221,221395076082124221,1589070041,900004891,1589070032,724002914,724002914,1
r10-o06-gcc13_no_prefetch-32768,10,gcc13_no_prefetch,32768,195313,100000256,366736780,221271359518073939,221271359518073939,804960206,900002587,804960200,366762665,366762665,1
r10-o07-gcc13_prefetch-36864,10,gcc13_prefetch,36864,173612,100000512,875245940,221395076082124221,221395076082124221,1921095919,1200006427,1921095902,875273164,875273164,1
r10-o08-gcc13_no_prefetch-262144,10,gcc13_no_prefetch,262144,9766,40001536,373827626,86445885965269521,86445885965269521,820524316,360014107,820524320,373854377,373854377,1
r10-o09-gcc13_no_prefetch-8388608,10,gcc13_no_prefetch,8388608,62,8126464,465562035,17462239205602153,17462239205602153,1021874154,73138459,1021874128,465591707,465591707,1
r10-o10-gcc13_prefetch-262144,10,gcc13_prefetch,262144,9766,40001536,410809127,86445885965269521,86445885965269521,901695701,480018715,901695696,410835575,410835575,1
r10-o11-gcc13_prefetch-536870912,10,gcc13_prefetch,536870912,1,8388608,907011521,18012249170480756,18012249170480756,1990819181,100663579,1990819182,907043883,907043883,1
r10-o12-gcc13_prefetch-8388608,10,gcc13_prefetch,8388608,62,8126464,473949477,17462239205602153,17462239205602153,1040283431,97517851,1040283420,473979242,473979242,1
r10-o13-gcc13_prefetch-1048576,10,gcc13_prefetch,1048576,1221,20004864,419952633,43272497840938563,43272497840938563,921765033,240058651,921765064,419980083,419980083,1
r10-o14-gcc13_prefetch-32768,10,gcc13_prefetch,32768,195313,100000256,339961318,221271359518073939,221271359518073939,746190387,1200003355,746190368,339987446,339987446,1
r11-o01-gcc13_prefetch-8388608,11,gcc13_prefetch,8388608,62,8126464,564512817,17462239205602153,17462239205602153,1239062574,97517851,1239062594,564541934,564541934,1
r11-o02-gcc13_prefetch-6291456,11,gcc13_prefetch,6291456,102,10027008,478712447,21549733755203228,21549733755203228,1050737908,120324379,1050737908,478741919,478741919,1
r11-o03-gcc13_prefetch-536870912,11,gcc13_prefetch,536870912,1,8388608,909623346,18012249170480756,18012249170480756,1996551815,100663579,1996551788,909656574,909656574,1
r11-o04-gcc13_no_prefetch-536870912,11,gcc13_no_prefetch,536870912,1,8388608,831897031,18012249170480756,18012249170480756,1825949322,75497755,1825949378,831929298,831929298,1
r11-o05-gcc13_prefetch-32768,11,gcc13_prefetch,32768,195313,100000256,340913189,221271359518073939,221271359518073939,748279786,1200003355,748279774,340940737,340940737,1
r11-o06-gcc13_no_prefetch-6291456,11,gcc13_no_prefetch,6291456,102,10027008,441460099,21549733755203228,21549733755203228,968972112,90243355,968972114,441490104,441490104,1
r11-o07-gcc13_no_prefetch-1048576,11,gcc13_no_prefetch,1048576,1221,20004864,421780063,43272497840938563,43272497840938563,925775756,180044059,925775774,421807199,421807199,1
r11-o08-gcc13_no_prefetch-262144,11,gcc13_no_prefetch,262144,9766,40001536,416035385,86445885965269521,86445885965269521,913166801,360014107,913166804,416061199,416061199,1
r11-o09-gcc13_prefetch-36864,11,gcc13_prefetch,36864,173612,100000512,875170768,221395076082124221,221395076082124221,1920930684,1200006427,1920930660,875198235,875198235,1
r11-o10-gcc13_prefetch-262144,11,gcc13_prefetch,262144,9766,40001536,411966594,86445885965269521,86445885965269521,904236109,480018715,904236124,411994345,411994345,1
r11-o11-gcc13_no_prefetch-8388608,11,gcc13_no_prefetch,8388608,62,8126464,441605076,17462239205602153,17462239205602153,969290230,73138459,969290256,441636953,441636953,1
r11-o12-gcc13_prefetch-1048576,11,gcc13_prefetch,1048576,1221,20004864,420779321,43272497840938563,43272497840938563,923579515,240058651,923579492,420806352,420806352,1
r11-o13-gcc13_no_prefetch-32768,11,gcc13_no_prefetch,32768,195313,100000256,366670435,221271359518073939,221271359518073939,804814608,900002587,804814604,366697141,366697141,1
r11-o14-gcc13_no_prefetch-36864,11,gcc13_no_prefetch,36864,173612,100000512,722284948,221395076082124221,221395076082124221,1585359275,900004891,1585359292,722311527,722311527,1
r12-o01-gcc13_no_prefetch-32768,12,gcc13_no_prefetch,32768,195313,100000256,374479876,221271359518073939,221271359518073939,821955792,900002587,821955794,374506011,374506011,1
r12-o02-gcc13_prefetch-8388608,12,gcc13_prefetch,8388608,62,8126464,468611899,17462239205602153,17462239205602153,1028567995,97517851,1028568002,468641362,468641362,1
r12-o03-gcc13_no_prefetch-536870912,12,gcc13_no_prefetch,536870912,1,8388608,841196684,18012249170480756,18012249170480756,1846361423,75497755,1846361462,841231753,841231753,1
r12-o04-gcc13_no_prefetch-1048576,12,gcc13_no_prefetch,1048576,1221,20004864,423278535,43272497840938563,43272497840938563,929064795,180044059,929064818,423305648,423305648,1
r12-o05-gcc13_prefetch-536870912,12,gcc13_prefetch,536870912,1,8388608,909971367,18012249170480756,18012249170480756,1997316421,100663579,1997316420,910005607,910005607,1
r12-o06-gcc13_no_prefetch-36864,12,gcc13_no_prefetch,36864,173612,100000512,721966893,221395076082124221,221395076082124221,1584660872,900004891,1584660858,721994308,721994308,1
r12-o07-gcc13_no_prefetch-262144,12,gcc13_no_prefetch,262144,9766,40001536,547038960,86445885965269521,86445885965269521,1200659547,360014109,1200659548,547065205,547065205,1
r12-o08-gcc13_no_prefetch-6291456,12,gcc13_no_prefetch,6291456,102,10027008,477704228,21549733755203228,21549733755203228,1048525017,90243355,1048524972,477733217,477733217,1
r12-o09-gcc13_prefetch-1048576,12,gcc13_prefetch,1048576,1221,20004864,422266246,43272497840938563,43272497840938563,926843599,240058651,926843610,422294033,422294033,1
r12-o10-gcc13_prefetch-32768,12,gcc13_prefetch,32768,195313,100000256,339898083,221271359518073939,221271359518073939,746051365,1200003355,746051350,339923244,339923244,1
r12-o11-gcc13_prefetch-36864,12,gcc13_prefetch,36864,173612,100000512,875189425,221395076082124221,221395076082124221,1920971589,1200006427,1920971558,875213381,875213381,1
r12-o12-gcc13_prefetch-262144,12,gcc13_prefetch,262144,9766,40001536,456192777,86445885965269521,86445885965269521,1001308932,480018715,1001308924,456218841,456218841,1
r12-o13-gcc13_no_prefetch-8388608,12,gcc13_no_prefetch,8388608,62,8126464,466083353,17462239205602153,17462239205602153,1023018564,73138459,1023018546,466114839,466114839,1
r12-o14-gcc13_prefetch-6291456,12,gcc13_prefetch,6291456,102,10027008,385935152,21549733755203228,21549733755203228,847099260,120324379,847099264,385965636,385965636,1
r13-o01-gcc13_prefetch-32768,13,gcc13_prefetch,32768,195313,100000256,339892691,221271359518073939,221271359518073939,746039952,1200003355,746039954,339917804,339917804,1
r13-o02-gcc13_no_prefetch-36864,13,gcc13_no_prefetch,36864,173612,100000512,723308243,221395076082124221,221395076082124221,1587605157,900004891,1587605162,723334142,723334142,1
r13-o03-gcc13_no_prefetch-1048576,13,gcc13_no_prefetch,1048576,1221,20004864,425361308,43272497840938563,43272497840938563,933636650,180044059,933636638,425388633,425388633,1
r13-o04-gcc13_no_prefetch-536870912,13,gcc13_no_prefetch,536870912,1,8388608,1063412619,18012249170480756,18012249170480756,2334106842,75497755,2334106852,1063445123,1063445123,1
r13-o05-gcc13_no_prefetch-32768,13,gcc13_no_prefetch,32768,195313,100000256,387041596,221271359518073939,221271359518073939,849528226,900002587,849528218,387070317,387070317,1
r13-o06-gcc13_prefetch-8388608,13,gcc13_prefetch,8388608,62,8126464,712850511,17462239205602153,17462239205602153,1564651848,97517851,1564651858,712882410,712882410,1
r13-o07-gcc13_prefetch-1048576,13,gcc13_prefetch,1048576,1221,20004864,443279623,43272497840938563,43272497840938563,972965595,240058651,972965576,443308483,443308483,1
r13-o08-gcc13_no_prefetch-262144,13,gcc13_no_prefetch,262144,9766,40001536,403699610,86445885965269521,86445885965269521,886090738,360014107,886090744,403727142,403727142,1
r13-o09-gcc13_prefetch-36864,13,gcc13_prefetch,36864,173612,100000512,875228291,221395076082124221,221395076082124221,1921057238,1200006427,1921057248,875256607,875256607,1
r13-o10-gcc13_prefetch-536870912,13,gcc13_prefetch,536870912,1,8388608,906864759,18012249170480756,18012249170480756,1990497130,100663579,1990497146,906897427,906897427,1
r13-o11-gcc13_prefetch-262144,13,gcc13_prefetch,262144,9766,40001536,460299640,86445885965269521,86445885965269521,1010323303,480018715,1010323314,460326665,460326665,1
r13-o12-gcc13_prefetch-6291456,13,gcc13_prefetch,6291456,102,10027008,530996656,21549733755203228,21549733755203228,1165497644,120324379,1165497608,531025781,531025781,1
r13-o13-gcc13_no_prefetch-8388608,13,gcc13_no_prefetch,8388608,62,8126464,521278684,17462239205602153,17462239205602153,1144167320,73138459,1144167332,521308756,521308756,1
r13-o14-gcc13_no_prefetch-6291456,13,gcc13_no_prefetch,6291456,102,10027008,445986186,21549733755203228,21549733755203228,978906325,90243355,978906346,446015953,446015953,1
r14-o01-gcc13_prefetch-536870912,14,gcc13_prefetch,536870912,1,8388608,898946943,18012249170480756,18012249170480756,1973118648,100663579,1973118664,898979967,898979967,1
r14-o02-gcc13_no_prefetch-6291456,14,gcc13_no_prefetch,6291456,102,10027008,468533310,21549733755203228,21549733755203228,1028395241,90243355,1028395258,468562738,468562738,1
r14-o03-gcc13_prefetch-32768,14,gcc13_prefetch,32768,195313,100000256,340998168,221271359518073939,221271359518073939,748466515,1200003355,748466510,341025693,341025693,1
r14-o04-gcc13_no_prefetch-1048576,14,gcc13_no_prefetch,1048576,1221,20004864,424628065,43272497840938563,43272497840938563,932027050,180044059,932027030,424655059,424655059,1
r14-o05-gcc13_prefetch-1048576,14,gcc13_prefetch,1048576,1221,20004864,417342928,43272497840938563,43272497840938563,916036696,240058651,916036704,417369871,417369871,1
r14-o06-gcc13_no_prefetch-536870912,14,gcc13_no_prefetch,536870912,1,8388608,840180799,18012249170480756,18012249170480756,1844132694,75497755,1844132708,840215900,840215900,1
r14-o07-gcc13_no_prefetch-36864,14,gcc13_no_prefetch,36864,173612,100000512,721430311,221395076082124221,221395076082124221,1583483179,900004891,1583483176,721457336,721457336,1
r14-o08-gcc13_no_prefetch-262144,14,gcc13_no_prefetch,262144,9766,40001536,556271556,86445885965269521,86445885965269521,1220973383,360014107,1220973402,556298728,556298728,1
r14-o09-gcc13_prefetch-6291456,14,gcc13_prefetch,6291456,102,10027008,542894265,21549733755203228,21549733755203228,1191611550,120324379,1191611564,542923152,542923152,1
r14-o10-gcc13_prefetch-8388608,14,gcc13_prefetch,8388608,62,8126464,490543040,17462239205602153,17462239205602153,1076705395,97517851,1076705410,490573579,490573579,1
r14-o11-gcc13_prefetch-36864,14,gcc13_prefetch,36864,173612,100000512,875220951,221395076082124221,221395076082124221,1921040897,1200006427,1921040902,875248898,875248898,1
r14-o12-gcc13_prefetch-262144,14,gcc13_prefetch,262144,9766,40001536,455309181,86445885965269521,86445885965269521,999369581,480018715,999369580,455335585,455335585,1
r14-o13-gcc13_no_prefetch-32768,14,gcc13_no_prefetch,32768,195313,100000256,373350268,221271359518073939,221271359518073939,819476699,900002587,819476724,373377508,373377508,1
r14-o14-gcc13_no_prefetch-8388608,14,gcc13_no_prefetch,8388608,62,8126464,472660628,17462239205602153,17462239205602153,1037454743,73138459,1037454748,472691736,472691736,1
r15-o01-gcc13_prefetch-8388608,15,gcc13_prefetch,8388608,62,8126464,454579116,17462239205602153,17462239205602153,997767354,97517851,997767364,454607951,454607951,1
r15-o02-gcc13_no_prefetch-8388608,15,gcc13_no_prefetch,8388608,62,8126464,472781365,17462239205602153,17462239205602153,1037719540,73138459,1037719562,472811392,472811392,1
r15-o03-gcc13_no_prefetch-36864,15,gcc13_no_prefetch,36864,173612,100000512,722582911,221395076082124221,221395076082124221,1586013170,900004891,1586013154,722609447,722609447,1
r15-o04-gcc13_no_prefetch-32768,15,gcc13_no_prefetch,32768,195313,100000256,371092095,221271359518073939,221271359518073939,814520206,900002587,814520212,371119428,371119428,1
r15-o05-gcc13_prefetch-1048576,15,gcc13_prefetch,1048576,1221,20004864,421990289,43272497840938563,43272497840938563,926237343,240058651,926237334,422017716,422017716,1
r15-o06-gcc13_prefetch-536870912,15,gcc13_prefetch,536870912,1,8388608,911240585,18012249170480756,18012249170480756,2000102439,100663579,2000102434,911274376,911274376,1
r15-o07-gcc13_no_prefetch-1048576,15,gcc13_no_prefetch,1048576,1221,20004864,425786090,43272497840938563,43272497840938563,934568651,180044059,934568624,425813559,425813559,1
r15-o08-gcc13_no_prefetch-6291456,15,gcc13_no_prefetch,6291456,102,10027008,448498851,21549733755203228,21549733755203228,984421251,90243355,984421240,448527783,448527783,1
r15-o09-gcc13_prefetch-6291456,15,gcc13_prefetch,6291456,102,10027008,448628150,21549733755203228,21549733755203228,984705591,120324379,984705568,448658228,448658228,1
r15-o10-gcc13_no_prefetch-536870912,15,gcc13_no_prefetch,536870912,1,8388608,831338386,18012249170480756,18012249170480756,1824723239,75497755,1824723230,831371329,831371329,1
r15-o11-gcc13_no_prefetch-262144,15,gcc13_no_prefetch,262144,9766,40001536,540650559,86445885965269521,86445885965269521,1186686686,360014107,1186686688,540677739,540677739,1
r15-o12-gcc13_prefetch-32768,15,gcc13_prefetch,32768,195313,100000256,339925445,221271359518073939,221271359518073939,746111667,1200003355,746111652,339951295,339951295,1
r15-o13-gcc13_prefetch-262144,15,gcc13_prefetch,262144,9766,40001536,568164572,86445885965269521,86445885965269521,1247077989,480018715,1247077964,568191572,568191572,1
r15-o14-gcc13_prefetch-36864,15,gcc13_prefetch,36864,173612,100000512,875194958,221395076082124221,221395076082124221,1920983704,1200006427,1920983702,875221849,875221849,1
