add_latency,warm,basic,0,4
add_latency,warm,basic,10,4
add_latency,warm,basic,11,4
add_latency,warm,basic,12,4
add_latency,warm,basic,13,4
add_latency,warm,basic,1,4
add_latency,warm,basic,14,4
add_latency,warm,basic,2,4
add_latency,warm,basic,3,4
add_latency,warm,basic,4,4
add_latency,warm,basic,5,4
add_latency,warm,basic,6,4
add_latency,warm,basic,7,4
add_latency,warm,basic,8,4
add_latency,warm,basic,9,4
add_latency,warm,expanded,0,1
add_latency,warm,expanded,10,1
add_latency,warm,expanded,1,1
add_latency,warm,expanded,11,1
add_latency,warm,expanded,12,1
add_latency,warm,expanded,13,1
add_latency,warm,expanded,14,1
add_latency,warm,expanded,2,1
add_latency,warm,expanded,3,1
add_latency,warm,expanded,4,1
add_latency,warm,expanded,5,1
add_latency,warm,expanded,6,1
add_latency,warm,expanded,7,1
add_latency,warm,expanded,8,1
add_latency,warm,expanded,9,1
add_latency,warm,none,0,1
add_latency,warm,none,10,1
add_latency,warm,none,1,1
add_latency,warm,none,11,1
add_latency,warm,none,12,1
add_latency,warm,none,13,1
add_latency,warm,none,14,1
add_latency,warm,none,2,1
add_latency,warm,none,3,1
add_latency,warm,none,4,1
add_latency,warm,none,5,1
add_latency,warm,none,6,1
add_latency,warm,none,7,1
add_latency,warm,none,8,1
add_latency,warm,none,9,1
add_throughput_1,warm,basic,0,1
add_throughput_1,warm,basic,10,1
add_throughput_1,warm,basic,1,1
add_throughput_1,warm,basic,11,1
add_throughput_1,warm,basic,12,1
add_throughput_1,warm,basic,13,1
add_throughput_1,warm,basic,14,1
add_throughput_1,warm,basic,2,1
add_throughput_1,warm,basic,3,1
add_throughput_1,warm,basic,4,1
add_throughput_1,warm,basic,5,1
add_throughput_1,warm,basic,6,1
add_throughput_1,warm,basic,7,1
add_throughput_1,warm,basic,8,1
add_throughput_1,warm,basic,9,1
add_throughput_2,warm,basic,0,1
add_throughput_2,warm,basic,10,1
add_throughput_2,warm,basic,1,1
add_throughput_2,warm,basic,11,1
add_throughput_2,warm,basic,12,1
add_throughput_2,warm,basic,13,1
add_throughput_2,warm,basic,14,1
add_throughput_2,warm,basic,2,1
add_throughput_2,warm,basic,3,1
add_throughput_2,warm,basic,4,1
add_throughput_2,warm,basic,5,1
add_throughput_2,warm,basic,6,1
add_throughput_2,warm,basic,7,1
add_throughput_2,warm,basic,8,1
add_throughput_2,warm,basic,9,1
add_throughput_4,warm,basic,0,1
add_throughput_4,warm,basic,10,1
add_throughput_4,warm,basic,1,1
add_throughput_4,warm,basic,11,1
add_throughput_4,warm,basic,12,1
add_throughput_4,warm,basic,13,1
add_throughput_4,warm,basic,14,1
add_throughput_4,warm,basic,2,1
add_throughput_4,warm,basic,3,1
add_throughput_4,warm,basic,4,1
add_throughput_4,warm,basic,5,1
add_throughput_4,warm,basic,6,1
add_throughput_4,warm,basic,7,1
add_throughput_4,warm,basic,8,1
add_throughput_4,warm,basic,9,1
add_throughput_8,warm,basic,0,1
add_throughput_8,warm,basic,10,1
add_throughput_8,warm,basic,1,1
add_throughput_8,warm,basic,11,1
add_throughput_8,warm,basic,12,1
add_throughput_8,warm,basic,13,1
add_throughput_8,warm,basic,14,1
add_throughput_8,warm,basic,2,1
add_throughput_8,warm,basic,3,1
add_throughput_8,warm,basic,4,1
add_throughput_8,warm,basic,5,1
add_throughput_8,warm,basic,6,1
add_throughput_8,warm,basic,7,1
add_throughput_8,warm,basic,8,1
add_throughput_8,warm,basic,9,1
and_zero_control,warm,basic,0,1
and_zero_control,warm,basic,10,1
and_zero_control,warm,basic,1,1
and_zero_control,warm,basic,11,1
and_zero_control,warm,basic,12,1
and_zero_control,warm,basic,13,1
and_zero_control,warm,basic,14,1
and_zero_control,warm,basic,2,1
and_zero_control,warm,basic,3,1
and_zero_control,warm,basic,4,1
and_zero_control,warm,basic,5,1
and_zero_control,warm,basic,6,1
and_zero_control,warm,basic,7,1
and_zero_control,warm,basic,8,1
and_zero_control,warm,basic,9,1
empty,warm,basic,0,4
empty,warm,basic,10,4
empty,warm,basic,11,4
empty,warm,basic,12,4
empty,warm,basic,13,4
empty,warm,basic,1,4
empty,warm,basic,14,4
empty,warm,basic,2,4
empty,warm,basic,3,4
empty,warm,basic,4,4
empty,warm,basic,5,4
empty,warm,basic,6,4
empty,warm,basic,7,4
empty,warm,basic,8,4
empty,warm,basic,9,4
imul_latency,warm,basic,0,1
imul_latency,warm,basic,10,1
imul_latency,warm,basic,1,1
imul_latency,warm,basic,11,1
imul_latency,warm,basic,12,1
imul_latency,warm,basic,13,1
imul_latency,warm,basic,14,1
imul_latency,warm,basic,2,1
imul_latency,warm,basic,3,1
imul_latency,warm,basic,4,1
imul_latency,warm,basic,5,1
imul_latency,warm,basic,6,1
imul_latency,warm,basic,7,1
imul_latency,warm,basic,8,1
imul_latency,warm,basic,9,1
imul_throughput_8,warm,basic,0,1
imul_throughput_8,warm,basic,10,1
imul_throughput_8,warm,basic,1,1
imul_throughput_8,warm,basic,11,1
imul_throughput_8,warm,basic,12,1
imul_throughput_8,warm,basic,13,1
imul_throughput_8,warm,basic,14,1
imul_throughput_8,warm,basic,2,1
imul_throughput_8,warm,basic,3,1
imul_throughput_8,warm,basic,4,1
imul_throughput_8,warm,basic,5,1
imul_throughput_8,warm,basic,6,1
imul_throughput_8,warm,basic,7,1
imul_throughput_8,warm,basic,8,1
imul_throughput_8,warm,basic,9,1
page_state_probe,cache_evicted,basic,0,1
page_state_probe,cache_evicted,basic,10,1
page_state_probe,cache_evicted,basic,1,1
page_state_probe,cache_evicted,basic,11,1
page_state_probe,cache_evicted,basic,12,1
page_state_probe,cache_evicted,basic,13,1
page_state_probe,cache_evicted,basic,14,1
page_state_probe,cache_evicted,basic,2,1
page_state_probe,cache_evicted,basic,3,1
page_state_probe,cache_evicted,basic,4,1
page_state_probe,cache_evicted,basic,5,1
page_state_probe,cache_evicted,basic,6,1
page_state_probe,cache_evicted,basic,7,1
page_state_probe,cache_evicted,basic,8,1
page_state_probe,cache_evicted,basic,9,1
page_state_probe,page_cold,basic,0,1
page_state_probe,page_cold,basic,10,1
page_state_probe,page_cold,basic,1,1
page_state_probe,page_cold,basic,11,1
page_state_probe,page_cold,basic,12,1
page_state_probe,page_cold,basic,13,1
page_state_probe,page_cold,basic,14,1
page_state_probe,page_cold,basic,2,1
page_state_probe,page_cold,basic,3,1
page_state_probe,page_cold,basic,4,1
page_state_probe,page_cold,basic,5,1
page_state_probe,page_cold,basic,6,1
page_state_probe,page_cold,basic,7,1
page_state_probe,page_cold,basic,8,1
page_state_probe,page_cold,basic,9,1
page_state_probe,warm,basic,0,1
page_state_probe,warm,basic,10,1
page_state_probe,warm,basic,1,1
page_state_probe,warm,basic,11,1
page_state_probe,warm,basic,12,1
page_state_probe,warm,basic,13,1
page_state_probe,warm,basic,14,1
page_state_probe,warm,basic,2,1
page_state_probe,warm,basic,3,1
page_state_probe,warm,basic,4,1
page_state_probe,warm,basic,5,1
page_state_probe,warm,basic,6,1
page_state_probe,warm,basic,7,1
page_state_probe,warm,basic,8,1
page_state_probe,warm,basic,9,1
shift_latency,warm,basic,0,1
shift_latency,warm,basic,10,1
shift_latency,warm,basic,1,1
shift_latency,warm,basic,11,1
shift_latency,warm,basic,12,1
shift_latency,warm,basic,13,1
shift_latency,warm,basic,14,1
shift_latency,warm,basic,2,1
shift_latency,warm,basic,3,1
shift_latency,warm,basic,4,1
shift_latency,warm,basic,5,1
shift_latency,warm,basic,6,1
shift_latency,warm,basic,7,1
shift_latency,warm,basic,8,1
shift_latency,warm,basic,9,1
shift_throughput,warm,basic,0,1
shift_throughput,warm,basic,10,1
shift_throughput,warm,basic,1,1
shift_throughput,warm,basic,11,1
shift_throughput,warm,basic,12,1
shift_throughput,warm,basic,13,1
shift_throughput,warm,basic,14,1
shift_throughput,warm,basic,2,1
shift_throughput,warm,basic,3,1
shift_throughput,warm,basic,4,1
shift_throughput,warm,basic,5,1
shift_throughput,warm,basic,6,1
shift_throughput,warm,basic,7,1
shift_throughput,warm,basic,8,1
shift_throughput,warm,basic,9,1
timer_only,warm,none,0,1
timer_only,warm,none,10,1
timer_only,warm,none,1,1
timer_only,warm,none,11,1
timer_only,warm,none,12,1
timer_only,warm,none,13,1
timer_only,warm,none,14,1
timer_only,warm,none,2,1
timer_only,warm,none,3,1
timer_only,warm,none,4,1
timer_only,warm,none,5,1
timer_only,warm,none,6,1
timer_only,warm,none,7,1
timer_only,warm,none,8,1
timer_only,warm,none,9,1
xor_break,warm,basic,0,1
xor_break,warm,basic,10,1
xor_break,warm,basic,1,1
xor_break,warm,basic,11,1
xor_break,warm,basic,12,1
xor_break,warm,basic,13,1
xor_break,warm,basic,14,1
xor_break,warm,basic,2,1
xor_break,warm,basic,3,1
xor_break,warm,basic,4,1
xor_break,warm,basic,5,1
xor_break,warm,basic,6,1
xor_break,warm,basic,7,1
xor_break,warm,basic,8,1
xor_break,warm,basic,9,1
xor_throughput,warm,basic,0,1
xor_throughput,warm,basic,10,1
xor_throughput,warm,basic,1,1
xor_throughput,warm,basic,11,1
xor_throughput,warm,basic,12,1
xor_throughput,warm,basic,13,1
xor_throughput,warm,basic,14,1
xor_throughput,warm,basic,2,1
xor_throughput,warm,basic,3,1
xor_throughput,warm,basic,4,1
xor_throughput,warm,basic,5,1
xor_throughput,warm,basic,6,1
xor_throughput,warm,basic,7,1
xor_throughput,warm,basic,8,1
xor_throughput,warm,basic,9,1
